customer_id,churn_probability,predicted_churn,risk_category,actual_churn,contract,internet_service,payment_method,tenure,monthly_charges
7590-VHVEG,0.7867,Yes,High,No,Month-to-month,DSL,Electronic check,1,29.85
5575-GNVDE,0.1155,No,Low,No,One year,DSL,Mailed check,34,56.95
3668-QPYBK,0.5819,Yes,Medium,Yes,Month-to-month,DSL,Mailed check,2,53.85
7795-CFOCW,0.1413,No,Low,No,One year,DSL,Bank transfer (automatic),45,42.3
9237-HQITU,0.8169,Yes,High,Yes,Month-to-month,Fiber optic,Electronic check,2,70.7
9305-CDSKC,0.9162,Yes,High,Yes,Month-to-month,Fiber optic,Electronic check,8,99.65
1452-KIOVK,0.6759,Yes,Medium,No,Month-to-month,Fiber optic,Credit card (automatic),22,89.1
6713-OKOMC,0.4756,No,Medium,No,Month-to-month,DSL,Mailed check,10,29.75
7892-POOKP,0.6914,Yes,Medium,Yes,Month-to-month,Fiber optic,Electronic check,28,104.8
6388-TABGU,0.1019,No,Low,No,One year,DSL,Bank transfer (automatic),62,56.15
9763-GRSKD,0.4207,No,Medium,No,Month-to-month,DSL,Mailed check,13,49.95
7469-LKBCI,0.0415,No,Low,No,Two year,No,Credit card (automatic),16,18.95
8091-TTVAX,0.4061,No,Medium,No,One year,Fiber optic,Credit card (automatic),58,100.35
0280-XJGEX,0.6531,Yes,Medium,Yes,Month-to-month,Fiber optic,Bank transfer (automatic),49,103.7
5129-JLPIS,0.5866,Yes,Medium,No,Month-to-month,Fiber optic,Electronic check,25,105.5
3655-SNQYZ,0.1476,No,Low,No,Two year,Fiber optic,Credit card (automatic),69,113.25
8191-XWSZG,0.0692,No,Low,No,One year,No,Mailed check,52,20.65
9959-WOFKT,0.2061,No,Low,No,Two year,Fiber optic,Bank transfer (automatic),71,106.7
4190-MFLUW,0.4502,No,Medium,Yes,Month-to-month,DSL,Credit card (automatic),10,55.2
4183-MYFRB,0.6907,Yes,Medium,No,Month-to-month,Fiber optic,Electronic check,21,90.05
8779-QRDMV,0.8321,Yes,High,Yes,Month-to-month,DSL,Electronic check,1,39.65
1680-VDCWW,0.1736,No,Low,No,One year,No,Bank transfer (automatic),12,19.8
1066-JKSGK,0.5814,Yes,Medium,Yes,Month-to-month,No,Mailed check,1,20.15
3638-WEABW,0.0559,No,Low,No,Two year,DSL,Credit card (automatic),58,59.9
6322-HRPFA,0.191,No,Low,No,Month-to-month,DSL,Credit card (automatic),49,59.6
6865-JZNKO,0.2772,No,Low,No,Month-to-month,DSL,Bank transfer (automatic),30,55.3
6467-CHFZW,0.7274,Yes,High,Yes,Month-to-month,Fiber optic,Electronic check,47,99.35
8665-UTDHZ,0.6985,Yes,Medium,Yes,Month-to-month,DSL,Electronic check,1,30.2
5248-YGIJN,0.0199,No,Low,No,Two year,DSL,Credit card (automatic),72,90.25
8773-HHUOZ,0.3807,No,Low,Yes,Month-to-month,DSL,Mailed check,17,64.7
3841-NFECX,0.1069,No,Low,No,Two year,Fiber optic,Credit card (automatic),71,96.35
4929-XIHVW,0.872,Yes,High,No,Month-to-month,Fiber optic,Credit card (automatic),2,95.5
6827-IEAUQ,0.1718,No,Low,No,One year,DSL,Mailed check,27,66.15
7310-EGVHZ,0.5299,Yes,Medium,No,Month-to-month,No,Bank transfer (automatic),1,20.2
3413-BMNZE,0.77,Yes,High,No,Month-to-month,DSL,Bank transfer (automatic),1,45.25
6234-RAAPL,0.1302,No,Low,No,Two year,Fiber optic,Bank transfer (automatic),72,99.9
6047-YHPVI,0.773,Yes,High,Yes,Month-to-month,Fiber optic,Electronic check,5,69.7
6572-ADKRS,0.5014,Yes,Medium,No,Month-to-month,Fiber optic,Credit card (automatic),46,74.8
5380-WJKOV,0.7559,Yes,High,Yes,Month-to-month,Fiber optic,Electronic check,34,106.35
8168-UQWWF,0.8731,Yes,High,Yes,Month-to-month,Fiber optic,Bank transfer (automatic),11,97.85
8865-TNMNX,0.3234,No,Low,No,One year,DSL,Mailed check,10,49.55
9489-DEDVP,0.1161,No,Low,No,Two year,DSL,Credit card (automatic),70,69.2
9867-JCZSP,0.065,No,Low,No,One year,No,Mailed check,17,20.75
4671-VJLCL,0.0879,No,Low,No,Two year,DSL,Credit card (automatic),63,79.85
4080-IIARD,0.4203,No,Medium,No,Month-to-month,DSL,Electronic check,13,76.2
3714-NTNFO,0.5941,Yes,Medium,No,Month-to-month,Fiber optic,Electronic check,49,84.5
5948-UJZLF,0.6815,Yes,Medium,No,Month-to-month,DSL,Mailed check,2,49.25
7760-OYPDY,0.871,Yes,High,Yes,Month-to-month,Fiber optic,Electronic check,2,80.65
7639-LIAYI,0.0972,No,Low,No,Two year,DSL,Credit card (automatic),52,79.75
2954-PIBKO,0.0805,No,Low,No,Two year,DSL,Credit card (automatic),69,64.15
8012-SOUDQ,0.6759,Yes,Medium,No,Month-to-month,Fiber optic,Electronic check,43,90.25
9420-LOJKX,0.7004,Yes,High,Yes,Month-to-month,Fiber optic,Credit card (automatic),15,99.1
6575-SUVOI,0.3186,No,Low,No,Month-to-month,DSL,Credit card (automatic),25,69.5
7495-OOKFY,0.8139,Yes,High,Yes,Month-to-month,Fiber optic,Credit card (automatic),8,80.65
4667-QONEA,0.1178,No,Low,No,One year,DSL,Credit card (automatic),60,74.85
1658-BYGOY,0.8123,Yes,High,Yes,Month-to-month,Fiber optic,Electronic check,18,95.45
8769-KKTPH,0.3146,No,Low,No,One year,Fiber optic,Credit card (automatic),63,99.65
5067-XJQFU,0.4221,No,Medium,No,One year,Fiber optic,Electronic check,66,108.45
3957-SQXML,0.0695,No,Low,No,Two year,No,Credit card (automatic),34,24.95
5954-BDFSG,0.226,No,Low,No,Two year,Fiber optic,Credit card (automatic),72,107.5
0434-CSFON,0.7443,Yes,High,No,Month-to-month,Fiber optic,Electronic check,47,100.5
1215-FIGMP,0.4711,No,Medium,No,Month-to-month,Fiber optic,Bank transfer (automatic),60,89.9
0526-SXDJP,0.0883,No,Low,No,Two year,DSL,Bank transfer (automatic),72,42.1
0557-ASKVU,0.2779,No,Low,No,One year,DSL,Credit card (automatic),18,54.4
5698-BQJOH,0.8844,Yes,High,Yes,Month-to-month,Fiber optic,Electronic check,9,94.4
5122-CYFXA,0.6078,Yes,Medium,No,Month-to-month,DSL,Electronic check,3,75.3
8627-ZYGSZ,0.3618,No,Low,No,One year,Fiber optic,Electronic check,47,78.9
3410-YOQBQ,0.1187,No,Low,No,Two year,DSL,Mailed check,31,79.2
3170-NMYVV,0.0475,No,Low,No,Two year,No,Bank transfer (automatic),50,20.15
7410-OIEDU,0.658,Yes,Medium,No,Month-to-month,Fiber optic,Mailed check,10,79.85
2273-QCKXA,0.639,Yes,Medium,No,Month-to-month,DSL,Mailed check,1,49.05
0731-EBJQB,0.0694,No,Low,No,One year,No,Electronic check,52,20.4
1891-QRQSA,0.2765,No,Low,No,Two year,Fiber optic,Bank transfer (automatic),64,111.6
8028-PNXHQ,0.0082,No,Low,No,Two year,No,Bank transfer (automatic),62,24.25
5630-AHZIL,0.5079,Yes,Medium,No,Month-to-month,DSL,Bank transfer (automatic),3,64.5
2673-CXQEU,0.4626,No,Medium,No,One year,Fiber optic,Electronic check,56,110.5
6416-JNVRK,0.2836,No,Low,No,One year,DSL,Credit card (automatic),46,55.65
5590-ZSKRV,0.3685,No,Low,No,Month-to-month,DSL,Mailed check,8,54.65
0191-ZHSKZ,0.3986,No,Low,No,Month-to-month,DSL,Electronic check,30,74.75
3887-PBQAO,0.0973,No,Low,No,One year,No,Credit card (automatic),45,25.9
5919-TMRGD,0.9243,Yes,High,Yes,Month-to-month,Fiber optic,Electronic check,1,79.35
8108-UXRQN,0.5268,Yes,Medium,No,Month-to-month,DSL,Electronic check,11,50.55
9191-MYQKX,0.7978,Yes,High,Yes,Month-to-month,Fiber optic,Bank transfer (automatic),7,75.15
9919-YLNNG,0.5689,Yes,Medium,No,Month-to-month,Fiber optic,Bank transfer (automatic),42,103.8
0318-ZOPWS,0.0387,No,Low,No,Two year,No,Bank transfer (automatic),49,20.15
4445-ZJNMU,0.8825,Yes,High,No,Month-to-month,Fiber optic,Credit card (automatic),9,99.3
4808-YNLEU,0.1548,No,Low,No,One year,DSL,Bank transfer (automatic),35,62.15
1862-QRWPE,0.0234,No,Low,No,Two year,No,Bank transfer (automatic),48,20.65
2796-NNUFI,0.0195,No,Low,No,Two year,No,Mailed check,46,19.95
3016-KSVCP,0.3998,No,Low,No,Month-to-month,DSL,Mailed check,29,33.75
4767-HZZHQ,0.5198,Yes,Medium,No,Month-to-month,Fiber optic,Bank transfer (automatic),30,82.05
2424-WVHPL,0.8115,Yes,High,No,Month-to-month,Fiber optic,Electronic check,1,74.7
7233-PAHHL,0.0662,No,Low,No,Two year,DSL,Mailed check,66,84.0
6067-NGCEU,0.4149,No,Medium,No,Month-to-month,Fiber optic,Credit card (automatic),65,111.05
9848-JQJTX,0.2697,No,Low,No,Two year,Fiber optic,Bank transfer (automatic),72,100.9
8637-XJIVR,0.6962,Yes,Medium,Yes,Month-to-month,Fiber optic,Electronic check,12,78.95
9803-FTJCG,0.0857,No,Low,No,One year,DSL,Credit card (automatic),71,66.85
0278-YXOOG,0.2286,No,Low,Yes,Month-to-month,No,Mailed check,5,21.05
3212-KXOCR,0.0362,No,Low,No,Two year,No,Bank transfer (automatic),52,21.0
4598-XLKNJ,0.7311,Yes,High,Yes,Month-to-month,Fiber optic,Electronic check,25,98.5
6380-ARCEH,0.5917,Yes,Medium,No,Month-to-month,No,Mailed check,1,20.2
3679-XASPY,0.4777,No,Medium,No,Month-to-month,No,Electronic check,1,19.45
7123-WQUHX,0.3186,No,Low,No,One year,Fiber optic,Bank transfer (automatic),38,95.0
5386-THSLQ,0.1803,No,Low,No,One year,DSL,Bank transfer (automatic),66,45.55
3192-NQECA,0.2558,No,Low,Yes,Two year,Fiber optic,Bank transfer (automatic),68,110.0
6180-YBIQI,0.6496,Yes,Medium,No,Month-to-month,DSL,Mailed check,5,24.3
6728-DKUCO,0.3345,No,Low,No,One year,Fiber optic,Electronic check,72,104.15
9750-BOOHV,0.1856,No,Low,No,One year,DSL,Mailed check,32,30.15
8597-CWYHH,0.4062,No,Medium,No,One year,Fiber optic,Mailed check,43,94.35
2848-YXSMW,0.0245,No,Low,No,Two year,No,Credit card (automatic),72,19.4
0486-HECZI,0.5074,Yes,Medium,Yes,Month-to-month,Fiber optic,Electronic check,55,96.75
4549-ZDQYY,0.1097,No,Low,No,One year,DSL,Credit card (automatic),52,57.95
5712-AHQNN,0.6109,Yes,Medium,No,Month-to-month,Fiber optic,Electronic check,43,91.65
4846-WHAFZ,0.7464,Yes,High,Yes,Month-to-month,Fiber optic,Electronic check,37,76.5
5256-SKJGO,0.1563,No,Low,No,Two year,DSL,Electronic check,64,54.6
3071-VBYPO,0.7137,Yes,High,No,Month-to-month,Fiber optic,Electronic check,3,89.85
9560-BBZXK,0.15,No,Low,No,Two year,DSL,Bank transfer (automatic),36,31.05
5299-RULOA,0.827,Yes,High,Yes,Month-to-month,Fiber optic,Electronic check,10,100.25
8402-OOOHJ,0.0164,No,Low,No,Two year,No,Mailed check,41,20.65
9445-ZUEQE,0.4821,No,Medium,No,Month-to-month,Fiber optic,Credit card (automatic),27,85.2
1091-SOZGA,0.4045,No,Medium,No,One year,Fiber optic,Credit card (automatic),56,99.8
2928-HLDBA,0.2848,No,Low,No,Month-to-month,No,Mailed check,6,20.7
0404-SWRVG,0.8683,Yes,High,Yes,Month-to-month,Fiber optic,Electronic check,3,74.4
6497-TILVL,0.4244,No,Medium,No,Month-to-month,DSL,Mailed check,7,50.7
7219-TLZHO,0.277,No,Low,No,Month-to-month,No,Mailed check,4,20.85
4622-YNKIJ,0.2698,No,Low,No,Two year,Fiber optic,Electronic check,33,88.95
4412-YLTKF,0.7377,Yes,High,Yes,Month-to-month,Fiber optic,Electronic check,27,78.05
6734-PSBAW,0.0223,No,Low,No,Two year,No,Bank transfer (automatic),72,23.55
3930-ZGWVE,0.5745,Yes,Medium,No,Month-to-month,No,Mailed check,1,19.75
2639-UGMAZ,0.2548,No,Low,No,One year,DSL,Electronic check,71,56.45
2876-GZYZC,0.8136,Yes,High,No,Month-to-month,Fiber optic,Electronic check,13,85.95
6207-WIOLX,0.3377,No,Low,Yes,Month-to-month,DSL,Credit card (automatic),25,58.6
8587-XYZSF,0.1061,No,Low,No,Two year,DSL,Bank transfer (automatic),67,50.55
3091-FYHKI,0.841,Yes,High,Yes,Month-to-month,DSL,Electronic check,1,35.45
2372-HWUHI,0.727,Yes,High,Yes,Month-to-month,DSL,Electronic check,2,44.35
7799-LGRDP,0.0748,No,Low,No,Two year,No,Credit card (automatic),43,25.7
7850-VWJUU,0.5474,Yes,Medium,No,Month-to-month,Fiber optic,Bank transfer (automatic),23,75.0
3774-VBNXY,0.0104,No,Low,No,Two year,No,Mailed check,64,20.2
6217-KDYWC,0.0216,No,Low,No,Two year,No,Mailed check,57,19.6
0390-DCFDQ,0.8722,Yes,High,Yes,Month-to-month,Fiber optic,Mailed check,1,70.45
3146-MSEGF,0.0684,No,Low,No,Two year,DSL,Credit card (automatic),72,88.05
4080-OGPJL,0.4751,No,Medium,Yes,Month-to-month,DSL,Electronic check,8,71.15
1095-WGNGG,0.3332,No,Low,No,Two year,Fiber optic,Bank transfer (automatic),61,101.05
2636-SJDOU,0.1809,No,Low,No,One year,Fiber optic,Credit card (automatic),64,84.3
1131-QQZEB,0.0123,No,Low,No,Two year,No,Bank transfer (automatic),71,23.95
5716-EZXZN,0.1558,No,Low,No,Two year,Fiber optic,Credit card (automatic),65,99.05
6837-BJYDQ,0.1823,No,Low,No,One year,No,Mailed check,3,19.6
2135-RXIHG,0.8045,Yes,High,Yes,Month-to-month,DSL,Electronic check,1,45.65
6440-DKQGE,0.1587,No,Low,No,One year,DSL,Credit card (automatic),30,64.5
3466-BYAVD,0.3377,No,Low,No,Month-to-month,DSL,Mailed check,15,69.5
3780-YVMFA,0.5214,Yes,Medium,No,Month-to-month,DSL,Electronic check,8,68.55
3874-EQOEP,0.8455,Yes,High,Yes,Month-to-month,Fiber optic,Mailed check,7,95.0
1679-JRFBR,0.3279,No,Low,No,One year,Fiber optic,Credit card (automatic),70,108.15
9073-ZZIAY,0.0782,No,Low,No,Two year,DSL,Electronic check,62,86.1
3077-RSNTJ,0.2548,No,Low,No,Month-to-month,No,Mailed check,6,19.7
6551-GNYDG,0.7742,Yes,High,No,Month-to-month,Fiber optic,Bank transfer (automatic),14,80.9
9167-APMXZ,0.6342,Yes,Medium,No,Month-to-month,Fiber optic,Bank transfer (automatic),22,84.15
2749-CTKAJ,0.0428,No,Low,No,One year,No,Mailed check,22,20.15
6371-NZYEG,0.1613,No,Low,No,Two year,DSL,Mailed check,16,64.25
7554-NEWDD,0.1005,No,Low,No,Two year,No,Bank transfer (automatic),10,25.7
8992-VONJD,0.4329,No,Medium,No,Month-to-month,DSL,Electronic check,13,56.0
0867-MKZVY,0.6438,Yes,Medium,Yes,Month-to-month,Fiber optic,Electronic check,20,82.4
4482-EWFMI,0.8377,Yes,High,No,Month-to-month,Fiber optic,Electronic check,2,69.7
4648-YPBTM,0.0461,No,Low,No,Two year,DSL,Bank transfer (automatic),53,73.9
2907-ILJBN,0.0902,No,Low,No,One year,No,Mailed check,11,20.6
6345-FZOQH,0.012,No,Low,No,Two year,No,Mailed check,69,19.9
3376-BMGFE,0.7646,Yes,High,Yes,Month-to-month,Fiber optic,Bank transfer (automatic),4,70.9
5997-OPVFA,0.0148,No,Low,No,Two year,DSL,Bank transfer (automatic),72,89.05
3445-HXXGF,0.4347,No,Medium,Yes,Month-to-month,DSL,Electronic check,58,45.3
1159-WFSGR,0.208,No,Low,No,Month-to-month,No,Electronic check,16,20.4
7654-YWJUF,0.2156,No,Low,No,One year,Fiber optic,Bank transfer (automatic),43,84.25
1875-QIVME,0.8332,Yes,High,Yes,Month-to-month,Fiber optic,Electronic check,2,104.4
6727-IOTLZ,0.2115,No,Low,No,Two year,DSL,Mailed check,14,81.95
0691-JVSYA,0.3382,No,Low,Yes,One year,Fiber optic,Bank transfer (automatic),53,94.85
5918-VUKWP,0.0321,No,Low,No,One year,No,Bank transfer (automatic),32,20.55
1744-JHKYS,0.1709,No,Low,No,Month-to-month,No,Electronic check,34,24.7
2656-FMOKZ,0.7356,Yes,High,Yes,Month-to-month,Fiber optic,Mailed check,15,74.45
2070-FNEXE,0.7218,Yes,High,Yes,Month-to-month,Fiber optic,Bank transfer (automatic),7,76.45
5947-SGKCL,0.7992,Yes,High,No,Month-to-month,Fiber optic,Bank transfer (automatic),15,105.35
3712-PKXZA,0.0314,No,Low,No,One year,No,Credit card (automatic),61,20.55
6317-YPKDH,0.6868,Yes,Medium,Yes,Month-to-month,DSL,Bank transfer (automatic),1,29.95
6582-OIVSP,0.7638,Yes,High,No,Month-to-month,DSL,Mailed check,1,45.3
9367-WXLCH,0.8506,Yes,High,Yes,Month-to-month,Fiber optic,Bank transfer (automatic),8,84.5
5524-KHNJP,0.219,No,Low,No,One year,DSL,Credit card (automatic),33,74.75
1918-ZBFQJ,0.7319,Yes,High,Yes,Month-to-month,Fiber optic,Electronic check,13,79.25
1024-GUALD,0.7835,Yes,High,Yes,Month-to-month,DSL,Electronic check,1,24.8
4827-USJHP,0.4098,No,Medium,No,Month-to-month,DSL,Mailed check,20,51.8
8167-GJLRN,0.7031,Yes,High,No,Month-to-month,DSL,Electronic check,3,30.4
0956-SYCWG,0.1028,No,Low,No,One year,No,Electronic check,13,19.65
8017-UVSZU,0.2749,No,Low,No,Month-to-month,DSL,Credit card (automatic),40,56.6
7100-FQPRV,0.2251,No,Low,No,One year,DSL,Credit card (automatic),43,71.9
2472-OVKUP,0.8273,Yes,High,Yes,Month-to-month,Fiber optic,Electronic check,6,91.0
2984-RGEYA,0.0173,No,Low,No,Two year,No,Bank transfer (automatic),69,19.75
9680-NIAUV,0.1079,No,Low,No,Two year,Fiber optic,Credit card (automatic),72,109.7
2146-EGVDT,0.0147,No,Low,No,Two year,No,Credit card (automatic),59,19.3
2604-IJPDU,0.6026,Yes,Medium,No,Month-to-month,Fiber optic,Electronic check,20,96.55
9178-JHUVJ,0.0452,No,Low,No,Two year,No,Bank transfer (automatic),24,24.1
6168-YBYNP,0.5434,Yes,Medium,No,Month-to-month,Fiber optic,Electronic check,59,111.35
7255-SSFBC,0.2117,No,Low,No,Two year,Fiber optic,Bank transfer (automatic),72,112.25
3645-DEYGF,0.4946,No,Medium,No,Month-to-month,No,Mailed check,1,20.75
9323-HGFWY,0.4521,No,Medium,No,One year,Fiber optic,Credit card (automatic),27,101.9
8544-GOQSH,0.5906,Yes,Medium,No,Month-to-month,Fiber optic,Credit card (automatic),14,80.05
3363-DTIVD,0.2236,No,Low,No,Two year,Fiber optic,Electronic check,71,105.55
7018-WBJNK,0.7028,Yes,High,No,Month-to-month,Fiber optic,Credit card (automatic),13,78.3
9142-KZXOP,0.474,No,Medium,No,Month-to-month,Fiber optic,Credit card (automatic),44,68.85
7674-YTAFD,0.2956,No,Low,No,One year,Fiber optic,Bank transfer (automatic),33,79.95
6348-SNFUS,0.0313,No,Low,No,Two year,DSL,Credit card (automatic),72,55.45
1285-OKIPP,0.9013,Yes,High,Yes,Month-to-month,Fiber optic,Electronic check,1,79.9
7825-ECJRF,0.6141,Yes,Medium,Yes,Month-to-month,Fiber optic,Electronic check,19,106.6
1347-KTTTA,0.3373,No,Low,No,One year,Fiber optic,Credit card (automatic),64,102.45
7841-TZDMQ,0.749,Yes,High,Yes,Month-to-month,DSL,Credit card (automatic),2,46.0
4195-NZGTA,0.788,Yes,High,No,Month-to-month,DSL,Electronic check,1,25.25
7157-SMCFK,0.0495,No,Low,No,Two year,No,Mailed check,61,19.75
4709-LKHYG,0.0533,No,Low,No,One year,No,Electronic check,29,20.0
2504-DSHIH,0.699,Yes,Medium,No,Month-to-month,Fiber optic,Electronic check,23,86.8
0699-NDKJM,0.3001,No,Low,No,Month-to-month,DSL,Bank transfer (automatic),57,58.75
9286-BHDQG,0.0718,No,Low,No,Two year,DSL,Credit card (automatic),72,45.25
0230-WEQUW,0.0334,No,Low,No,Two year,DSL,Bank transfer (automatic),66,56.6
2040-LDIWQ,0.0693,No,Low,No,Two year,DSL,Bank transfer (automatic),65,84.2
6496-JDSSB,0.8454,Yes,High,No,Month-to-month,Fiber optic,Bank transfer (automatic),8,80.0
9408-SSNVZ,0.7763,Yes,High,Yes,Month-to-month,Fiber optic,Electronic check,4,70.15
4443-EMBNA,0.0109,No,Low,No,Two year,No,Bank transfer (automatic),71,24.75
6469-MRVET,0.3156,No,Low,No,One year,No,Electronic check,1,20.2
0742-MOABM,0.5725,Yes,Medium,Yes,Month-to-month,DSL,Mailed check,4,50.05
5961-VUSRV,0.1535,No,Low,No,One year,No,Bank transfer (automatic),12,19.35
6778-JFCMK,0.2509,No,Low,No,One year,DSL,Mailed check,24,50.6
6341-JVQGF,0.2431,No,Low,No,One year,DSL,Mailed check,31,81.15
2232-DMLXU,0.7097,Yes,High,Yes,Month-to-month,DSL,Mailed check,1,55.2
4811-JBUVU,0.5516,Yes,Medium,No,Month-to-month,Fiber optic,Credit card (automatic),30,89.9
0945-TSONX,0.103,No,Low,No,Two year,DSL,Credit card (automatic),47,85.3
2651-ZCBXV,0.2712,No,Low,No,Two year,Fiber optic,Credit card (automatic),54,108.0
3316-UWXUY,0.3223,No,Low,No,Month-to-month,Fiber optic,Credit card (automatic),50,93.5
8937-RDTHP,0.75,Yes,High,Yes,Month-to-month,Fiber optic,Mailed check,1,84.6
7083-MIOPC,0.0096,No,Low,No,Two year,No,Credit card (automatic),72,20.25
1984-GPTEH,0.1567,No,Low,No,Month-to-month,No,Electronic check,29,25.15
1251-KRREG,0.643,Yes,Medium,Yes,Month-to-month,DSL,Mailed check,2,54.4
0621-JFHOL,0.2986,No,Low,No,Two year,DSL,Mailed check,10,29.6
9903-LYSAB,0.7211,Yes,High,No,Month-to-month,Fiber optic,Electronic check,18,73.15
0094-OIFMO,0.8596,Yes,High,Yes,Month-to-month,Fiber optic,Electronic check,11,95.0
9227-UAQFT,0.037,No,Low,No,Two year,No,Mailed check,16,19.75
7301-ABVAD,0.0488,No,Low,No,Two year,DSL,Bank transfer (automatic),72,86.6
6614-FHDBO,0.2419,No,Low,No,Two year,Fiber optic,Bank transfer (automatic),72,109.2
7576-ASEJU,0.2481,No,Low,No,One year,DSL,Credit card (automatic),41,74.7
9058-HRZSV,0.3864,No,Low,No,Month-to-month,Fiber optic,Electronic check,65,94.4
4522-AKYLR,0.4783,No,Medium,No,Month-to-month,DSL,Electronic check,13,54.8
0221-WMXNQ,0.6914,Yes,Medium,No,Month-to-month,Fiber optic,Electronic check,4,75.35
0303-UNCIP,0.2499,No,Low,No,One year,DSL,Mailed check,41,65.0
9947-OTFQU,0.7439,Yes,High,Yes,Month-to-month,Fiber optic,Electronic check,15,74.4
0322-YINQP,0.6383,Yes,Medium,Yes,Month-to-month,DSL,Mailed check,1,48.55
0959-WHOKV,0.3872,No,Low,No,One year,Fiber optic,Electronic check,42,99.0
4075-JFPGR,0.3191,No,Low,No,One year,Fiber optic,Electronic check,51,93.5
4629-NRXKX,0.7812,Yes,High,Yes,Month-to-month,Fiber optic,Electronic check,2,70.4
9514-JDSKI,0.7315,Yes,High,Yes,Month-to-month,DSL,Electronic check,1,40.2
3282-ZISZV,0.2504,No,Low,No,One year,DSL,Credit card (automatic),32,83.7
3675-YDUPJ,0.3065,No,Low,No,Month-to-month,No,Mailed check,10,19.85
4111-BNXIF,0.0864,No,Low,No,Two year,DSL,Electronic check,67,59.55
7017-VFHAY,0.1749,No,Low,No,Two year,Fiber optic,Credit card (automatic),61,115.1
6655-LHBYW,0.4016,No,Medium,No,One year,Fiber optic,Credit card (automatic),50,114.35
4959-JOSRX,0.7326,Yes,High,Yes,Month-to-month,DSL,Credit card (automatic),2,44.6
5046-NUHWD,0.4768,No,Medium,No,Month-to-month,DSL,Electronic check,29,45.0
7273-TEFQD,0.8031,Yes,High,Yes,Month-to-month,DSL,Electronic check,3,41.15
3606-TWKGI,0.8074,Yes,High,Yes,Month-to-month,Fiber optic,Electronic check,13,106.9
7529-ZDFXI,0.5842,Yes,Medium,No,Month-to-month,Fiber optic,Electronic check,57,89.85
7605-BDWDC,0.0779,No,Low,No,Two year,DSL,Bank transfer (automatic),31,49.85
1950-KSVVJ,0.4051,No,Medium,No,One year,Fiber optic,Mailed check,45,113.3
0123-CRBRT,0.0333,No,Low,No,Two year,DSL,Mailed check,61,88.1
6292-TOSSS,0.0567,No,Low,No,Two year,No,Bank transfer (automatic),50,24.9
3197-ARFOY,0.5667,Yes,Medium,No,Month-to-month,Fiber optic,Mailed check,19,105.0
6323-AYBRX,0.0254,No,Low,Yes,Two year,No,Mailed check,59,19.35
7014-ZZXAW,0.0224,No,Low,No,Two year,No,Credit card (automatic),71,24.25
4385-GZQXV,0.6947,Yes,Medium,Yes,Month-to-month,Fiber optic,Electronic check,16,94.45
7633-MVPUY,0.12,No,Low,No,Two year,DSL,Electronic check,57,59.75
6366-ZGQGL,0.7205,Yes,High,Yes,Month-to-month,DSL,Bank transfer (automatic),1,24.8
4716-HHKQH,0.7173,Yes,High,No,Month-to-month,Fiber optic,Electronic check,20,107.05
5940-AHUHD,0.8748,Yes,High,Yes,Month-to-month,Fiber optic,Mailed check,1,70.6
6432-TWQLB,0.7698,Yes,High,Yes,Month-to-month,Fiber optic,Electronic check,5,85.4
4484-GLZOU,0.7066,Yes,High,Yes,Month-to-month,Fiber optic,Electronic check,52,105.05
3179-GBRWV,0.3253,No,Low,No,Month-to-month,DSL,Bank transfer (automatic),21,64.95
8645-KWHJO,0.5442,Yes,Medium,No,Month-to-month,DSL,Electronic check,14,55.0
4130-MZLCC,0.6033,Yes,Medium,No,Month-to-month,DSL,Bank transfer (automatic),5,50.55
0314-TKOSI,0.4368,No,Medium,No,Month-to-month,DSL,Mailed check,6,55.15
8229-MYEJZ,0.4594,No,Medium,No,Month-to-month,DSL,Electronic check,10,51.2
2080-SRCDE,0.4181,No,Medium,No,Month-to-month,No,Mailed check,1,25.4
9577-WJVCQ,0.2147,No,Low,No,Month-to-month,DSL,Mailed check,68,54.45
9512-UIBFX,0.6547,Yes,Medium,Yes,Month-to-month,Fiber optic,Mailed check,18,95.15
6202-DYYFX,0.3645,No,Low,No,One year,Fiber optic,Credit card (automatic),22,76.0
3808-HFKDE,0.5366,Yes,Medium,No,Month-to-month,DSL,Electronic check,20,44.35
5583-SXDAG,0.8956,Yes,High,Yes,Month-to-month,Fiber optic,Electronic check,1,70.0
3488-PGMQJ,0.7611,Yes,High,Yes,Month-to-month,Fiber optic,Electronic check,8,74.5
3580-REOAC,0.5055,Yes,Medium,Yes,Month-to-month,DSL,Credit card (automatic),10,44.85
7534-BFESC,0.7087,Yes,High,Yes,Month-to-month,Fiber optic,Electronic check,24,76.1
3727-OWVYD,0.1274,No,Low,No,One year,DSL,Mailed check,35,61.2
2294-SALNE,0.2997,No,Low,No,One year,Fiber optic,Mailed check,23,86.8
4847-TAJYI,0.8784,Yes,High,No,Month-to-month,Fiber optic,Electronic check,6,89.35
1563-IWQEX,0.2667,No,Low,No,Month-to-month,No,Mailed check,12,19.7
8203-XJZRC,0.5191,Yes,Medium,No,Month-to-month,No,Mailed check,1,20.25
6556-DBKZF,0.26,No,Low,No,Two year,Fiber optic,Electronic check,71,76.05
6851-WEFYX,0.7479,Yes,High,No,Month-to-month,Fiber optic,Electronic check,35,100.8
2985-JUUBZ,0.4385,No,Medium,No,Month-to-month,DSL,Electronic check,40,74.55
6390-DSAZX,0.7263,Yes,High,Yes,Month-to-month,Fiber optic,Mailed check,1,73.6
0895-LMRSF,0.3315,No,Low,No,One year,DSL,Bank transfer (automatic),23,64.9
8098-LLAZX,0.9268,Yes,High,Yes,Month-to-month,Fiber optic,Electronic check,4,95.45
8266-VBFQL,0.8086,Yes,High,No,Month-to-month,Fiber optic,Electronic check,4,90.4
8181-YHCMF,0.0444,No,Low,No,Two year,DSL,Credit card (automatic),68,60.3
2240-HSJQD,0.5584,Yes,Medium,No,Month-to-month,Fiber optic,Mailed check,38,81.85
1248-DYXUB,0.0342,No,Low,No,Two year,No,Mailed check,52,24.8
0265-EDXBD,0.6916,Yes,Medium,Yes,Month-to-month,Fiber optic,Electronic check,32,74.9
4115-BNPJY,0.1195,No,Low,No,Two year,DSL,Mailed check,29,75.55
3167-SNQPL,0.6809,Yes,Medium,No,Month-to-month,Fiber optic,Electronic check,38,101.15
4091-TVOCN,0.1997,No,Low,No,One year,DSL,Credit card (automatic),48,78.75
1098-TDVUQ,0.5608,Yes,Medium,No,Month-to-month,No,Bank transfer (automatic),1,19.25
7277-OZCGZ,0.5876,Yes,Medium,No,Month-to-month,Fiber optic,Electronic check,22,89.05
1557-EMYVT,0.2312,No,Low,No,Two year,Fiber optic,Credit card (automatic),43,115.05
2799-ARNLO,0.7586,Yes,High,No,Month-to-month,Fiber optic,Electronic check,5,69.35
7563-BIUPC,0.8343,Yes,High,Yes,Month-to-month,Fiber optic,Electronic check,5,80.6
5027-YOCXN,0.4325,No,Medium,No,One year,Fiber optic,Credit card (automatic),51,110.05
3973-SKMLN,0.0157,No,Low,No,Two year,No,Credit card (automatic),71,19.9
2321-OMBXY,0.2401,No,Low,Yes,One year,DSL,Credit card (automatic),38,80.3
2840-XANRC,0.7385,Yes,High,Yes,Month-to-month,Fiber optic,Electronic check,24,93.15
6745-JEFZB,0.5242,Yes,Medium,No,Month-to-month,Fiber optic,Credit card (automatic),35,91.5
5020-ZSTTY,0.148,No,Low,Yes,One year,DSL,Bank transfer (automatic),54,82.45
9880-TDQAC,0.1039,No,Low,No,Two year,DSL,Electronic check,72,60.0
8705-WZCYL,0.768,Yes,High,No,Month-to-month,DSL,Electronic check,1,44.8
7102-JJVTX,0.2737,No,Low,No,One year,DSL,Mailed check,9,48.6
8626-PTQGE,0.0531,No,Low,No,Two year,DSL,Bank transfer (automatic),69,60.05
4983-CLMLV,0.4909,No,Medium,No,Month-to-month,Fiber optic,Credit card (automatic),52,102.7
5701-YVSVF,0.7757,Yes,High,No,Month-to-month,Fiber optic,Electronic check,11,82.9
5804-LEPIM,0.8062,Yes,High,Yes,Month-to-month,Fiber optic,Electronic check,2,70.35
5697-GOMBF,0.5343,Yes,Medium,No,Month-to-month,DSL,Electronic check,28,35.9
2739-CACDQ,0.7058,Yes,High,No,Month-to-month,Fiber optic,Credit card (automatic),17,82.65
9385-EHGDO,0.0321,No,Low,No,Two year,No,Mailed check,35,19.85
9498-FIMXL,0.1483,No,Low,No,One year,No,Mailed check,8,19.2
2379-GYFLQ,0.3614,No,Low,No,One year,Fiber optic,Credit card (automatic),46,94.9
0122-OAHPZ,0.7756,Yes,High,Yes,Month-to-month,Fiber optic,Electronic check,7,73.85
2868-SNELZ,0.8548,Yes,High,Yes,Month-to-month,Fiber optic,Mailed check,2,80.6
4322-RCYMT,0.1243,No,Low,Yes,One year,DSL,Bank transfer (automatic),68,75.8
6680-NENYN,0.3797,No,Low,Yes,Two year,Fiber optic,Electronic check,43,104.6
2088-IEBAU,0.0614,No,Low,No,Two year,DSL,Electronic check,68,88.15
7982-VCELR,0.6244,Yes,Medium,No,Month-to-month,Fiber optic,Credit card (automatic),36,94.8
1343-EHPYB,0.6553,Yes,Medium,Yes,Month-to-month,Fiber optic,Electronic check,63,103.4
6035-BXTTY,0.2958,No,Low,No,Month-to-month,DSL,Bank transfer (automatic),32,54.65
6885-PKOAM,0.0321,No,Low,No,Two year,DSL,Credit card (automatic),71,85.75
7520-HQWJU,0.211,No,Low,No,Month-to-month,DSL,Bank transfer (automatic),66,67.45
9639-BUJXT,0.0332,No,Low,No,One year,No,Mailed check,63,20.5
5924-SNGKP,0.022,No,Low,No,One year,No,Credit card (automatic),41,20.25
0021-IKXGC,0.9217,Yes,High,No,Month-to-month,Fiber optic,Electronic check,1,72.1
2034-GDRCN,0.9105,Yes,High,Yes,Month-to-month,Fiber optic,Electronic check,2,90.4
8966-SNIZF,0.0358,No,Low,No,Two year,No,Bank transfer (automatic),70,19.45
6243-OZGFH,0.612,Yes,Medium,No,Month-to-month,DSL,Electronic check,23,44.95
4654-DLAMQ,0.2411,No,Low,No,One year,Fiber optic,Bank transfer (automatic),64,97.0
0513-RBGPE,0.1031,No,Low,No,Two year,DSL,Credit card (automatic),37,62.8
5160-UXJED,0.2874,No,Low,No,One year,DSL,Mailed check,17,44.6
4115-NZRKS,0.8625,Yes,High,No,Month-to-month,Fiber optic,Electronic check,7,89.15
0219-YTZUE,0.8567,Yes,High,Yes,Month-to-month,Fiber optic,Bank transfer (automatic),4,84.8
0623-IIHUG,0.5221,Yes,Medium,Yes,Month-to-month,DSL,Electronic check,21,41.9
4572-DVCGN,0.7802,Yes,High,Yes,Month-to-month,Fiber optic,Bank transfer (automatic),10,80.25
3351-NGXYI,0.5174,Yes,Medium,No,Month-to-month,DSL,Electronic check,16,54.1
8984-EYLLL,0.246,No,Low,No,Two year,Fiber optic,Electronic check,64,105.25
9057-MSWCO,0.4034,No,Medium,Yes,Month-to-month,DSL,Credit card (automatic),27,30.75
9833-TGFHX,0.3811,No,Low,No,One year,Fiber optic,Electronic check,42,97.1
9294-TDIPC,0.2049,No,Low,No,Month-to-month,No,Mailed check,5,20.2
5229-DTFYB,0.2749,No,Low,No,Two year,Fiber optic,Bank transfer (automatic),41,98.8
0104-PPXDV,0.1348,No,Low,No,One year,DSL,Credit card (automatic),58,50.3
5176-LMJXE,0.0142,No,Low,No,Two year,No,Mailed check,47,20.55
3583-KRKMD,0.5635,Yes,Medium,No,Month-to-month,Fiber optic,Bank transfer (automatic),18,75.9
1010-DIAUQ,0.8562,Yes,High,Yes,Month-to-month,Fiber optic,Bank transfer (automatic),5,96.5
9069-LGEUL,0.2698,No,Low,No,Month-to-month,DSL,Bank transfer (automatic),23,59.95
7302-ZHMHP,0.545,Yes,Medium,No,Month-to-month,No,Mailed check,1,19.15
9571-EDEBV,0.3397,No,Low,No,One year,Fiber optic,Credit card (automatic),71,98.65
3520-FJGCV,0.0734,No,Low,No,Two year,Fiber optic,Credit card (automatic),72,112.6
6563-VRERX,0.0339,No,Low,No,One year,No,Mailed check,33,20.6
0259-GBZSH,0.9108,Yes,High,Yes,Month-to-month,Fiber optic,Electronic check,2,85.65
6122-EFVKN,0.0969,No,Low,No,Two year,DSL,Mailed check,24,35.75
2805-EDJPQ,0.2865,No,Low,No,One year,Fiber optic,Credit card (automatic),56,99.75
6862-CQUMB,0.5969,Yes,Medium,No,Month-to-month,Fiber optic,Credit card (automatic),37,96.1
7156-MXBJE,0.259,No,Low,No,One year,DSL,Credit card (automatic),43,85.1
6158-HDPXZ,0.7183,Yes,High,No,Month-to-month,DSL,Mailed check,1,25.35
9601-BRXPO,0.6533,Yes,Medium,Yes,Month-to-month,Fiber optic,Bank transfer (automatic),25,104.95
2863-IMQDR,0.058,No,Low,No,Two year,DSL,Electronic check,61,89.65
5686-CMAWK,0.4472,No,Medium,No,One year,Fiber optic,Electronic check,17,86.75
5651-CRHKQ,0.2586,No,Low,No,One year,Fiber optic,Bank transfer (automatic),41,86.2
6905-NIQIN,0.6399,Yes,Medium,Yes,Month-to-month,DSL,Mailed check,1,50.65
8204-YJCLA,0.0513,No,Low,No,Two year,DSL,Bank transfer (automatic),72,64.8
5167-ZFFMM,0.8855,Yes,High,Yes,Month-to-month,Fiber optic,Credit card (automatic),1,90.85
6583-SZVGP,0.3773,No,Low,No,Two year,Fiber optic,Bank transfer (automatic),48,108.1
4895-TMWIR,0.2877,No,Low,Yes,Month-to-month,No,Mailed check,11,19.95
0533-BNWKF,0.4947,No,Medium,Yes,Month-to-month,Fiber optic,Electronic check,55,85.45
1708-PBBOA,0.2199,No,Low,No,One year,DSL,Electronic check,42,54.75
8782-LKFPK,0.5881,Yes,Medium,No,Month-to-month,Fiber optic,Mailed check,44,90.4
5522-JBWMO,0.7287,Yes,High,No,Month-to-month,DSL,Electronic check,1,44.0
3597-MVHJT,0.7052,Yes,High,No,Month-to-month,Fiber optic,Bank transfer (automatic),27,95.6
9774-NRNAU,0.3605,No,Low,No,Month-to-month,DSL,Bank transfer (automatic),27,84.8
0224-RLWWD,0.7934,Yes,High,No,Month-to-month,DSL,Electronic check,2,44.3
9967-ATRFS,0.1582,No,Low,No,Month-to-month,No,Mailed check,19,19.9
3951-NJCVI,0.7181,Yes,High,No,Month-to-month,Fiber optic,Electronic check,42,95.05
2977-CEBSX,0.0415,No,Low,No,Two year,DSL,Credit card (automatic),66,90.05
0177-PXBAT,0.5898,Yes,Medium,No,Month-to-month,Fiber optic,Bank transfer (automatic),33,109.9
6599-CEBNN,0.5453,Yes,Medium,Yes,Month-to-month,Fiber optic,Credit card (automatic),34,73.95
2519-ERQOJ,0.4115,No,Medium,No,Month-to-month,DSL,Electronic check,33,54.6
5876-QMYLD,0.0446,No,Low,No,One year,No,Mailed check,23,20.05
2277-AXSDC,0.0479,No,Low,No,One year,No,Bank transfer (automatic),32,19.75
9442-JTWDL,0.1123,No,Low,No,One year,No,Credit card (automatic),11,20.05
0979-PHULV,0.5142,Yes,Medium,Yes,Month-to-month,Fiber optic,Credit card (automatic),69,99.45
3067-SVMTC,0.0542,No,Low,No,One year,DSL,Bank transfer (automatic),68,55.9
5495-GPSRW,0.0218,No,Low,No,Two year,No,Mailed check,20,19.7
7606-BPHHN,0.0135,No,Low,No,Two year,No,Credit card (automatic),72,19.8
4742-DRORA,0.2536,No,Low,No,One year,Fiber optic,Bank transfer (automatic),60,95.4
0111-KLBQG,0.6403,Yes,Medium,No,Month-to-month,Fiber optic,Mailed check,32,93.95
4800-VHZKI,0.5362,Yes,Medium,Yes,Month-to-month,No,Mailed check,1,19.9
7989-CHGTL,0.598,Yes,Medium,Yes,Month-to-month,No,Mailed check,1,19.6
0334-GDDSO,0.8591,Yes,High,Yes,Month-to-month,Fiber optic,Electronic check,3,81.35
4163-NCJAK,0.0891,No,Low,No,One year,No,Bank transfer (automatic),46,24.45
5233-AOZUF,0.7376,Yes,High,No,Month-to-month,Fiber optic,Electronic check,29,74.95
5973-EJGDP,0.475,No,Medium,No,Month-to-month,Fiber optic,Electronic check,51,87.35
1996-DBMUS,0.5606,Yes,Medium,No,Month-to-month,Fiber optic,Bank transfer (automatic),48,70.65
7916-VCCPB,0.5939,Yes,Medium,No,Month-to-month,Fiber optic,Bank transfer (automatic),16,73.25
4686-GEFRM,0.1596,No,Low,No,Two year,Fiber optic,Bank transfer (automatic),70,98.7
5249-QYHEX,0.0517,No,Low,No,Two year,No,Mailed check,40,24.8
0578-SKVMF,0.6055,Yes,Medium,Yes,Month-to-month,Fiber optic,Electronic check,22,83.3
5564-NEMQO,0.8629,Yes,High,Yes,Month-to-month,Fiber optic,Bank transfer (automatic),1,75.3
2233-FAGXV,0.28,No,Low,No,Month-to-month,No,Mailed check,5,24.3
5605-IYGFG,0.7553,Yes,High,No,Month-to-month,Fiber optic,Bank transfer (automatic),7,69.85
7663-ZTEGJ,0.3768,No,Low,No,One year,Fiber optic,Credit card (automatic),29,100.55
3935-TBRZZ,0.0632,No,Low,No,One year,No,Mailed check,44,25.7
8111-BKVDS,0.4466,No,Medium,No,Month-to-month,DSL,Bank transfer (automatic),10,40.7
2055-SIFSS,0.3245,No,Low,No,Month-to-month,DSL,Bank transfer (automatic),55,51.65
2806-MLNTI,0.4883,No,Medium,No,One year,Fiber optic,Bank transfer (automatic),52,105.1
8734-DKSTZ,0.8366,Yes,High,No,Month-to-month,Fiber optic,Electronic check,10,85.95
4360-PNRQB,0.5686,Yes,Medium,No,Month-to-month,Fiber optic,Bank transfer (automatic),18,75.6
6152-ONASV,0.0616,No,Low,No,One year,DSL,Bank transfer (automatic),68,58.25
9063-ZGTUY,0.1407,No,Low,Yes,Month-to-month,No,Mailed check,61,19.4
7781-HVGMK,0.039,No,Low,No,Two year,DSL,Credit card (automatic),72,65.2
2181-UAESM,0.6019,Yes,Medium,No,Month-to-month,DSL,Electronic check,2,53.45
2957-LOLHO,0.5168,Yes,Medium,Yes,Month-to-month,DSL,Bank transfer (automatic),12,45.4
6048-NJXHX,0.0522,No,Low,No,Two year,No,Electronic check,41,19.75
2320-SLKMB,0.3543,No,Low,No,Month-to-month,DSL,Credit card (automatic),26,44.45
4980-URKXC,0.0706,No,Low,No,One year,No,Bank transfer (automatic),36,20.85
4376-KFVRS,0.0779,No,Low,No,Two year,Fiber optic,Credit card (automatic),72,114.05
5886-VLQVU,0.5618,Yes,Medium,No,Month-to-month,Fiber optic,Bank transfer (automatic),35,89.85
3577-AMVUX,0.6451,Yes,Medium,No,Month-to-month,DSL,Mailed check,1,55.05
0771-WLCLA,0.7389,Yes,High,No,Month-to-month,Fiber optic,Electronic check,16,112.95
5628-RKIFK,0.5775,Yes,Medium,No,Month-to-month,Fiber optic,Credit card (automatic),49,101.55
0206-TBWLC,0.4279,No,Medium,No,One year,Fiber optic,Mailed check,54,114.65
2937-FTHUR,0.4274,No,Medium,No,Month-to-month,DSL,Electronic check,18,64.8
1910-FMXJM,0.672,Yes,Medium,No,Month-to-month,Fiber optic,Electronic check,36,80.4
7752-XUSCI,0.5916,Yes,Medium,Yes,Month-to-month,Fiber optic,Electronic check,60,105.9
4110-PFEUZ,0.8736,Yes,High,Yes,Month-to-month,Fiber optic,Mailed check,1,69.55
0732-OCQOC,0.0403,No,Low,No,Two year,No,Bank transfer (automatic),52,25.05
5168-MSWXT,0.8668,Yes,High,No,Month-to-month,Fiber optic,Electronic check,8,94.75
1090-ESELR,0.1817,No,Low,No,Two year,Fiber optic,Bank transfer (automatic),72,105.5
8592-PLTMQ,0.0559,No,Low,No,One year,No,Mailed check,64,24.7
5760-WRAHC,0.3036,No,Low,No,Month-to-month,DSL,Mailed check,22,69.75
8847-GEOOQ,0.2472,No,Low,No,Month-to-month,DSL,Bank transfer (automatic),60,60.2
0256-LTHVJ,0.6803,Yes,Medium,Yes,Month-to-month,Fiber optic,Electronic check,28,81.05
4785-FCIFB,0.0295,No,Low,No,Two year,No,Mailed check,61,24.4
8313-NDOIA,0.7885,Yes,High,No,Month-to-month,Fiber optic,Electronic check,24,104.15
5149-CUZUJ,0.3386,No,Low,No,One year,Fiber optic,Bank transfer (automatic),28,92.9
0942-KOWSM,0.1001,No,Low,No,Two year,DSL,Bank transfer (automatic),30,80.8
4237-CLSMM,0.3405,No,Low,No,Month-to-month,No,Mailed check,2,20.0
1452-VOQCH,0.9284,Yes,High,No,Month-to-month,Fiber optic,Electronic check,1,75.1
4719-UMSIY,0.2625,No,Low,No,Month-to-month,No,Mailed check,6,19.65
6614-VBEGU,0.352,No,Low,No,Month-to-month,DSL,Bank transfer (automatic),24,69.45
0880-TKATG,0.8748,Yes,High,Yes,Month-to-month,Fiber optic,Electronic check,4,101.15
3811-VBYBZ,0.8899,Yes,High,Yes,Month-to-month,Fiber optic,Electronic check,7,99.8
1480-BKXGA,0.0884,No,Low,No,Two year,Fiber optic,Bank transfer (automatic),72,116.05
2996-XAUVF,0.0876,No,Low,No,Two year,DSL,Mailed check,70,40.05
9076-AXYIK,0.2394,No,Low,No,Two year,Fiber optic,Electronic check,64,102.1
5968-XQIVE,0.3794,No,Low,No,One year,Fiber optic,Electronic check,72,89.7
8896-RAZCR,0.0125,No,Low,No,Two year,No,Mailed check,44,19.9
4640-UHDOS,0.4916,No,Medium,Yes,Month-to-month,DSL,Electronic check,13,55.95
4933-IKULF,0.0599,No,Low,No,One year,No,Mailed check,17,20.65
3583-EKAPL,0.7832,Yes,High,Yes,Month-to-month,DSL,Electronic check,1,55.0
1304-BCCFO,0.4648,No,Medium,No,Month-to-month,DSL,Mailed check,9,70.05
4104-PVRPS,0.2764,No,Low,No,Month-to-month,DSL,Mailed check,24,53.6
9399-APLBT,0.8701,Yes,High,Yes,Month-to-month,Fiber optic,Electronic check,1,74.7
2359-KMGLI,0.7162,Yes,High,Yes,Month-to-month,Fiber optic,Electronic check,24,80.25
3780-DDGSE,0.3501,No,Low,No,Month-to-month,DSL,Electronic check,35,76.05
4431-EDMIQ,0.4839,No,Medium,No,Month-to-month,DSL,Electronic check,7,75.7
0306-JAELE,0.8225,Yes,High,Yes,Month-to-month,Fiber optic,Electronic check,5,96.1
6227-HWPWX,0.5868,Yes,Medium,Yes,Month-to-month,Fiber optic,Bank transfer (automatic),15,69.0
0486-LGCCH,0.0682,No,Low,No,Two year,No,Mailed check,11,19.65
0447-BEMNG,0.3293,No,Low,Yes,Month-to-month,DSL,Bank transfer (automatic),48,45.3
4612-SSVHJ,0.7257,Yes,High,No,Month-to-month,Fiber optic,Electronic check,20,81.45
5168-MQQCA,0.3253,No,Low,No,One year,Fiber optic,Bank transfer (automatic),72,108.5
5949-XIKAE,0.8026,Yes,High,Yes,Month-to-month,Fiber optic,Electronic check,8,83.55
7971-HLVXI,0.2046,No,Low,No,Two year,Fiber optic,Credit card (automatic),72,84.5
9094-AZPHK,0.8667,Yes,High,No,Month-to-month,Fiber optic,Electronic check,15,100.15
3649-JPUGY,0.0418,No,Low,No,Two year,DSL,Bank transfer (automatic),72,88.6
4472-LVYGI,0.2905,No,Low,No,Two year,DSL,Bank transfer (automatic),0,52.55
8372-JUXUI,0.9079,Yes,High,Yes,Month-to-month,Fiber optic,Electronic check,1,74.35
3552-CTCYF,0.339,No,Low,No,Two year,Fiber optic,Bank transfer (automatic),63,104.8
6778-YSNIH,0.6455,Yes,Medium,No,Month-to-month,DSL,Electronic check,2,59.0
0388-EOPEX,0.721,Yes,High,Yes,Month-to-month,Fiber optic,Electronic check,2,74.4
5756-OZRIO,0.1874,No,Low,No,One year,DSL,Bank transfer (automatic),61,64.05
6579-JPICP,0.5528,Yes,Medium,No,Month-to-month,No,Mailed check,1,20.4
8205-OTCHB,0.323,No,Low,Yes,One year,DSL,Bank transfer (automatic),22,43.75
4134-BSXLX,0.2134,No,Low,No,Month-to-month,DSL,Mailed check,28,60.9
0505-SPOOW,0.0104,No,Low,No,Two year,No,Bank transfer (automatic),70,19.8
6235-VDHOM,0.6696,Yes,Medium,Yes,Month-to-month,DSL,Electronic check,5,28.45
7783-YKGDV,0.7582,Yes,High,Yes,Month-to-month,Fiber optic,Bank transfer (automatic),12,99.7
4374-YMUSQ,0.4391,No,Medium,No,One year,Fiber optic,Credit card (automatic),34,116.25
4513-CXYIX,0.1304,No,Low,No,Two year,Fiber optic,Credit card (automatic),71,80.7
3957-HHLMR,0.1379,No,Low,No,One year,DSL,Bank transfer (automatic),70,65.2
7803-XOCCZ,0.2787,No,Low,No,Month-to-month,Fiber optic,Bank transfer (automatic),52,84.05
5736-YEJAX,0.0599,No,Low,No,Two year,DSL,Credit card (automatic),69,79.45
5609-CEBID,0.7655,Yes,High,Yes,Month-to-month,Fiber optic,Electronic check,20,94.1
8981-FJGLA,0.7861,Yes,High,No,Month-to-month,Fiber optic,Mailed check,11,78.0
7218-HKQFK,0.8338,Yes,High,Yes,Month-to-month,Fiber optic,Electronic check,2,94.2
4636-QRJKY,0.8016,Yes,High,Yes,Month-to-month,Fiber optic,Electronic check,6,80.5
1135-LMECX,0.5302,Yes,Medium,No,Month-to-month,No,Mailed check,1,19.85
4332-MUOEZ,0.3488,No,Low,No,One year,Fiber optic,Credit card (automatic),20,94.3
8535-SFUTN,0.5215,Yes,Medium,No,Month-to-month,Fiber optic,Electronic check,61,106.45
5956-VKDTT,0.7932,Yes,High,Yes,Month-to-month,Fiber optic,Electronic check,5,74.35
8677-HDZEE,0.4857,No,Medium,No,Month-to-month,Fiber optic,Bank transfer (automatic),56,105.45
2475-MROZF,0.433,No,Medium,No,Month-to-month,Fiber optic,Credit card (automatic),30,95.0
9412-GHEEC,0.5855,Yes,Medium,Yes,Month-to-month,Fiber optic,Bank transfer (automatic),40,104.8
3482-ABPKK,0.1078,No,Low,No,One year,DSL,Mailed check,28,54.3
6705-LXORM,0.76,Yes,High,No,Month-to-month,Fiber optic,Electronic check,5,70.05
0257-ZESQC,0.5684,Yes,Medium,Yes,Month-to-month,Fiber optic,Bank transfer (automatic),27,75.2
7531-GQHME,0.2557,No,Low,No,Month-to-month,No,Credit card (automatic),12,20.05
5174-ITUMV,0.4767,No,Medium,No,One year,Fiber optic,Electronic check,67,105.4
4109-CYRBD,0.4191,No,Medium,No,Month-to-month,DSL,Electronic check,29,51.6
0913-XWSCN,0.4472,No,Medium,No,Month-to-month,Fiber optic,Bank transfer (automatic),55,85.5
6825-UYPFK,0.5319,Yes,Medium,Yes,Month-to-month,Fiber optic,Bank transfer (automatic),23,75.6
8397-MVTAZ,0.7524,Yes,High,Yes,Month-to-month,Fiber optic,Electronic check,34,100.05
0750-EBAIU,0.2941,No,Low,No,One year,Fiber optic,Electronic check,52,91.25
8606-CIQUL,0.0684,No,Low,No,Two year,Fiber optic,Credit card (automatic),72,115.75
3571-DPYUH,0.2213,No,Low,No,One year,Fiber optic,Credit card (automatic),58,94.7
7601-GNDYK,0.0186,No,Low,No,Two year,No,Mailed check,35,19.6
0356-OBMAC,0.2631,No,Low,No,Two year,Fiber optic,Bank transfer (automatic),56,99.9
8067-NIOYM,0.0243,No,Low,No,Two year,No,Credit card (automatic),24,21.1
1403-GYAFU,0.0075,No,Low,No,Two year,No,Credit card (automatic),70,20.05
4234-XTNEA,0.9071,Yes,High,No,Month-to-month,Fiber optic,Electronic check,2,79.95
1297-VQDRP,0.395,No,Low,No,One year,Fiber optic,Credit card (automatic),68,107.15
9282-IZGQK,0.9238,Yes,High,Yes,Month-to-month,Fiber optic,Electronic check,1,85.0
5348-CAGXB,0.8698,Yes,High,No,Month-to-month,Fiber optic,Electronic check,12,89.55
0621-HJWXJ,0.4116,No,Medium,No,Month-to-month,Fiber optic,Bank transfer (automatic),63,81.55
5844-QVTAT,0.1635,No,Low,No,One year,DSL,Mailed check,33,58.45
8905-IAZPF,0.4112,No,Medium,No,One year,Fiber optic,Credit card (automatic),69,95.65
5394-MEITZ,0.0516,No,Low,No,Two year,DSL,Bank transfer (automatic),60,80.6
6859-QNXIQ,0.0819,No,Low,No,Two year,Fiber optic,Bank transfer (automatic),72,113.1
2782-LFZVW,0.4647,No,Medium,No,Month-to-month,DSL,Mailed check,11,58.95
2866-IKBTM,0.5088,Yes,Medium,No,Month-to-month,No,Mailed check,1,19.55
1342-JPNKI,0.8604,Yes,High,Yes,Month-to-month,Fiber optic,Bank transfer (automatic),10,86.05
2817-NTQDO,0.4117,No,Medium,Yes,Month-to-month,DSL,Credit card (automatic),13,45.55
7129-AZJDE,0.3965,No,Low,No,One year,Fiber optic,Bank transfer (automatic),34,78.95
6986-IJDHX,0.5276,Yes,Medium,Yes,Month-to-month,Fiber optic,Mailed check,39,86.3
2560-PPCHE,0.3804,No,Low,No,One year,Fiber optic,Bank transfer (automatic),65,105.05
4676-MQUEA,0.3356,No,Low,No,One year,Fiber optic,Bank transfer (automatic),50,101.9
8138-EALND,0.2319,No,Low,No,Month-to-month,No,Mailed check,15,19.75
3580-HYCSP,0.1545,No,Low,No,Two year,Fiber optic,Bank transfer (automatic),72,110.3
1352-HNSAW,0.0938,No,Low,No,Two year,Fiber optic,Bank transfer (automatic),72,115.6
2075-PUEPR,0.0449,No,Low,No,Two year,No,Bank transfer (automatic),55,19.35
1982-FEBTD,0.0694,No,Low,No,Two year,No,Credit card (automatic),23,25.6
5301-GAUUY,0.5756,Yes,Medium,Yes,Month-to-month,Fiber optic,Bank transfer (automatic),32,80.35
5791-KAJFD,0.1881,No,Low,No,One year,DSL,Bank transfer (automatic),56,68.75
2654-VBVPB,0.5381,Yes,Medium,No,Month-to-month,No,Bank transfer (automatic),1,19.9
1154-HYWWO,0.2413,No,Low,No,One year,DSL,Mailed check,38,70.6
2501-XWWTZ,0.7021,Yes,High,No,Month-to-month,Fiber optic,Electronic check,11,70.2
3716-UVSPD,0.7212,Yes,High,No,Month-to-month,DSL,Electronic check,1,49.3
6815-ABQFQ,0.4891,No,Medium,No,One year,Fiber optic,Electronic check,56,107.25
7343-EOBEU,0.2892,No,Low,No,Month-to-month,No,Mailed check,3,23.6
3701-SFMUH,0.4658,No,Medium,No,Month-to-month,DSL,Credit card (automatic),7,69.7
6103-LIANB,0.27,No,Low,No,Two year,Fiber optic,Credit card (automatic),59,99.5
7319-VENRZ,0.4998,No,Medium,No,Month-to-month,DSL,Bank transfer (automatic),7,64.3
5846-NEQVZ,0.0549,No,Low,No,Two year,DSL,Credit card (automatic),71,70.85
6967-QIQRV,0.5601,Yes,Medium,No,One year,Fiber optic,Electronic check,15,101.9
5781-RFZRP,0.0398,No,Low,No,Two year,DSL,Credit card (automatic),71,73.5
0939-YAPAF,0.7275,Yes,High,Yes,Month-to-month,Fiber optic,Electronic check,35,100.25
0308-IVGOK,0.3522,No,Low,No,One year,DSL,Credit card (automatic),11,40.4
7293-LSCDV,0.0519,No,Low,No,Two year,No,Credit card (automatic),60,19.25
7025-WCBNE,0.164,No,Low,No,Two year,DSL,Bank transfer (automatic),47,59.6
5756-JYOJT,0.3333,No,Low,No,One year,DSL,Credit card (automatic),11,64.9
4710-FDUIZ,0.4208,No,Medium,Yes,One year,Fiber optic,Credit card (automatic),56,100.3
6030-REHUX,0.6827,Yes,Medium,No,Month-to-month,Fiber optic,Electronic check,28,110.85
9548-LIGTA,0.0468,No,Low,No,Two year,DSL,Mailed check,61,81.05
5150-LJNSR,0.272,No,Low,No,One year,Fiber optic,Bank transfer (automatic),31,98.05
8270-RKSAP,0.7349,Yes,High,No,Month-to-month,Fiber optic,Electronic check,9,70.5
6522-YRBXD,0.688,Yes,Medium,No,Month-to-month,Fiber optic,Electronic check,35,94.55
2640-LYMOV,0.4267,No,Medium,No,Month-to-month,No,Mailed check,2,19.65
1218-VKFPE,0.2822,No,Low,Yes,Month-to-month,No,Mailed check,12,19.0
3627-FHKBK,0.7695,Yes,High,Yes,Month-to-month,Fiber optic,Mailed check,1,75.3
2865-TCHJW,0.9004,Yes,High,Yes,Month-to-month,Fiber optic,Electronic check,4,89.2
1423-BMPBQ,0.4799,No,Medium,No,Month-to-month,No,Mailed check,1,19.0
2393-DIVAI,0.3518,No,Low,No,Month-to-month,No,Mailed check,3,20.0
5192-EBGOV,0.9318,Yes,High,Yes,Month-to-month,Fiber optic,Electronic check,1,85.7
4568-KNYWR,0.1001,No,Low,No,Two year,DSL,Credit card (automatic),52,63.25
8752-IMQOS,0.1402,No,Low,No,One year,No,Mailed check,5,20.1
0742-LAFQK,0.161,No,Low,No,Two year,Fiber optic,Electronic check,72,99.15
0795-LAFGP,0.0787,No,Low,No,Two year,DSL,Electronic check,71,90.4
0619-OLYUR,0.1409,No,Low,No,Two year,Fiber optic,Credit card (automatic),72,111.9
5512-IDZEI,0.0865,No,Low,No,One year,No,Electronic check,46,24.9
0459-SPZHJ,0.0703,No,Low,No,Two year,DSL,Credit card (automatic),63,83.5
0215-BQKGS,0.4942,No,Medium,No,Month-to-month,Fiber optic,Credit card (automatic),30,84.3
9244-ZVAPM,0.7741,Yes,High,No,Month-to-month,DSL,Mailed check,1,45.6
0719-SYFRB,0.4339,No,Medium,Yes,Month-to-month,DSL,Mailed check,12,61.65
8208-EUMTE,0.1049,No,Low,No,Two year,DSL,Mailed check,16,54.85
5172-MIGPM,0.5241,Yes,Medium,No,Month-to-month,DSL,Mailed check,4,65.55
1710-RCXUS,0.3479,No,Low,No,One year,Fiber optic,Credit card (automatic),51,90.35
0374-FIUCA,0.0186,No,Low,No,Two year,No,Credit card (automatic),65,20.4
5839-SUYVZ,0.5855,Yes,Medium,No,Month-to-month,Fiber optic,Credit card (automatic),16,74.55
5173-ZXXXL,0.1646,No,Low,No,One year,No,Mailed check,2,19.95
1096-ADRUX,0.2372,No,Low,No,One year,Fiber optic,Bank transfer (automatic),66,74.25
2001-MCUUW,0.3749,No,Low,No,Two year,Fiber optic,Electronic check,46,108.65
2731-GJRDG,0.5126,Yes,Medium,No,One year,Fiber optic,Bank transfer (automatic),32,109.55
4723-BEGSG,0.0361,No,Low,No,Two year,DSL,Credit card (automatic),72,86.65
6516-NKQBO,0.1123,No,Low,No,Two year,DSL,Credit card (automatic),38,81.0
8672-OAUPW,0.1323,No,Low,No,One year,DSL,Credit card (automatic),51,47.85
8207-DMRVL,0.0897,No,Low,No,Two year,Fiber optic,Bank transfer (automatic),72,114.55
3419-SNJJD,0.4282,No,Medium,Yes,Month-to-month,Fiber optic,Bank transfer (automatic),65,105.25
6543-CPZMK,0.6155,Yes,Medium,Yes,Month-to-month,DSL,Electronic check,9,29.95
4765-OXPPD,0.3587,No,Low,Yes,Month-to-month,DSL,Mailed check,9,65.0
2804-ETQDK,0.014,No,Low,No,Two year,No,Mailed check,66,20.55
6689-VRRTK,0.4497,No,Medium,No,One year,Fiber optic,Credit card (automatic),44,109.8
7138-GIRSH,0.0735,No,Low,No,Two year,DSL,Bank transfer (automatic),50,69.5
9396-ZSFLL,0.4355,No,Medium,No,Month-to-month,DSL,Mailed check,15,48.85
6464-KEXXH,0.6725,Yes,Medium,No,Month-to-month,DSL,Credit card (automatic),8,25.25
7134-MJPDY,0.4144,No,Medium,No,One year,Fiber optic,Credit card (automatic),66,102.85
5240-CAOYT,0.2803,No,Low,No,Month-to-month,Fiber optic,Bank transfer (automatic),57,87.55
4059-IIEBK,0.8336,Yes,High,No,Month-to-month,Fiber optic,Bank transfer (automatic),7,78.55
4881-JVQOD,0.569,Yes,Medium,No,Month-to-month,DSL,Bank transfer (automatic),10,34.55
0516-UXRMT,0.2931,No,Low,No,One year,Fiber optic,Electronic check,62,92.05
4851-BQDNX,0.4102,No,Medium,No,One year,Fiber optic,Electronic check,40,85.05
5148-HKFIR,0.0113,No,Low,No,Two year,No,Mailed check,20,19.7
1009-IRMNA,0.3231,No,Low,Yes,Month-to-month,No,Bank transfer (automatic),7,20.0
3003-CMDUU,0.6494,Yes,Medium,No,Month-to-month,Fiber optic,Electronic check,25,95.15
5016-IBERQ,0.6993,Yes,Medium,No,Month-to-month,Fiber optic,Electronic check,23,84.25
6797-UCJHZ,0.3863,No,Low,No,One year,Fiber optic,Credit card (automatic),66,104.6
2469-DTSGX,0.2499,No,Low,No,Two year,Fiber optic,Electronic check,72,111.65
4554-YGZIH,0.5335,Yes,Medium,Yes,Month-to-month,Fiber optic,Credit card (automatic),49,90.05
5099-BAILX,0.5864,Yes,Medium,Yes,Month-to-month,Fiber optic,Bank transfer (automatic),43,110.75
9931-KGHOA,0.2532,No,Low,No,Month-to-month,DSL,Bank transfer (automatic),46,55.0
1775-KWJKQ,0.0409,No,Low,No,Two year,DSL,Credit card (automatic),72,89.85
7665-VIGUD,0.1154,No,Low,No,One year,No,Mailed check,10,20.35
9411-TPQQV,0.1919,No,Low,No,One year,DSL,Bank transfer (automatic),40,54.55
7207-RMRDB,0.625,Yes,Medium,Yes,Month-to-month,Fiber optic,Electronic check,65,105.5
7954-MLBUN,0.2528,No,Low,No,Two year,Fiber optic,Bank transfer (automatic),31,99.45
2077-DDHJK,0.077,No,Low,No,Two year,DSL,Credit card (automatic),68,70.9
4913-EHYUI,0.3308,No,Low,Yes,One year,Fiber optic,Bank transfer (automatic),56,104.55
0195-IESCP,0.8699,Yes,High,Yes,Month-to-month,Fiber optic,Electronic check,10,85.25
9574-BOSMD,0.0158,No,Low,No,Two year,No,Bank transfer (automatic),68,25.4
4580-TMHJU,0.3741,No,Low,Yes,Month-to-month,DSL,Electronic check,43,56.15
0970-ETWGE,0.9162,Yes,High,Yes,Month-to-month,Fiber optic,Electronic check,1,89.55
4908-XAXAY,0.2769,No,Low,No,One year,Fiber optic,Bank transfer (automatic),49,89.85
8404-VLQFB,0.2724,No,Low,No,Month-to-month,No,Electronic check,15,25.25
1626-ERCMM,0.7964,Yes,High,Yes,Month-to-month,Fiber optic,Electronic check,20,94.55
0887-HJGAR,0.8068,Yes,High,Yes,Month-to-month,DSL,Mailed check,1,45.7
2391-IPLOP,0.1663,No,Low,No,One year,DSL,Electronic check,50,69.65
5644-PDMZC,0.877,Yes,High,Yes,Month-to-month,Fiber optic,Electronic check,2,89.5
3509-GWQGF,0.5256,Yes,Medium,No,Month-to-month,Fiber optic,Credit card (automatic),24,70.0
9576-ANLXO,0.7741,Yes,High,Yes,Month-to-month,Fiber optic,Bank transfer (automatic),3,69.55
2024-BASKD,0.8887,Yes,High,Yes,Month-to-month,Fiber optic,Mailed check,1,74.6
5845-BZZIB,0.016,No,Low,No,Two year,No,Mailed check,35,20.1
1140-UKVZG,0.2265,No,Low,No,Month-to-month,No,Mailed check,17,24.8
4160-AMJTL,0.3126,No,Low,Yes,Month-to-month,No,Electronic check,8,19.65
5183-SNMJQ,0.771,Yes,High,No,Month-to-month,Fiber optic,Credit card (automatic),10,95.1
8100-PNJMH,0.0226,No,Low,No,Two year,DSL,Credit card (automatic),68,88.85
7838-LAZFO,0.2089,No,Low,No,One year,DSL,Bank transfer (automatic),45,78.8
4464-JCOLN,0.1894,No,Low,Yes,One year,No,Mailed check,2,19.85
2085-JVGAD,0.1297,No,Low,No,Month-to-month,No,Bank transfer (automatic),37,20.35
5650-VDUDS,0.6945,Yes,Medium,Yes,Month-to-month,DSL,Mailed check,4,24.25
8095-WANWK,0.5609,Yes,Medium,No,Month-to-month,DSL,Mailed check,10,45.25
3030-ZKIWL,0.5751,Yes,Medium,No,Month-to-month,No,Mailed check,1,20.05
9565-FLVCG,0.0673,No,Low,No,Two year,DSL,Mailed check,65,69.55
8755-OGKNA,0.0284,No,Low,No,Two year,No,Bank transfer (automatic),57,19.5
2800-VEQXM,0.817,Yes,High,No,Month-to-month,Fiber optic,Mailed check,3,74.75
7538-GWHML,0.7851,Yes,High,Yes,Month-to-month,Fiber optic,Electronic check,2,69.65
5533-RJFTJ,0.3349,No,Low,No,Month-to-month,DSL,Bank transfer (automatic),49,30.2
3859-CVCET,0.6604,Yes,Medium,Yes,Month-to-month,DSL,Mailed check,4,45.65
0214-JHPFW,0.0476,No,Low,No,Two year,DSL,Bank transfer (automatic),70,57.8
5642-MHDQT,0.0653,No,Low,No,One year,No,Bank transfer (automatic),53,19.85
3088-FVYWK,0.037,No,Low,No,Two year,No,Credit card (automatic),53,25.55
3276-HDUEG,0.8754,Yes,High,Yes,Month-to-month,Fiber optic,Mailed check,1,75.05
9092-GDZKO,0.1502,No,Low,No,Month-to-month,No,Credit card (automatic),22,24.85
0823-HSCDJ,0.4767,No,Medium,Yes,Month-to-month,DSL,Electronic check,52,49.15
3729-OWRVL,0.2852,No,Low,No,Two year,Fiber optic,Electronic check,65,110.35
2324-AALNO,0.1129,No,Low,No,One year,No,Bank transfer (automatic),48,24.55
0822-GAVAP,0.8104,Yes,High,Yes,Month-to-month,DSL,Electronic check,2,34.7
5760-IFJOZ,0.8586,Yes,High,No,Month-to-month,Fiber optic,Mailed check,3,107.95
2826-UWHIS,0.5325,Yes,Medium,No,Month-to-month,Fiber optic,Bank transfer (automatic),45,81.4
1448-PWKYE,0.8903,Yes,High,Yes,Month-to-month,Fiber optic,Electronic check,1,80.0
7501-IWUNG,0.043,No,Low,No,Two year,DSL,Bank transfer (automatic),61,73.8
4957-TREIR,0.5307,Yes,Medium,No,Month-to-month,DSL,Credit card (automatic),3,64.4
7251-LJBQN,0.4775,No,Medium,No,One year,Fiber optic,Credit card (automatic),40,103.75
8040-MNRTF,0.873,Yes,High,No,Month-to-month,Fiber optic,Mailed check,1,71.1
1536-HBSWP,0.6688,Yes,Medium,No,Month-to-month,DSL,Electronic check,1,49.9
5313-FPXWG,0.113,No,Low,No,One year,No,Bank transfer (automatic),51,24.6
0067-DKWBL,0.7024,Yes,High,Yes,Month-to-month,DSL,Electronic check,2,49.25
0946-FKYTX,0.2634,No,Low,No,One year,DSL,Mailed check,52,30.1
5076-YVXCM,0.457,No,Medium,No,Month-to-month,Fiber optic,Bank transfer (automatic),51,83.4
8262-COGGB,0.4901,No,Medium,No,Month-to-month,No,Mailed check,1,20.45
6663-JOCQO,0.2532,No,Low,No,One year,DSL,Bank transfer (automatic),31,75.25
9620-QJREV,0.0198,No,Low,No,One year,No,Credit card (automatic),47,20.55
2276-YDAVZ,0.8587,Yes,High,Yes,Month-to-month,Fiber optic,Credit card (automatic),3,75.1
2682-KEVRP,0.0502,No,Low,No,One year,No,Mailed check,22,20.05
2480-JZOSN,0.5204,Yes,Medium,No,Month-to-month,No,Mailed check,1,20.65
0078-XZMHT,0.054,No,Low,No,Two year,DSL,Bank transfer (automatic),72,85.15
5896-NPFWW,0.7245,Yes,High,Yes,Month-to-month,DSL,Electronic check,3,50.15
9978-HYCIN,0.3567,No,Low,No,One year,Fiber optic,Bank transfer (automatic),47,84.95
8338-QIUNR,0.0425,No,Low,No,Two year,DSL,Credit card (automatic),72,66.5
1525-LNLOJ,0.1364,No,Low,No,Two year,DSL,Bank transfer (automatic),66,63.3
9450-TRJUU,0.7003,Yes,High,No,Month-to-month,Fiber optic,Electronic check,35,83.15
1766-GKNMI,0.7788,Yes,High,No,Month-to-month,Fiber optic,Electronic check,29,84.9
6942-LBFDP,0.3892,No,Low,No,Month-to-month,No,Mailed check,2,20.55
1456-TWCGB,0.63,Yes,Medium,No,Month-to-month,DSL,Mailed check,4,49.25
7133-VBDCG,0.4881,No,Medium,Yes,Month-to-month,Fiber optic,Bank transfer (automatic),25,79.85
7596-ZYWBB,0.0718,No,Low,No,Two year,DSL,Mailed check,65,59.6
8329-UTMVM,0.4863,No,Medium,No,One year,Fiber optic,Bank transfer (automatic),27,104.65
3014-WJKSM,0.5315,Yes,Medium,No,Month-to-month,Fiber optic,Credit card (automatic),29,75.3
3347-YJZZE,0.3471,No,Low,No,Month-to-month,DSL,Credit card (automatic),29,80.1
1029-QFBEN,0.5093,Yes,Medium,Yes,Month-to-month,No,Mailed check,1,19.55
7929-DMBCV,0.4928,No,Medium,No,Month-to-month,Fiber optic,Mailed check,20,81.0
9661-JALZV,0.0269,No,Low,No,Two year,No,Credit card (automatic),58,24.7
5433-KYGHE,0.6131,Yes,Medium,No,Month-to-month,Fiber optic,Mailed check,14,86.0
4312-KFRXN,0.0283,No,Low,No,Two year,No,Mailed check,72,25.4
5575-TPIZQ,0.4715,No,Medium,No,Month-to-month,Fiber optic,Credit card (automatic),46,89.15
0114-IGABW,0.065,No,Low,No,Two year,DSL,Bank transfer (automatic),71,58.25
9944-AEXBM,0.6772,Yes,Medium,No,Month-to-month,Fiber optic,Bank transfer (automatic),32,85.65
1853-ARAAQ,0.4379,No,Medium,No,Month-to-month,DSL,Credit card (automatic),26,50.35
6952-OMNWB,0.3982,No,Low,No,Month-to-month,Fiber optic,Credit card (automatic),68,80.35
4697-LUPSU,0.2404,No,Low,No,One year,No,Mailed check,2,20.2
8434-VGEQQ,0.0118,No,Low,No,Two year,No,Credit card (automatic),61,20.55
4952-YSOGZ,0.885,Yes,High,Yes,Month-to-month,Fiber optic,Electronic check,4,85.95
1589-AGTLK,0.7492,Yes,High,Yes,Month-to-month,DSL,Electronic check,3,45.35
5244-IRFIH,0.7513,Yes,High,Yes,Month-to-month,Fiber optic,Electronic check,33,94.5
6549-YMFAW,0.2241,No,Low,No,Month-to-month,No,Mailed check,9,21.25
4950-HKQTE,0.0926,No,Low,No,Two year,No,Mailed check,22,26.25
6786-OBWQR,0.8532,Yes,High,No,Month-to-month,Fiber optic,Electronic check,5,80.85
2684-EIWEO,0.5147,Yes,Medium,Yes,Month-to-month,Fiber optic,Credit card (automatic),30,91.7
2753-JMMCV,0.0783,No,Low,No,Two year,DSL,Credit card (automatic),65,74.2
6439-GTPCA,0.5444,Yes,Medium,Yes,Month-to-month,Fiber optic,Electronic check,45,87.25
6621-YOBKI,0.2852,No,Low,No,Month-to-month,No,Mailed check,5,20.35
1216-JWVUX,0.6472,Yes,Medium,No,Month-to-month,Fiber optic,Electronic check,25,75.5
7564-GHCVB,0.1189,No,Low,No,Two year,Fiber optic,Bank transfer (automatic),72,79.05
1173-NOEYG,0.6224,Yes,Medium,No,Month-to-month,Fiber optic,Bank transfer (automatic),27,90.15
7595-EHCDL,0.3791,No,Low,No,Month-to-month,DSL,Credit card (automatic),32,50.6
6647-ZEDXT,0.4239,No,Medium,No,One year,Fiber optic,Credit card (automatic),30,110.45
2521-NPUZR,0.1424,No,Low,No,Two year,Fiber optic,Credit card (automatic),70,101.0
1307-TVUFB,0.6251,Yes,Medium,No,Month-to-month,Fiber optic,Bank transfer (automatic),42,79.35
7503-MIOGA,0.0548,No,Low,No,Two year,DSL,Bank transfer (automatic),72,89.85
4381-MHQDC,0.1187,No,Low,No,Two year,DSL,Mailed check,47,65.0
6923-JHPMP,0.7392,Yes,High,No,Month-to-month,Fiber optic,Electronic check,2,80.45
5138-WVKYJ,0.7978,Yes,High,Yes,Month-to-month,Fiber optic,Electronic check,10,98.55
4018-PPNDW,0.0253,No,Low,No,Two year,No,Mailed check,61,24.1
1635-FJFCC,0.6869,Yes,Medium,No,Month-to-month,DSL,Credit card (automatic),5,44.05
2499-AJYUA,0.1528,No,Low,No,Two year,Fiber optic,Credit card (automatic),72,110.8
6919-ELBGL,0.0863,No,Low,No,Two year,Fiber optic,Bank transfer (automatic),72,114.95
3966-HRMZA,0.7943,Yes,High,No,Month-to-month,Fiber optic,Mailed check,3,75.05
6425-JWTDV,0.037,No,Low,No,Two year,No,Mailed check,48,19.25
8405-IGQFX,0.2049,No,Low,No,One year,Fiber optic,Credit card (automatic),63,90.05
8224-IVVPA,0.2896,No,Low,No,Month-to-month,DSL,Mailed check,27,56.7
9477-LGWQI,0.0872,No,Low,No,Two year,DSL,Credit card (automatic),70,80.15
1410-RSCMR,0.4464,No,Medium,No,Month-to-month,DSL,Credit card (automatic),7,71.35
3115-CZMZD,0.2383,No,Low,No,Two year,No,Mailed check,0,20.25
0139-IVFJG,0.7666,Yes,High,No,Month-to-month,Fiber optic,Electronic check,2,90.35
6683-VLCTZ,0.8008,Yes,High,Yes,Month-to-month,Fiber optic,Electronic check,20,98.55
5730-DBDSI,0.043,No,Low,No,Two year,No,Bank transfer (automatic),66,19.7
0030-FNXPP,0.3465,No,Low,No,Month-to-month,No,Mailed check,3,19.85
2189-WWOEW,0.7374,Yes,High,Yes,Month-to-month,Fiber optic,Bank transfer (automatic),15,85.9
5684-FJVYR,0.0954,No,Low,No,Two year,Fiber optic,Bank transfer (automatic),72,90.35
4013-GUXND,0.5533,Yes,Medium,No,Month-to-month,No,Mailed check,1,20.8
1894-IGFSG,0.6687,Yes,Medium,Yes,Month-to-month,Fiber optic,Electronic check,22,89.25
7379-POKDZ,0.782,Yes,High,Yes,Month-to-month,Fiber optic,Electronic check,3,70.3
1266-NZYUI,0.0632,No,Low,No,Two year,DSL,Bank transfer (automatic),72,66.85
7969-FFOWG,0.0085,No,Low,No,Two year,No,Mailed check,65,19.9
4718-DHSMV,0.6137,Yes,Medium,No,Month-to-month,DSL,Mailed check,11,35.8
5175-WLYXL,0.5666,Yes,Medium,No,Month-to-month,Fiber optic,Mailed check,22,78.85
7817-OMJNA,0.1262,No,Low,No,One year,No,Bank transfer (automatic),14,20.4
8728-SKJLR,0.5823,Yes,Medium,No,Month-to-month,Fiber optic,Electronic check,41,74.25
3137-NYQQI,0.2439,No,Low,No,One year,DSL,Mailed check,17,64.8
7706-DZNKK,0.2338,No,Low,No,Month-to-month,No,Credit card (automatic),11,20.45
0236-HFWSV,0.8005,Yes,High,Yes,Month-to-month,Fiber optic,Electronic check,15,93.35
3900-AQPHZ,0.5313,Yes,Medium,Yes,Month-to-month,No,Mailed check,1,19.9
5842-POCOP,0.7107,Yes,High,Yes,Month-to-month,Fiber optic,Mailed check,5,88.9
2037-XJFUP,0.4811,No,Medium,Yes,One year,Fiber optic,Electronic check,33,95.8
8823-RLPWL,0.1305,No,Low,No,Two year,Fiber optic,Credit card (automatic),72,110.65
9505-SQFSW,0.6643,Yes,Medium,No,Month-to-month,DSL,Mailed check,3,40.3
7314-OXENN,0.8811,Yes,High,Yes,Month-to-month,Fiber optic,Electronic check,2,82.0
3758-CKOQL,0.3144,No,Low,No,One year,Fiber optic,Credit card (automatic),59,107.0
0322-CHQRU,0.7386,Yes,High,Yes,Month-to-month,DSL,Electronic check,2,45.35
5676-CFLYY,0.0866,No,Low,No,Two year,DSL,Credit card (automatic),71,73.35
7521-AFHAB,0.5652,Yes,Medium,No,Month-to-month,DSL,Mailed check,5,44.8
0285-INHLN,0.2896,No,Low,No,Month-to-month,DSL,Credit card (automatic),27,54.75
4678-DVQEO,0.6832,Yes,Medium,Yes,Month-to-month,DSL,Electronic check,1,52.2
5125-CNDSP,0.0558,No,Low,No,One year,DSL,Bank transfer (automatic),63,40.6
0691-IFBQW,0.4611,No,Medium,Yes,One year,Fiber optic,Electronic check,46,110.0
4992-LTJNE,0.0669,No,Low,No,Two year,DSL,Bank transfer (automatic),72,55.3
2202-OUTMO,0.2625,No,Low,No,Month-to-month,DSL,Bank transfer (automatic),34,60.85
0810-BDHAW,0.3003,No,Low,No,One year,DSL,Electronic check,24,78.4
0229-LFJAF,0.0521,No,Low,No,Two year,DSL,Bank transfer (automatic),72,69.65
7131-ZQZNK,0.051,No,Low,No,Two year,DSL,Credit card (automatic),60,59.85
3442-ZHHCC,0.2061,No,Low,No,One year,DSL,Credit card (automatic),68,76.9
5726-CVNYA,0.1069,No,Low,No,Two year,No,Mailed check,8,19.85
9871-ELEYA,0.1058,No,Low,No,Two year,DSL,Credit card (automatic),34,67.65
4257-GAESD,0.6515,Yes,Medium,No,Month-to-month,DSL,Credit card (automatic),6,45.0
5173-WXOQV,0.5478,Yes,Medium,No,Month-to-month,DSL,Mailed check,2,64.2
2040-OBMLJ,0.252,No,Low,No,One year,Fiber optic,Credit card (automatic),31,81.7
6286-ZHAOK,0.1958,No,Low,No,Month-to-month,No,Bank transfer (automatic),20,25.55
3807-XHCJH,0.479,No,Medium,No,Month-to-month,No,Electronic check,1,20.0
3009-JWMPU,0.4275,No,Medium,Yes,One year,Fiber optic,Electronic check,62,96.75
5671-RQRLP,0.1876,No,Low,No,Two year,Fiber optic,Credit card (automatic),70,75.65
1450-GALXR,0.8394,Yes,High,Yes,Month-to-month,Fiber optic,Electronic check,10,98.5
8859-AXJZP,0.0533,No,Low,No,Two year,No,Mailed check,39,23.8
3174-AKMAS,0.1367,No,Low,No,Two year,DSL,Credit card (automatic),46,64.2
3138-BKYAV,0.8233,Yes,High,Yes,Month-to-month,Fiber optic,Electronic check,6,85.35
9926-PJHDQ,0.1172,No,Low,No,Two year,DSL,Bank transfer (automatic),72,76.8
7382-DFJTU,0.3431,No,Low,No,Month-to-month,DSL,Credit card (automatic),18,55.2
2798-NYLMZ,0.2241,No,Low,No,Two year,Fiber optic,Credit card (automatic),71,108.55
4289-DTDKW,0.7243,Yes,High,Yes,Month-to-month,Fiber optic,Electronic check,40,101.3
1820-TQVEV,0.9043,Yes,High,Yes,Month-to-month,Fiber optic,Electronic check,1,69.55
2239-JALAW,0.4596,No,Medium,Yes,One year,Fiber optic,Bank transfer (automatic),58,103.25
4853-RULSV,0.1958,No,Low,Yes,Two year,Fiber optic,Credit card (automatic),70,104.0
8098-TDCBU,0.0695,No,Low,No,Two year,No,Electronic check,42,25.25
3551-GAEGL,0.1612,No,Low,No,One year,DSL,Bank transfer (automatic),34,30.4
4785-NKHCX,0.2707,No,Low,No,Month-to-month,No,Bank transfer (automatic),5,20.05
3196-NVXLZ,0.6607,Yes,Medium,No,Month-to-month,Fiber optic,Mailed check,25,84.6
6275-YDUVO,0.8546,Yes,High,Yes,Month-to-month,Fiber optic,Mailed check,2,86.2
0036-IHMOT,0.4102,No,Medium,No,One year,Fiber optic,Bank transfer (automatic),55,103.7
0115-TFERT,0.6558,Yes,Medium,Yes,Month-to-month,Fiber optic,Electronic check,21,111.2
4178-EGMON,0.0793,No,Low,No,Two year,Fiber optic,Credit card (automatic),70,88.0
4220-TINQT,0.4923,No,Medium,No,Month-to-month,Fiber optic,Electronic check,61,106.35
5318-YKDPV,0.1103,No,Low,No,Two year,DSL,Credit card (automatic),43,79.15
7975-TZMLR,0.5287,Yes,Medium,No,One year,Fiber optic,Electronic check,47,103.1
0295-QVKPB,0.5058,Yes,Medium,No,Month-to-month,DSL,Credit card (automatic),5,63.95
4335-BSMJS,0.0366,No,Low,No,Two year,No,Credit card (automatic),62,25.8
2311-QYMUQ,0.6827,Yes,Medium,Yes,Month-to-month,Fiber optic,Credit card (automatic),16,89.45
3643-AHCFP,0.8907,Yes,High,Yes,Month-to-month,Fiber optic,Bank transfer (automatic),7,95.6
9146-JRIOX,0.2009,No,Low,No,Month-to-month,No,Mailed check,14,25.55
3104-OWCGK,0.3154,No,Low,Yes,One year,Fiber optic,Electronic check,60,90.95
5337-IIWKZ,0.4095,No,Medium,No,Month-to-month,DSL,Electronic check,34,44.85
9101-BWFSS,0.4353,No,Medium,Yes,One year,Fiber optic,Electronic check,50,108.55
9650-VBUOG,0.0372,No,Low,No,Two year,No,Credit card (automatic),38,25.05
3487-EARAT,0.1582,No,Low,No,One year,DSL,Credit card (automatic),70,74.1
2672-TGEFF,0.6892,Yes,Medium,No,Month-to-month,Fiber optic,Electronic check,37,88.8
9231-ZJYAM,0.8681,Yes,High,Yes,Month-to-month,Fiber optic,Electronic check,4,78.85
4250-WAROZ,0.4439,No,Medium,No,Month-to-month,Fiber optic,Electronic check,60,93.25
8184-WMOFI,0.1084,No,Low,No,One year,DSL,Credit card (automatic),62,71.4
6982-SSHFK,0.6966,Yes,Medium,Yes,Month-to-month,DSL,Mailed check,1,44.4
6092-QZVPP,0.2693,No,Low,No,Month-to-month,DSL,Credit card (automatic),36,79.2
4625-LAMOB,0.028,No,Low,No,Two year,No,Credit card (automatic),44,20.4
0727-BMPLR,0.4471,No,Medium,Yes,One year,Fiber optic,Electronic check,55,100.0
0392-BZIUW,0.1803,No,Low,No,Two year,Fiber optic,Credit card (automatic),72,105.0
1038-ZAGBI,0.1269,No,Low,Yes,One year,No,Bank transfer (automatic),12,19.8
6549-NNDYT,0.4602,No,Medium,No,Month-to-month,DSL,Bank transfer (automatic),13,30.85
3027-ZTDHO,0.9332,Yes,High,Yes,Month-to-month,Fiber optic,Electronic check,1,89.9
0422-OHQHQ,0.0708,No,Low,No,One year,No,Mailed check,15,20.55
6916-HIJSE,0.026,No,Low,No,Two year,DSL,Bank transfer (automatic),65,84.85
2316-ESMLS,0.2421,No,Low,No,One year,DSL,Credit card (automatic),12,33.15
9778-OGKQZ,0.0162,No,Low,No,Two year,DSL,Credit card (automatic),72,92.0
7408-OFWXJ,0.0499,No,Low,No,Two year,DSL,Credit card (automatic),72,89.8
6007-TCTST,0.0793,No,Low,No,Two year,Fiber optic,Bank transfer (automatic),72,115.8
2252-NKNSI,0.0681,No,Low,No,Two year,DSL,Mailed check,52,85.15
8713-IGZSO,0.3126,No,Low,No,Month-to-month,No,Mailed check,2,24.85
7905-TVXTA,0.5381,Yes,Medium,No,Month-to-month,DSL,Electronic check,5,64.35
7695-PKLCZ,0.0138,No,Low,No,Two year,No,Credit card (automatic),68,20.5
2382-BCKQJ,0.4688,No,Medium,Yes,One year,Fiber optic,Electronic check,62,100.15
8374-UULRV,0.0577,No,Low,No,Two year,DSL,Credit card (automatic),72,86.05
2207-NHRJK,0.6815,Yes,Medium,Yes,Month-to-month,DSL,Electronic check,1,50.8
3224-DFQNQ,0.2374,No,Low,No,One year,Fiber optic,Electronic check,66,89.0
5275-PMFUT,0.0124,No,Low,No,Two year,DSL,Credit card (automatic),72,64.8
4795-UXVCJ,0.0379,No,Low,No,One year,No,Credit card (automatic),26,19.8
9777-IQHWP,0.1554,No,Low,No,Two year,Fiber optic,Bank transfer (automatic),64,93.4
0947-MUGVO,0.7334,Yes,High,Yes,Month-to-month,Fiber optic,Electronic check,20,73.65
9944-HKVVB,0.8623,Yes,High,Yes,Month-to-month,Fiber optic,Electronic check,3,95.1
4124-MMETB,0.7094,Yes,High,Yes,Month-to-month,Fiber optic,Credit card (automatic),22,94.65
3671-SHRSP,0.7357,Yes,High,Yes,Month-to-month,Fiber optic,Mailed check,4,80.6
0979-MOZQI,0.1023,No,Low,No,Two year,DSL,Bank transfer (automatic),62,39.0
2732-ISEZX,0.3243,No,Low,No,Month-to-month,No,Mailed check,5,20.5
3313-QKNKB,0.3588,No,Low,Yes,One year,Fiber optic,Electronic check,59,85.55
0323-XWWTN,0.1188,No,Low,No,Two year,No,Mailed check,3,26.4
1937-OTUKY,0.143,No,Low,No,Two year,Fiber optic,Bank transfer (automatic),72,98.2
1573-LGXBA,0.3723,No,Low,No,One year,Fiber optic,Credit card (automatic),57,97.55
1764-VUUMT,0.0178,No,Low,No,Two year,No,Credit card (automatic),66,19.95
5073-WXOYN,0.4523,No,Medium,Yes,Month-to-month,DSL,Electronic check,60,50.8
4713-ZBURT,0.3247,No,Low,No,Two year,Fiber optic,Bank transfer (automatic),45,99.7
3050-GBUSH,0.7371,Yes,High,No,Month-to-month,DSL,Credit card (automatic),3,34.8
0207-MDKNV,0.6583,Yes,Medium,Yes,Month-to-month,Fiber optic,Electronic check,15,105.1
7876-AEHIG,0.1367,No,Low,No,One year,DSL,Bank transfer (automatic),51,60.15
7945-HLKEA,0.1108,No,Low,No,One year,DSL,Electronic check,60,64.75
9342-VNIMQ,0.3095,No,Low,No,Month-to-month,DSL,Bank transfer (automatic),33,54.65
9851-KIELU,0.7007,Yes,High,Yes,Month-to-month,Fiber optic,Electronic check,10,110.1
3523-BRGUW,0.0318,No,Low,No,One year,No,Credit card (automatic),26,19.3
3908-BLSYF,0.8015,Yes,High,Yes,Month-to-month,Fiber optic,Electronic check,6,83.9
3199-NPKCN,0.3763,No,Low,No,One year,Fiber optic,Electronic check,67,111.25
5170-PTRKA,0.0934,No,Low,No,One year,DSL,Credit card (automatic),49,35.8
4661-NJEUX,0.622,Yes,Medium,No,Month-to-month,No,Mailed check,1,20.05
2123-AGEEN,0.8475,Yes,High,No,Month-to-month,Fiber optic,Electronic check,7,84.35
1258-YMZNM,0.4913,No,Medium,No,One year,Fiber optic,Bank transfer (automatic),27,110.5
0048-LUMLS,0.4137,No,Medium,No,One year,Fiber optic,Credit card (automatic),37,91.2
7549-MYGPK,0.4036,No,Medium,Yes,Month-to-month,Fiber optic,Electronic check,63,100.55
5898-IGSLP,0.4942,No,Medium,No,Month-to-month,Fiber optic,Electronic check,31,89.3
3804-RVTGV,0.6016,Yes,Medium,Yes,Month-to-month,Fiber optic,Bank transfer (automatic),50,103.85
6259-WJQLC,0.6167,Yes,Medium,No,Month-to-month,Fiber optic,Credit card (automatic),32,81.1
9227-LUNBG,0.7931,Yes,High,Yes,Month-to-month,DSL,Electronic check,1,24.6
7997-EASSD,0.1355,No,Low,No,One year,Fiber optic,Credit card (automatic),63,81.2
0730-KOAVE,0.6143,Yes,Medium,No,Month-to-month,Fiber optic,Credit card (automatic),30,94.3
8975-SKGRX,0.1367,No,Low,No,Two year,Fiber optic,Bank transfer (automatic),71,116.1
0678-RLHVP,0.3576,No,Low,No,Two year,Fiber optic,Electronic check,53,105.55
4315-MURBD,0.7168,Yes,High,Yes,Month-to-month,Fiber optic,Bank transfer (automatic),12,98.9
2267-FPIMA,0.4369,No,Medium,No,Month-to-month,Fiber optic,Credit card (automatic),50,94.4
1051-GEJLJ,0.4207,No,Medium,No,Month-to-month,No,Mailed check,2,19.5
9734-YWGEX,0.8428,Yes,High,Yes,Month-to-month,Fiber optic,Credit card (automatic),9,98.3
2719-BDAQO,0.6929,Yes,Medium,Yes,Month-to-month,Fiber optic,Electronic check,17,93.85
5285-MVEHD,0.4781,No,Medium,No,One year,Fiber optic,Credit card (automatic),56,105.6
0379-DJQHR,0.0825,No,Low,No,Two year,DSL,Credit card (automatic),67,81.35
0781-LKXBR,0.8946,Yes,High,Yes,Month-to-month,Fiber optic,Electronic check,9,100.5
5543-QDCRY,0.6545,Yes,Medium,No,Month-to-month,DSL,Electronic check,4,56.4
0297-RBCSG,0.2811,No,Low,No,One year,DSL,Bank transfer (automatic),19,65.35
4694-PHWFW,0.3019,No,Low,No,Month-to-month,No,Mailed check,8,19.95
0835-JKADZ,0.2725,No,Low,No,Two year,Fiber optic,Electronic check,71,111.25
1907-UBQFC,0.773,Yes,High,Yes,Month-to-month,Fiber optic,Electronic check,10,72.85
7508-SMHXL,0.7112,Yes,High,No,Month-to-month,Fiber optic,Credit card (automatic),15,89.0
3865-YIOTT,0.3349,No,Low,No,One year,Fiber optic,Bank transfer (automatic),72,106.1
5993-BQHEA,0.1045,No,Low,No,One year,No,Credit card (automatic),12,20.05
6024-RUGGH,0.0165,No,Low,No,Two year,No,Bank transfer (automatic),72,25.2
6513-EECDB,0.9197,Yes,High,Yes,Month-to-month,Fiber optic,Electronic check,1,73.55
3956-CJUST,0.6181,Yes,Medium,No,Month-to-month,Fiber optic,Bank transfer (automatic),23,75.4
4079-WWQQQ,0.0224,No,Low,No,Two year,DSL,Bank transfer (automatic),72,65.55
6103-BOCOU,0.7049,Yes,High,No,Month-to-month,Fiber optic,Electronic check,26,80.7
5149-TGWDZ,0.526,Yes,Medium,No,One year,Fiber optic,Mailed check,21,104.55
7471-WNSUF,0.0565,No,Low,No,One year,No,Bank transfer (automatic),60,24.15
8942-DBMHZ,0.2237,No,Low,No,Month-to-month,No,Mailed check,12,20.45
4301-VVZKA,0.7404,Yes,High,No,Month-to-month,Fiber optic,Electronic check,16,75.4
9199-PWQVC,0.2221,No,Low,No,One year,DSL,Credit card (automatic),63,79.7
4824-GUCBY,0.5997,Yes,Medium,No,Month-to-month,Fiber optic,Electronic check,22,81.7
5393-HJZSM,0.2833,No,Low,No,Month-to-month,DSL,Bank transfer (automatic),32,76.3
7074-IEVOJ,0.8115,Yes,High,Yes,Month-to-month,Fiber optic,Electronic check,3,79.4
9625-QSTYE,0.7607,Yes,High,Yes,Month-to-month,Fiber optic,Electronic check,13,81.15
0862-PRCBS,0.1722,No,Low,No,Two year,Fiber optic,Credit card (automatic),68,103.75
8812-ZRHFP,0.4077,No,Medium,No,One year,Fiber optic,Electronic check,30,86.45
5146-CBVOE,0.6426,Yes,Medium,No,Month-to-month,Fiber optic,Bank transfer (automatic),16,75.1
0454-OKRCT,0.2211,No,Low,No,Two year,Fiber optic,Bank transfer (automatic),33,80.6
5787-KXGIY,0.0491,No,Low,No,Two year,No,Credit card (automatic),72,19.3
4750-ZRXIU,0.909,Yes,High,Yes,Month-to-month,Fiber optic,Electronic check,4,84.6
4198-VFOEA,0.2585,No,Low,No,One year,DSL,Mailed check,12,33.6
6630-UJZMY,0.8812,Yes,High,No,Month-to-month,Fiber optic,Electronic check,4,83.25
5709-LVOEQ,0.309,No,Low,No,Two year,DSL,Mailed check,0,80.85
6400-BWQKW,0.711,Yes,High,Yes,Month-to-month,Fiber optic,Electronic check,6,79.05
2692-AQCPF,0.3292,No,Low,No,One year,Fiber optic,Credit card (automatic),65,108.05
0347-UBKUZ,0.247,No,Low,No,Month-to-month,No,Mailed check,15,19.9
0835-DUUIQ,0.0397,No,Low,No,One year,No,Bank transfer (automatic),24,21.05
0811-GSDTP,0.4841,No,Medium,No,Month-to-month,DSL,Electronic check,13,30.15
7567-ECMCM,0.6593,Yes,Medium,No,Month-to-month,Fiber optic,Credit card (automatic),24,79.85
6115-ZTBFQ,0.0322,No,Low,No,Two year,DSL,Bank transfer (automatic),72,65.5
6353-BRMMA,0.5036,Yes,Medium,No,Month-to-month,Fiber optic,Bank transfer (automatic),54,104.1
6680-WKXRZ,0.8239,Yes,High,Yes,Month-to-month,Fiber optic,Bank transfer (automatic),3,74.4
6231-WFGFH,0.3387,No,Low,No,Month-to-month,No,Mailed check,4,20.5
9904-EHEVJ,0.6363,Yes,Medium,No,Month-to-month,Fiber optic,Mailed check,32,91.35
7028-DVOIQ,0.7632,Yes,High,Yes,Month-to-month,Fiber optic,Electronic check,35,99.05
6169-PPETC,0.0187,No,Low,No,Two year,No,Bank transfer (automatic),35,20.5
4208-UFFGW,0.7104,Yes,High,Yes,Month-to-month,DSL,Mailed check,2,44.95
8584-KMVXD,0.6972,Yes,Medium,No,Month-to-month,Fiber optic,Electronic check,8,75.6
8467-WYNSR,0.2662,No,Low,No,Month-to-month,DSL,Mailed check,22,55.1
0851-DFJKB,0.4345,No,Medium,No,Month-to-month,DSL,Electronic check,15,58.95
5382-SOYZL,0.7919,Yes,High,No,Month-to-month,Fiber optic,Electronic check,22,95.1
9448-REEVD,0.6932,Yes,Medium,Yes,Month-to-month,DSL,Credit card (automatic),1,44.7
3261-CQXOL,0.0049,No,Low,No,Two year,No,Bank transfer (automatic),71,25.45
8388-FYNPZ,0.557,Yes,Medium,No,Month-to-month,DSL,Electronic check,4,56.75
4002-BQWPQ,0.3025,No,Low,No,Month-to-month,DSL,Bank transfer (automatic),25,81.75
5651-YLPRD,0.651,Yes,Medium,No,Month-to-month,Fiber optic,Electronic check,32,86.1
2826-DXLQO,0.4918,No,Medium,No,Month-to-month,DSL,Bank transfer (automatic),7,29.8
4378-BZYFP,0.0775,No,Low,No,One year,No,Mailed check,17,20.5
9489-UTFKA,0.4084,No,Medium,No,Month-to-month,DSL,Bank transfer (automatic),8,60.9
4849-PYRLQ,0.0839,No,Low,No,Two year,DSL,Bank transfer (automatic),56,73.25
9117-SHLZX,0.7579,Yes,High,Yes,Month-to-month,DSL,Mailed check,1,45.7
9889-TMAHG,0.7271,Yes,High,Yes,Month-to-month,Fiber optic,Credit card (automatic),8,100.3
4541-RMRLG,0.2717,No,Low,Yes,Month-to-month,No,Electronic check,7,19.25
7764-BDPEE,0.3332,No,Low,No,Month-to-month,No,Mailed check,3,20.85
3429-IFLEM,0.0583,No,Low,No,Two year,DSL,Credit card (automatic),71,77.35
3158-MOERK,0.9339,Yes,High,Yes,Month-to-month,Fiber optic,Electronic check,2,96.0
7294-TMAOP,0.908,Yes,High,Yes,Month-to-month,Fiber optic,Electronic check,1,90.55
5002-GCQFH,0.4372,No,Medium,No,Month-to-month,Fiber optic,Bank transfer (automatic),49,93.85
0556-FJEGU,0.0484,No,Low,No,Two year,DSL,Bank transfer (automatic),58,70.1
8919-FYFQZ,0.4475,No,Medium,Yes,Month-to-month,DSL,Electronic check,44,30.35
0604-THJFP,0.0871,No,Low,No,Two year,DSL,Credit card (automatic),59,75.95
2834-JRTUA,0.1995,No,Low,Yes,Two year,Fiber optic,Electronic check,71,108.05
5875-YPQFJ,0.9118,Yes,High,Yes,Month-to-month,Fiber optic,Electronic check,1,69.9
5879-SESNB,0.7857,Yes,High,No,Month-to-month,Fiber optic,Electronic check,11,75.25
6646-QVXLR,0.5055,Yes,Medium,Yes,One year,Fiber optic,Electronic check,62,103.75
6461-PPAXN,0.1477,No,Low,No,One year,DSL,Bank transfer (automatic),35,54.95
3318-ISQFQ,0.2183,No,Low,No,Month-to-month,No,Bank transfer (automatic),20,19.5
1106-HRLKZ,0.0143,No,Low,No,Two year,No,Mailed check,40,19.6
2483-XSSMZ,0.218,No,Low,No,One year,DSL,Electronic check,39,47.85
8603-IJWDN,0.9232,Yes,High,Yes,Month-to-month,Fiber optic,Electronic check,1,86.6
8165-ZJRNM,0.0074,No,Low,No,Two year,No,Bank transfer (automatic),72,23.75
9369-XFEHK,0.6854,Yes,Medium,Yes,Month-to-month,Fiber optic,Bank transfer (automatic),33,80.6
2604-XVDAM,0.5063,Yes,Medium,No,Month-to-month,DSL,Bank transfer (automatic),12,43.8
3717-OFRTN,0.5233,Yes,Medium,No,Month-to-month,No,Bank transfer (automatic),1,19.75
9046-JBFWA,0.1331,No,Low,No,Month-to-month,No,Mailed check,27,19.15
3280-NMUVX,0.0231,No,Low,No,One year,No,Credit card (automatic),34,19.6
1206-EHBDD,0.1279,No,Low,No,Two year,Fiber optic,Bank transfer (automatic),56,80.3
8361-LBRDI,0.028,No,Low,No,Two year,No,Credit card (automatic),58,24.35
4883-KCPZJ,0.0644,No,Low,No,Two year,No,Credit card (automatic),22,25.25
9108-EQPNQ,0.0902,No,Low,No,Two year,No,Credit card (automatic),10,26.1
7277-KAMWT,0.0522,No,Low,No,Two year,No,Credit card (automatic),13,20.0
3842-IYKUE,0.486,No,Medium,Yes,Month-to-month,Fiber optic,Credit card (automatic),35,85.3
6641-XRPSU,0.5561,Yes,Medium,Yes,Month-to-month,Fiber optic,Credit card (automatic),34,70.0
1374-DMZUI,0.9222,Yes,High,Yes,Month-to-month,Fiber optic,Electronic check,4,94.3
2545-LXYVJ,0.0172,No,Low,No,Two year,No,Bank transfer (automatic),72,20.7
3234-VKACU,0.6423,Yes,Medium,No,Month-to-month,DSL,Electronic check,2,70.3
8357-EQXFO,0.8751,Yes,High,Yes,Month-to-month,Fiber optic,Electronic check,7,95.35
1989-PRJHP,0.7202,Yes,High,Yes,Month-to-month,Fiber optic,Electronic check,27,75.5
8120-JDCAM,0.7906,Yes,High,No,Month-to-month,Fiber optic,Mailed check,4,69.55
8917-FAEMR,0.0179,No,Low,No,Two year,No,Mailed check,37,19.85
7047-YXDMZ,0.0981,No,Low,No,Month-to-month,No,Mailed check,21,20.0
2858-EIMXH,0.4582,No,Medium,No,One year,Fiber optic,Credit card (automatic),53,95.85
9524-EGPJC,0.7089,Yes,High,Yes,Month-to-month,Fiber optic,Electronic check,18,90.1
6993-OHLXR,0.7832,Yes,High,Yes,Month-to-month,Fiber optic,Electronic check,2,68.95
8818-XYFCQ,0.6262,Yes,Medium,Yes,Month-to-month,Fiber optic,Credit card (automatic),32,99.55
6419-ZTTLE,0.0593,No,Low,No,One year,No,Electronic check,23,20.75
0929-HYQEW,0.6573,Yes,Medium,No,Month-to-month,DSL,Mailed check,3,50.15
6614-YOLAC,0.0361,No,Low,No,Two year,DSL,Mailed check,71,58.65
7426-RHZGU,0.807,Yes,High,No,Month-to-month,Fiber optic,Bank transfer (automatic),9,95.9
4065-JJAVA,0.6738,Yes,Medium,No,Month-to-month,DSL,Electronic check,1,49.5
4695-VADHF,0.4613,No,Medium,Yes,Month-to-month,DSL,Electronic check,18,57.45
3863-IUBJR,0.3359,No,Low,Yes,One year,DSL,Credit card (automatic),12,53.65
7649-SIJJF,0.0273,No,Low,No,Two year,DSL,Mailed check,71,80.1
9361-YNQWJ,0.0504,No,Low,No,One year,No,Bank transfer (automatic),64,24.4
3748-FVMZZ,0.737,Yes,High,No,Month-to-month,DSL,Electronic check,4,40.05
9391-TTOYH,0.1738,No,Low,No,Month-to-month,No,Mailed check,23,19.5
1452-XRSJV,0.2799,No,Low,No,Month-to-month,DSL,Credit card (automatic),39,51.05
3422-WJOYD,0.1176,No,Low,No,One year,DSL,Mailed check,28,54.35
8242-SOQUO,0.8546,Yes,High,No,Month-to-month,Fiber optic,Electronic check,5,84.7
7460-ITWWP,0.5964,Yes,Medium,No,Month-to-month,Fiber optic,Electronic check,45,86.1
7147-AYBAA,0.5533,Yes,Medium,No,Month-to-month,Fiber optic,Mailed check,37,70.35
7868-TMWMZ,0.2233,No,Low,No,Two year,Fiber optic,Bank transfer (automatic),60,110.0
4822-RVYBB,0.9044,Yes,High,Yes,Month-to-month,Fiber optic,Electronic check,8,100.6
6732-FZUGP,0.2542,No,Low,No,One year,Fiber optic,Credit card (automatic),47,94.9
8436-BJUMM,0.7222,Yes,High,Yes,Month-to-month,Fiber optic,Electronic check,26,83.75
4184-TJFAN,0.692,Yes,Medium,Yes,Month-to-month,Fiber optic,Mailed check,3,88.3
8329-GWVPJ,0.4449,No,Medium,No,Month-to-month,Fiber optic,Bank transfer (automatic),50,69.75
1352-VHKAJ,0.287,No,Low,No,Month-to-month,DSL,Bank transfer (automatic),27,71.6
4145-UQXUQ,0.8766,Yes,High,Yes,Month-to-month,Fiber optic,Electronic check,8,92.1
2632-TACXW,0.0211,No,Low,No,Two year,No,Bank transfer (automatic),62,23.65
8146-QQKZH,0.0367,No,Low,No,Two year,DSL,Bank transfer (automatic),71,81.85
1767-CJKBA,0.0153,No,Low,No,Two year,No,Mailed check,66,25.1
6445-TNRXS,0.1755,No,Low,No,Two year,Fiber optic,Bank transfer (automatic),68,114.7
4581-LNWUM,0.5666,Yes,Medium,No,Month-to-month,DSL,Electronic check,13,49.15
4869-EPIUS,0.3563,No,Low,No,One year,Fiber optic,Electronic check,56,80.9
9948-YPTDG,0.5192,Yes,Medium,Yes,Month-to-month,Fiber optic,Electronic check,38,79.45
1236-WFCDV,0.7139,Yes,High,Yes,Month-to-month,Fiber optic,Credit card (automatic),14,90.45
1915-OAKWD,0.0673,No,Low,No,One year,No,Bank transfer (automatic),16,19.3
7296-PIXQY,0.7159,Yes,High,No,Month-to-month,Fiber optic,Electronic check,14,70.2
4883-QICIH,0.5298,Yes,Medium,Yes,Month-to-month,Fiber optic,Bank transfer (automatic),32,69.75
3354-OADJP,0.2531,No,Low,No,One year,DSL,Bank transfer (automatic),8,54.25
3524-WQDSG,0.6297,Yes,Medium,No,Month-to-month,Fiber optic,Bank transfer (automatic),43,99.3
0810-DHDBD,0.1103,No,Low,No,One year,DSL,Credit card (automatic),52,74.0
4026-SKKHW,0.6508,Yes,Medium,No,Month-to-month,DSL,Mailed check,3,50.25
2829-HYVZP,0.0346,No,Low,No,One year,No,Mailed check,29,19.8
8329-IBCTI,0.5529,Yes,Medium,Yes,Month-to-month,No,Mailed check,1,19.65
1271-SJBGZ,0.5703,Yes,Medium,Yes,Month-to-month,DSL,Electronic check,12,43.65
3845-JHAMY,0.544,Yes,Medium,No,Month-to-month,DSL,Credit card (automatic),16,35.5
7013-PSXHK,0.2829,No,Low,No,One year,DSL,Mailed check,40,80.75
5669-SRAIP,0.7222,Yes,High,Yes,Month-to-month,DSL,Electronic check,5,39.5
5981-ITEMU,0.6332,Yes,Medium,Yes,Month-to-month,Fiber optic,Bank transfer (automatic),40,97.1
3486-NPGST,0.0366,No,Low,No,One year,No,Mailed check,36,19.55
6941-PMGEP,0.8451,Yes,High,Yes,Month-to-month,Fiber optic,Electronic check,5,80.0
1624-WOIWJ,0.7022,Yes,High,Yes,Month-to-month,Fiber optic,Mailed check,10,84.7
2074-GKOWZ,0.8658,Yes,High,Yes,Month-to-month,Fiber optic,Bank transfer (automatic),2,89.55
0376-YMCJC,0.6799,Yes,Medium,Yes,Month-to-month,Fiber optic,Electronic check,23,90.6
6100-FJZDG,0.0458,No,Low,No,One year,No,Bank transfer (automatic),26,20.05
4829-ZLJTK,0.1724,No,Low,No,Two year,Fiber optic,Electronic check,72,112.4
1730-VFMWO,0.2399,No,Low,No,Month-to-month,DSL,Bank transfer (automatic),34,50.2
7143-BQIBA,0.4007,No,Medium,No,Month-to-month,DSL,Bank transfer (automatic),10,62.25
3800-LYTRK,0.1769,No,Low,No,One year,DSL,Mailed check,14,55.7
0634-SZPQA,0.5229,Yes,Medium,Yes,Month-to-month,Fiber optic,Bank transfer (automatic),23,90.05
9646-NMHXE,0.0144,No,Low,No,Two year,No,Mailed check,47,19.65
7030-NJVDP,0.532,Yes,Medium,No,Month-to-month,Fiber optic,Electronic check,24,89.25
5536-RTPWK,0.5982,Yes,Medium,Yes,Month-to-month,Fiber optic,Bank transfer (automatic),49,99.05
8883-GRDWQ,0.1775,No,Low,No,One year,DSL,Mailed check,20,54.0
6166-ILMNY,0.7775,Yes,High,Yes,Month-to-month,Fiber optic,Bank transfer (automatic),2,69.75
3097-NNSPB,0.7016,Yes,High,Yes,Month-to-month,DSL,Credit card (automatic),2,49.05
7771-ZONAT,0.1667,No,Low,No,Two year,DSL,Bank transfer (automatic),22,56.75
0655-RBDUG,0.9115,Yes,High,Yes,Month-to-month,Fiber optic,Bank transfer (automatic),7,98.05
2111-DWYHN,0.5031,Yes,Medium,No,Month-to-month,No,Mailed check,1,21.1
4194-WHFCB,0.3915,No,Low,No,Month-to-month,Fiber optic,Bank transfer (automatic),59,96.65
4121-AGSIN,0.0562,No,Low,No,One year,No,Credit card (automatic),58,24.5
4361-BKAXE,0.5046,Yes,Medium,Yes,Month-to-month,Fiber optic,Bank transfer (automatic),41,114.5
9845-PEEKO,0.1844,No,Low,No,Two year,Fiber optic,Credit card (automatic),59,79.2
0455-XFASS,0.7833,Yes,High,No,Month-to-month,Fiber optic,Electronic check,3,69.55
0301-KOBTQ,0.0349,No,Low,No,Two year,No,Bank transfer (automatic),32,20.05
1751-NCDLI,0.7455,Yes,High,No,Month-to-month,Fiber optic,Electronic check,46,98.85
4367-NUYAO,0.1578,No,Low,No,Two year,No,Mailed check,0,25.75
9878-TNQGW,0.8824,Yes,High,Yes,Month-to-month,Fiber optic,Electronic check,2,80.95
9170-ARBTB,0.055,No,Low,No,One year,No,Credit card (automatic),52,19.6
4441-NIHPT,0.7246,Yes,High,Yes,Month-to-month,Fiber optic,Electronic check,13,74.3
8999-BOHSE,0.8208,Yes,High,Yes,Month-to-month,Fiber optic,Bank transfer (automatic),11,89.7
7241-AJHFS,0.424,No,Medium,No,Month-to-month,Fiber optic,Bank transfer (automatic),32,87.65
7029-RPUAV,0.7373,Yes,High,Yes,Month-to-month,Fiber optic,Credit card (automatic),17,100.45
4546-FOKWR,0.7085,Yes,High,No,Month-to-month,Fiber optic,Credit card (automatic),16,74.75
9036-CSKBW,0.4243,No,Medium,No,One year,Fiber optic,Bank transfer (automatic),51,107.45
5832-TRLPB,0.3222,No,Low,No,One year,DSL,Bank transfer (automatic),29,75.35
8590-YFFQO,0.0461,No,Low,No,Two year,DSL,Credit card (automatic),70,64.95
8659-IOOPU,0.1841,No,Low,No,Two year,Fiber optic,Electronic check,71,100.45
1338-CECEE,0.1384,No,Low,No,One year,DSL,Bank transfer (automatic),41,68.5
7439-DKZTW,0.9391,Yes,High,No,Month-to-month,Fiber optic,Electronic check,1,80.55
4646-QZXTF,0.4771,No,Medium,No,Month-to-month,DSL,Bank transfer (automatic),7,81.25
4607-CHPCA,0.5053,Yes,Medium,Yes,One year,Fiber optic,Electronic check,25,90.4
9742-XOKTS,0.2381,No,Low,No,One year,Fiber optic,Electronic check,67,89.55
6921-OZMFH,0.5989,Yes,Medium,No,Month-to-month,DSL,Mailed check,5,55.7
9578-FOMUK,0.19,No,Low,No,Month-to-month,No,Electronic check,15,24.8
4712-UYOOI,0.1497,No,Low,No,Month-to-month,No,Electronic check,20,20.0
8824-RWFXJ,0.581,Yes,Medium,Yes,Month-to-month,DSL,Mailed check,3,56.15
7722-CVFXN,0.4931,No,Medium,No,One year,Fiber optic,Electronic check,54,105.2
8717-VCTXJ,0.0298,No,Low,No,One year,No,Mailed check,42,19.55
7363-QTBIW,0.8222,Yes,High,No,Month-to-month,Fiber optic,Electronic check,9,79.75
4159-NAAIX,0.3095,No,Low,No,Two year,Fiber optic,Bank transfer (automatic),63,97.45
0971-QIFJK,0.0187,No,Low,No,Two year,No,Bank transfer (automatic),69,24.25
9397-TZSHA,0.0237,No,Low,No,Two year,No,Credit card (automatic),69,24.6
3391-JSQEW,0.3075,No,Low,No,Month-to-month,DSL,Mailed check,40,50.15
0343-QLUZP,0.0684,No,Low,No,Two year,DSL,Bank transfer (automatic),60,39.6
9763-PDTKK,0.7254,Yes,High,Yes,Month-to-month,Fiber optic,Bank transfer (automatic),4,94.4
2176-LVPNX,0.0568,No,Low,No,Two year,DSL,Mailed check,71,89.85
7627-JKIAZ,0.5589,Yes,Medium,Yes,Month-to-month,Fiber optic,Credit card (automatic),37,78.95
3312-UUMZW,0.6868,Yes,Medium,No,Month-to-month,Fiber optic,Credit card (automatic),32,98.85
1271-UODNO,0.1751,No,Low,No,Two year,DSL,Credit card (automatic),39,53.85
8461-EFQYM,0.1108,No,Low,No,One year,No,Electronic check,38,24.25
6900-RBKER,0.1919,No,Low,No,Two year,Fiber optic,Credit card (automatic),52,89.45
6891-JPYFF,0.5619,Yes,Medium,No,Month-to-month,Fiber optic,Credit card (automatic),48,105.25
1459-QNFQT,0.0376,No,Low,No,Two year,DSL,Bank transfer (automatic),70,59.5
1047-NNCBF,0.5974,Yes,Medium,No,Month-to-month,Fiber optic,Credit card (automatic),20,70.55
3696-XRIEN,0.2076,No,Low,No,One year,DSL,Credit card (automatic),50,82.5
4081-DYXAV,0.3813,No,Low,Yes,One year,DSL,Credit card (automatic),19,44.85
0074-HDKDG,0.1393,No,Low,No,One year,DSL,Bank transfer (automatic),25,61.6
8791-GFXLZ,0.4597,No,Medium,No,Month-to-month,DSL,Bank transfer (automatic),12,49.05
8111-SLLHI,0.7192,Yes,High,Yes,Month-to-month,Fiber optic,Electronic check,39,105.65
0927-LCSMG,0.7582,Yes,High,Yes,Month-to-month,Fiber optic,Mailed check,7,74.65
9330-DHBFL,0.1578,No,Low,No,One year,DSL,Mailed check,23,66.25
0098-BOWSO,0.1575,No,Low,No,Month-to-month,No,Electronic check,27,19.4
3452-ABWRL,0.6275,Yes,Medium,No,Month-to-month,Fiber optic,Credit card (automatic),47,86.05
5859-HZYLF,0.0328,No,Low,No,Two year,No,Credit card (automatic),26,19.15
8257-RZAHR,0.3995,No,Low,Yes,Month-to-month,DSL,Bank transfer (automatic),14,64.7
5293-WXJAK,0.8311,Yes,High,Yes,Month-to-month,Fiber optic,Bank transfer (automatic),11,104.05
3156-QLHBO,0.3067,No,Low,No,Month-to-month,No,Mailed check,2,19.25
2208-NQBCT,0.5742,Yes,Medium,No,Month-to-month,Fiber optic,Electronic check,26,81.95
1779-PWPMG,0.1008,No,Low,No,Two year,Fiber optic,Bank transfer (automatic),72,114.65
6621-NRZAK,0.0152,No,Low,No,Two year,No,Credit card (automatic),63,20.0
0831-JNISG,0.0131,No,Low,No,Two year,No,Mailed check,71,19.8
0774-IFUVM,0.4091,No,Medium,No,Month-to-month,DSL,Bank transfer (automatic),11,65.15
3082-WQRVY,0.0746,No,Low,No,One year,No,Mailed check,14,19.65
9553-DLCLU,0.1793,No,Low,No,Two year,DSL,Credit card (automatic),13,88.95
1641-BYBTK,0.1968,No,Low,No,Month-to-month,No,Mailed check,6,20.2
2460-NGXBJ,0.7824,Yes,High,No,Month-to-month,Fiber optic,Credit card (automatic),11,75.2
2446-ZKVAF,0.3593,No,Low,No,Month-to-month,DSL,Credit card (automatic),18,56.8
0841-NULXI,0.8405,Yes,High,Yes,Month-to-month,DSL,Electronic check,1,35.55
3522-CDKHF,0.57,Yes,Medium,No,Month-to-month,Fiber optic,Bank transfer (automatic),32,75.5
1430-SFQSA,0.1299,No,Low,No,One year,DSL,Mailed check,29,35.6
0411-EZJZE,0.6819,Yes,Medium,No,Month-to-month,DSL,Electronic check,3,60.25
7851-WZEKY,0.9326,Yes,High,Yes,Month-to-month,Fiber optic,Electronic check,2,95.15
8844-TONUD,0.7366,Yes,High,Yes,Month-to-month,Fiber optic,Mailed check,13,96.65
8807-ARQET,0.487,No,Medium,No,Month-to-month,DSL,Electronic check,41,40.35
8992-CEUEN,0.4825,No,Medium,No,Month-to-month,No,Electronic check,1,18.85
4320-QMLLA,0.4581,No,Medium,No,Month-to-month,DSL,Mailed check,7,54.85
8777-PVYGU,0.1579,No,Low,No,One year,DSL,Mailed check,52,64.3
8292-ITGYJ,0.0262,No,Low,No,Two year,No,Bank transfer (automatic),45,24.65
6870-ZWMNX,0.0705,No,Low,No,Two year,DSL,Credit card (automatic),70,76.1
0621-CXBKL,0.0366,No,Low,No,Two year,No,Mailed check,53,18.7
5268-DSMNQ,0.317,No,Low,No,One year,Fiber optic,Credit card (automatic),62,97.95
5334-JLAXU,0.3544,No,Low,No,Month-to-month,Fiber optic,Credit card (automatic),60,94.1
4086-YQSNZ,0.8499,Yes,High,Yes,Month-to-month,Fiber optic,Electronic check,3,80.4
6242-MBHPK,0.7222,Yes,High,No,Month-to-month,Fiber optic,Electronic check,23,95.1
5868-CZJDR,0.722,Yes,High,Yes,Month-to-month,DSL,Mailed check,1,31.35
9359-UGBTK,0.1099,No,Low,No,One year,DSL,Bank transfer (automatic),67,72.35
0135-NMXAP,0.7895,Yes,High,Yes,Month-to-month,Fiber optic,Bank transfer (automatic),12,89.75
4782-OSFXZ,0.0384,No,Low,No,Two year,DSL,Bank transfer (automatic),71,82.7
6479-OAUSD,0.0377,No,Low,No,One year,No,Credit card (automatic),25,19.9
7129-ACFOG,0.5923,Yes,Medium,No,Month-to-month,DSL,Electronic check,5,53.8
4189-NAKJS,0.2296,No,Low,No,One year,DSL,Credit card (automatic),26,51.55
5562-BETPV,0.3192,No,Low,No,One year,No,Mailed check,1,19.65
1282-IHQAC,0.221,No,Low,No,One year,DSL,Credit card (automatic),70,44.05
9127-FHJBZ,0.0831,No,Low,No,Two year,Fiber optic,Electronic check,72,114.0
6270-OMFIW,0.3905,No,Low,Yes,One year,Fiber optic,Electronic check,60,94.4
1641-RQDAY,0.7604,Yes,High,No,Month-to-month,Fiber optic,Electronic check,32,100.4
0107-WESLM,0.5405,Yes,Medium,Yes,Month-to-month,No,Electronic check,1,19.85
6994-ORCWG,0.2943,No,Low,No,One year,DSL,Mailed check,14,54.25
1346-UFHAX,0.6541,Yes,Medium,No,Month-to-month,Fiber optic,Credit card (automatic),13,80.0
3992-YWPKO,0.7915,Yes,High,Yes,Month-to-month,Fiber optic,Credit card (automatic),6,109.9
2933-XEUJM,0.0844,No,Low,No,Two year,DSL,Mailed check,46,79.2
0125-LZQXK,0.754,Yes,High,Yes,Month-to-month,Fiber optic,Electronic check,15,101.35
5461-QKNTN,0.5534,Yes,Medium,No,Month-to-month,Fiber optic,Electronic check,43,94.3
4835-YSJMR,0.1338,No,Low,No,Two year,DSL,Bank transfer (automatic),39,49.8
8399-YNDCH,0.3385,No,Low,Yes,Month-to-month,DSL,Bank transfer (automatic),21,60.05
3164-YAXFY,0.3939,No,Low,No,Month-to-month,DSL,Electronic check,57,53.75
0887-WBJVH,0.3801,No,Low,No,One year,Fiber optic,Electronic check,53,93.45
4660-IRIBM,0.5847,Yes,Medium,No,Month-to-month,Fiber optic,Mailed check,18,87.9
5673-FSSMF,0.7163,Yes,High,Yes,Month-to-month,DSL,Electronic check,1,60.15
7670-ZBPOQ,0.1198,No,Low,No,One year,DSL,Bank transfer (automatic),58,61.05
8089-UZWLX,0.2853,No,Low,No,Two year,Fiber optic,Bank transfer (automatic),71,104.05
0080-OROZO,0.5168,Yes,Medium,No,One year,Fiber optic,Electronic check,35,99.25
3916-NRPAP,0.8218,Yes,High,No,Month-to-month,Fiber optic,Credit card (automatic),3,85.7
6807-SIWJI,0.5066,Yes,Medium,No,One year,Fiber optic,Electronic check,38,104.85
8221-HVAYI,0.0981,No,Low,No,Two year,DSL,Credit card (automatic),35,69.15
1579-KLYDT,0.8502,Yes,High,Yes,Month-to-month,Fiber optic,Electronic check,7,90.45
5232-NXPAY,0.0842,No,Low,No,Two year,DSL,Mailed check,47,74.45
8967-SZQAS,0.3887,No,Low,No,Month-to-month,DSL,Electronic check,14,50.45
4468-KAZHE,0.4671,No,Medium,No,Month-to-month,DSL,Electronic check,20,60.0
0455-ENTCR,0.0908,No,Low,No,Two year,DSL,Electronic check,66,85.25
8944-AILEF,0.2282,No,Low,No,Month-to-month,No,Credit card (automatic),15,19.45
5542-NKVRU,0.0289,No,Low,No,Two year,No,Bank transfer (automatic),42,20.75
7126-RBHSD,0.6549,Yes,Medium,No,Month-to-month,Fiber optic,Electronic check,17,78.9
5370-IIVVL,0.4784,No,Medium,No,One year,Fiber optic,Credit card (automatic),37,104.5
6789-HJBWG,0.4468,No,Medium,No,Month-to-month,DSL,Electronic check,12,49.4
3927-NLNRY,0.3985,No,Low,Yes,One year,Fiber optic,Bank transfer (automatic),53,94.25
9087-EYCPR,0.0151,No,Low,No,Two year,No,Mailed check,60,25.0
6791-YBNAK,0.4168,No,Medium,No,Month-to-month,DSL,Credit card (automatic),18,25.55
6358-LYNGM,0.9157,Yes,High,Yes,Month-to-month,Fiber optic,Electronic check,1,74.9
6077-BDPXA,0.79,Yes,High,No,Month-to-month,Fiber optic,Electronic check,3,70.15
0013-MHZWF,0.4708,No,Medium,No,Month-to-month,DSL,Credit card (automatic),9,69.4
5494-HECPR,0.9319,Yes,High,Yes,Month-to-month,Fiber optic,Electronic check,1,80.25
8268-YDIXR,0.2538,No,Low,No,One year,Fiber optic,Electronic check,56,93.15
9824-BEMCV,0.6376,Yes,Medium,Yes,Month-to-month,Fiber optic,Electronic check,17,69.0
1373-ORVIZ,0.4908,No,Medium,Yes,Month-to-month,DSL,Electronic check,11,66.35
4291-SHSBH,0.7465,Yes,High,No,Month-to-month,Fiber optic,Electronic check,7,69.55
6980-IMXXE,0.0046,No,Low,No,Two year,No,Bank transfer (automatic),69,20.2
9866-QEVEE,0.6912,Yes,Medium,Yes,Month-to-month,Fiber optic,Bank transfer (automatic),19,86.0
9897-KXHCM,0.863,Yes,High,Yes,Month-to-month,Fiber optic,Electronic check,3,80.3
0040-HALCW,0.0143,No,Low,No,Two year,No,Credit card (automatic),54,20.4
0784-GTUUK,0.0651,No,Low,No,One year,No,Credit card (automatic),62,23.75
7979-CORPM,0.6491,Yes,Medium,Yes,Month-to-month,Fiber optic,Credit card (automatic),24,90.55
2294-DMMUS,0.3369,No,Low,No,Month-to-month,DSL,Credit card (automatic),62,70.45
0872-JCPIB,0.3924,No,Low,No,Month-to-month,DSL,Bank transfer (automatic),17,65.75
3055-MJDSB,0.6599,Yes,Medium,No,Month-to-month,DSL,Mailed check,9,24.6
9091-WTUUY,0.0657,No,Low,No,Two year,DSL,Mailed check,64,69.25
1618-CFHME,0.8847,Yes,High,Yes,Month-to-month,Fiber optic,Electronic check,2,75.9
3165-HDOEW,0.7354,Yes,High,Yes,Month-to-month,DSL,Mailed check,1,45.85
6581-NQCBA,0.5447,Yes,Medium,Yes,Month-to-month,DSL,Electronic check,16,49.95
7115-IRDHS,0.0081,No,Low,No,Two year,No,Bank transfer (automatic),72,24.65
8496-DMZUK,0.2995,No,Low,No,One year,Fiber optic,Bank transfer (automatic),30,90.4
2040-VZIKE,0.4922,No,Medium,No,Month-to-month,Fiber optic,Mailed check,49,100.85
9068-VPWQQ,0.07,No,Low,No,Two year,DSL,Credit card (automatic),61,75.35
0178-SZBHO,0.5615,Yes,Medium,No,Month-to-month,Fiber optic,Electronic check,47,87.2
0384-RVBPI,0.3092,No,Low,No,Month-to-month,DSL,Credit card (automatic),20,64.4
1689-MRZQR,0.6556,Yes,Medium,Yes,Month-to-month,Fiber optic,Electronic check,34,78.3
1299-AURJA,0.0096,No,Low,No,Two year,No,Bank transfer (automatic),70,24.7
4525-VZCZG,0.4637,No,Medium,No,One year,Fiber optic,Electronic check,54,105.85
1543-LLLFT,0.3131,No,Low,No,One year,Fiber optic,Mailed check,61,98.3
5835-BEQEU,0.8766,Yes,High,Yes,Month-to-month,Fiber optic,Electronic check,3,76.95
2788-CJQAQ,0.052,No,Low,No,One year,No,Mailed check,13,19.45
5565-FILXA,0.8152,Yes,High,Yes,Month-to-month,Fiber optic,Electronic check,16,96.15
0319-QZTCO,0.6242,Yes,Medium,No,Month-to-month,DSL,Credit card (automatic),3,58.7
2120-SMPEX,0.143,No,Low,No,Month-to-month,No,Mailed check,25,20.15
0096-FCPUF,0.2468,No,Low,No,Month-to-month,DSL,Mailed check,30,64.5
0668-OGMHD,0.4975,No,Medium,No,Month-to-month,DSL,Electronic check,21,28.5
5552-ZNFSJ,0.7704,Yes,High,Yes,Month-to-month,DSL,Electronic check,1,45.3
2223-KAGMX,0.2368,No,Low,Yes,Month-to-month,No,Bank transfer (automatic),15,19.4
6507-ZJSUR,0.7247,Yes,High,No,Month-to-month,Fiber optic,Electronic check,23,90.45
9408-HRXRK,0.6406,Yes,Medium,No,Month-to-month,Fiber optic,Electronic check,45,105.15
5593-SUAOO,0.3186,No,Low,No,One year,Fiber optic,Bank transfer (automatic),24,83.15
7321-PKUYW,0.7859,Yes,High,Yes,Month-to-month,Fiber optic,Electronic check,11,90.15
2833-SLKDQ,0.7399,Yes,High,Yes,Month-to-month,DSL,Mailed check,1,45.05
6766-HFKLA,0.256,No,Low,No,Two year,Fiber optic,Bank transfer (automatic),56,103.2
7595-EUIVN,0.8624,Yes,High,Yes,Month-to-month,Fiber optic,Electronic check,1,75.8
7617-EYGLW,0.5393,Yes,Medium,No,Month-to-month,No,Electronic check,1,19.45
2026-TGDHM,0.8369,Yes,High,Yes,Month-to-month,Fiber optic,Electronic check,7,79.3
9220-ZNKJI,0.1596,No,Low,No,Two year,Fiber optic,Credit card (automatic),55,88.8
4030-VPZBD,0.7559,Yes,High,Yes,Month-to-month,DSL,Electronic check,2,30.9
2226-ICFDO,0.0379,No,Low,No,Two year,DSL,Credit card (automatic),72,85.9
0723-VSOBE,0.3214,No,Low,No,One year,DSL,Electronic check,45,34.2
5529-GIBVH,0.0136,No,Low,No,Two year,No,Mailed check,47,20.15
4187-CINZD,0.3823,No,Low,Yes,One year,Fiber optic,Credit card (automatic),46,95.25
9992-UJOEL,0.7348,Yes,High,No,Month-to-month,DSL,Mailed check,2,50.3
4741-WWJQZ,0.749,Yes,High,No,Month-to-month,Fiber optic,Electronic check,2,80.15
6625-UTXEW,0.4253,No,Medium,No,Month-to-month,DSL,Electronic check,12,51.25
6818-WOBHJ,0.4424,No,Medium,Yes,Month-to-month,Fiber optic,Bank transfer (automatic),68,89.6
6244-BESBM,0.1992,No,Low,No,Two year,Fiber optic,Credit card (automatic),69,95.2
1004-NOZNR,0.319,No,Low,No,One year,Fiber optic,Credit card (automatic),56,94.8
1251-STYSZ,0.7241,Yes,High,No,Month-to-month,Fiber optic,Electronic check,4,80.25
2612-PHGOX,0.0778,No,Low,No,Two year,DSL,Bank transfer (automatic),64,76.1
2408-TZMJL,0.4143,No,Medium,Yes,One year,Fiber optic,Electronic check,59,110.15
8480-PPONV,0.2201,No,Low,No,Two year,Fiber optic,Bank transfer (automatic),62,115.55
8780-IHCRN,0.0126,No,Low,No,Two year,No,Credit card (automatic),63,24.65
4598-ZADCK,0.1477,No,Low,No,One year,DSL,Electronic check,53,53.6
1257-SXUXQ,0.2861,No,Low,No,Month-to-month,No,Mailed check,5,19.45
9681-KYGYB,0.4979,No,Medium,No,Month-to-month,Fiber optic,Electronic check,49,88.2
7182-OVLBJ,0.2689,No,Low,No,Two year,Fiber optic,Bank transfer (automatic),62,101.15
5095-ETBRJ,0.0997,No,Low,No,Two year,DSL,Mailed check,55,56.8
7005-CYUIL,0.1162,No,Low,No,Two year,Fiber optic,Electronic check,71,99.4
4821-WQOYN,0.0145,No,Low,No,Two year,No,Credit card (automatic),72,20.1
4730-AWNAU,0.1562,No,Low,No,One year,DSL,Credit card (automatic),36,60.7
3452-FLHYD,0.0486,No,Low,No,One year,No,Bank transfer (automatic),25,20.95
2388-LAESQ,0.0851,No,Low,No,Two year,Fiber optic,Bank transfer (automatic),72,114.85
9531-NSBMR,0.0541,No,Low,No,One year,No,Bank transfer (automatic),36,19.25
6260-ONULR,0.7078,Yes,High,No,Month-to-month,DSL,Mailed check,1,62.8
4389-UEFCZ,0.2099,No,Low,No,Two year,Fiber optic,Electronic check,72,105.5
8711-LOBKY,0.0156,No,Low,No,Two year,No,Mailed check,59,19.85
9134-CEQMF,0.8433,Yes,High,Yes,Month-to-month,Fiber optic,Electronic check,7,89.5
8985-OOPOS,0.4903,No,Medium,No,One year,DSL,Credit card (automatic),1,74.1
8800-ZKRFW,0.6189,Yes,Medium,No,Month-to-month,Fiber optic,Electronic check,30,107.5
2616-FLVQC,0.0517,No,Low,No,Two year,No,Mailed check,64,19.55
9968-FFVVH,0.0986,No,Low,No,One year,DSL,Bank transfer (automatic),63,68.8
3108-PCCGG,0.0898,No,Low,No,Two year,DSL,Credit card (automatic),72,84.45
7993-PYKOF,0.6578,Yes,Medium,Yes,Month-to-month,Fiber optic,Electronic check,8,75.0
8390-FESFV,0.0388,No,Low,No,Two year,DSL,Bank transfer (automatic),62,84.5
3022-BEXHZ,0.3201,No,Low,No,Two year,Fiber optic,Bank transfer (automatic),67,111.2
5027-XWQHA,0.6383,Yes,Medium,Yes,Month-to-month,DSL,Electronic check,6,44.75
6248-TKCQV,0.0706,No,Low,No,Two year,DSL,Bank transfer (automatic),70,80.6
6729-GDNGC,0.5604,Yes,Medium,No,Month-to-month,Fiber optic,Bank transfer (automatic),20,80.7
6198-ZFIOJ,0.8235,Yes,High,No,Month-to-month,Fiber optic,Electronic check,5,75.6
5989-OMNJE,0.2221,No,Low,No,One year,DSL,Electronic check,24,57.6
4566-QVRRW,0.5072,Yes,Medium,Yes,Month-to-month,DSL,Electronic check,11,44.05
1291-CUOCY,0.1732,No,Low,No,Two year,Fiber optic,Credit card (automatic),72,110.6
9795-SHUHB,0.0726,No,Low,No,Two year,DSL,Credit card (automatic),66,58.2
3230-IUALN,0.0668,No,Low,No,Two year,DSL,Mailed check,45,81.0
0042-RLHYP,0.0174,No,Low,No,Two year,No,Bank transfer (automatic),69,19.7
8519-IMDHU,0.7761,Yes,High,Yes,Month-to-month,Fiber optic,Bank transfer (automatic),15,85.6
4945-RVMTE,0.2909,No,Low,No,Month-to-month,DSL,Bank transfer (automatic),28,59.55
0201-OAMXR,0.2621,No,Low,Yes,One year,Fiber optic,Credit card (automatic),70,115.55
1866-NXPSP,0.2897,No,Low,No,One year,DSL,Mailed check,36,75.55
3372-KWFBM,0.8049,Yes,High,Yes,Month-to-month,Fiber optic,Electronic check,16,86.6
7831-QGOXH,0.7604,Yes,High,Yes,Month-to-month,Fiber optic,Electronic check,18,85.2
6393-WRYZE,0.7272,Yes,High,Yes,Month-to-month,Fiber optic,Electronic check,34,97.65
3941-XTSKM,0.3094,No,Low,No,One year,DSL,Credit card (automatic),42,45.1
1661-CZBAU,0.2028,No,Low,No,One year,DSL,Bank transfer (automatic),48,70.95
6599-RCLCJ,0.5923,Yes,Medium,Yes,Month-to-month,Fiber optic,Electronic check,47,109.55
9831-BPFRI,0.321,No,Low,Yes,One year,Fiber optic,Electronic check,39,89.55
5158-RIVOP,0.0821,No,Low,No,Two year,No,Credit card (automatic),11,20.9
9788-YTFGE,0.3093,No,Low,No,Month-to-month,No,Mailed check,7,19.95
9277-JOOMO,0.2932,No,Low,No,Month-to-month,No,Mailed check,3,24.6
1907-YLNYW,0.4579,No,Medium,No,Month-to-month,DSL,Electronic check,8,66.7
1725-MIMXW,0.5841,Yes,Medium,Yes,Month-to-month,No,Mailed check,1,19.45
8947-YRTDV,0.2941,No,Low,No,One year,Fiber optic,Mailed check,32,94.8
3161-ONRWK,0.0794,No,Low,No,One year,DSL,Bank transfer (automatic),60,65.85
0114-RSRRW,0.2818,No,Low,No,Month-to-month,No,Bank transfer (automatic),10,19.95
4565-NLZBV,0.0201,No,Low,No,Two year,No,Bank transfer (automatic),71,24.65
0031-PVLZI,0.2779,No,Low,Yes,Month-to-month,No,Mailed check,4,20.35
7206-GZCDC,0.9024,Yes,High,Yes,Month-to-month,Fiber optic,Electronic check,1,69.25
6682-VCIXC,0.1204,No,Low,No,One year,DSL,Bank transfer (automatic),43,51.25
4791-QRGMF,0.4121,No,Medium,Yes,One year,Fiber optic,Bank transfer (automatic),59,99.5
6475-VHUIZ,0.3466,No,Low,No,Month-to-month,DSL,Electronic check,23,54.25
3910-MRQOY,0.0266,No,Low,No,Two year,No,Bank transfer (automatic),72,19.4
0661-WCQNQ,0.1811,No,Low,No,One year,DSL,Credit card (automatic),22,56.25
7537-RBWEA,0.7822,Yes,High,No,Month-to-month,DSL,Mailed check,1,25.15
4656-CAURT,0.0125,No,Low,No,Two year,No,Bank transfer (automatic),69,23.95
0121-SNYRK,0.1265,No,Low,No,One year,DSL,Mailed check,50,35.4
1768-ZAIFU,0.8244,Yes,High,Yes,Month-to-month,DSL,Electronic check,1,25.2
4671-LXRDQ,0.7315,Yes,High,Yes,Month-to-month,DSL,Mailed check,2,45.0
3733-LSYCE,0.6536,Yes,Medium,No,Month-to-month,Fiber optic,Bank transfer (automatic),15,75.35
6265-FRMTQ,0.0393,No,Low,No,Two year,No,Bank transfer (automatic),31,20.4
1934-SJVJK,0.5824,Yes,Medium,Yes,Month-to-month,No,Mailed check,1,20.15
3838-OZURD,0.5754,Yes,Medium,Yes,Month-to-month,Fiber optic,Credit card (automatic),66,105.0
1371-DWPAZ,0.2511,No,Low,No,Two year,DSL,Credit card (automatic),0,56.05
9269-CQOOL,0.6742,Yes,Medium,Yes,Month-to-month,DSL,Credit card (automatic),3,54.7
2017-CCBLH,0.0918,No,Low,No,Two year,No,Mailed check,8,20.0
7690-KPNCU,0.2114,No,Low,No,One year,DSL,Credit card (automatic),64,73.05
0536-BGFMZ,0.1154,No,Low,No,Month-to-month,No,Mailed check,28,20.5
2293-IJWPS,0.4441,No,Medium,No,One year,Fiber optic,Credit card (automatic),57,100.75
2845-HSJCY,0.7827,Yes,High,Yes,Month-to-month,Fiber optic,Electronic check,14,87.25
5469-NUJUR,0.029,No,Low,No,Two year,No,Mailed check,19,19.95
1184-PJVDB,0.8428,Yes,High,Yes,Month-to-month,Fiber optic,Electronic check,10,79.95
2625-TRCZQ,0.5251,Yes,Medium,No,Month-to-month,DSL,Electronic check,51,49.65
4102-HLENU,0.0322,No,Low,No,Two year,DSL,Mailed check,67,65.65
7266-GSSJX,0.2717,No,Low,No,Month-to-month,No,Electronic check,11,20.45
7722-VJRQD,0.0342,No,Low,No,Two year,DSL,Bank transfer (automatic),72,60.95
7073-QETQY,0.0522,No,Low,No,One year,No,Electronic check,66,20.35
9415-DPEWS,0.7128,Yes,High,Yes,Month-to-month,Fiber optic,Electronic check,18,88.35
5624-RYAMH,0.3345,No,Low,No,Month-to-month,No,Electronic check,9,19.5
0196-JTUQI,0.764,Yes,High,No,Month-to-month,Fiber optic,Credit card (automatic),9,75.2
7130-YXBRO,0.5517,Yes,Medium,No,Month-to-month,Fiber optic,Bank transfer (automatic),48,111.45
9272-LSVYH,0.6848,Yes,Medium,No,Month-to-month,Fiber optic,Mailed check,10,70.15
7943-RQCHR,0.903,Yes,High,Yes,Month-to-month,Fiber optic,Electronic check,9,94.75
3793-MMFUH,0.8065,Yes,High,Yes,Month-to-month,Fiber optic,Electronic check,13,95.05
3249-ZPQRG,0.8364,Yes,High,Yes,Month-to-month,Fiber optic,Electronic check,4,78.45
2568-BRGYX,0.7616,Yes,High,Yes,Month-to-month,Fiber optic,Electronic check,4,70.2
3084-DOWLE,0.0111,No,Low,No,Two year,DSL,Bank transfer (automatic),72,92.0
1084-MNSMJ,0.0355,No,Low,No,Two year,DSL,Credit card (automatic),51,85.5
7721-JXEAW,0.338,No,Low,Yes,Month-to-month,DSL,Bank transfer (automatic),59,41.05
7249-WBIYX,0.8522,Yes,High,Yes,Month-to-month,Fiber optic,Electronic check,10,85.6
4238-HFHSN,0.4992,No,Medium,No,Month-to-month,Fiber optic,Electronic check,61,82.15
6250-CGGUN,0.2432,No,Low,No,One year,Fiber optic,Electronic check,54,84.4
5478-JJVZK,0.2997,No,Low,No,Month-to-month,DSL,Mailed check,33,60.9
7596-IIWYC,0.0311,No,Low,No,Two year,No,Bank transfer (automatic),27,20.25
6567-HOOPW,0.9391,Yes,High,Yes,Month-to-month,Fiber optic,Electronic check,1,79.2
9793-WECQC,0.6103,Yes,Medium,No,Month-to-month,Fiber optic,Mailed check,23,95.3
4291-HPAXL,0.5723,Yes,Medium,No,Month-to-month,No,Mailed check,1,19.85
8999-YPYBV,0.0777,No,Low,No,Two year,DSL,Mailed check,45,84.35
1839-FBNFR,0.0316,No,Low,No,Two year,No,Bank transfer (automatic),39,19.85
3164-AALRN,0.4695,No,Medium,Yes,One year,DSL,Mailed check,5,70.0
3071-MVJCD,0.0441,No,Low,No,Two year,DSL,Bank transfer (automatic),72,82.3
1697-BCSHV,0.2922,No,Low,No,Month-to-month,DSL,Bank transfer (automatic),58,66.8
0562-KBDVM,0.0566,No,Low,No,Two year,DSL,Bank transfer (automatic),70,44.6
1131-SUEKT,0.3257,No,Low,No,One year,Fiber optic,Bank transfer (automatic),61,98.45
3717-OEAUQ,0.7755,Yes,High,No,Month-to-month,Fiber optic,Mailed check,2,70.7
4538-WNTMJ,0.0646,No,Low,No,One year,No,Mailed check,46,24.95
3334-CTHOL,0.7658,Yes,High,Yes,Month-to-month,DSL,Bank transfer (automatic),1,49.95
4704-ERYFC,0.6575,Yes,Medium,Yes,Month-to-month,Fiber optic,Electronic check,22,69.25
9432-RUVSL,0.2835,No,Low,No,Two year,Fiber optic,Credit card (automatic),48,102.5
8060-HIWJJ,0.0445,No,Low,No,Two year,DSL,Credit card (automatic),64,86.55
7684-XSZIY,0.0161,No,Low,No,Two year,No,Bank transfer (automatic),72,24.3
9089-UOWJG,0.476,No,Medium,No,Month-to-month,DSL,Credit card (automatic),12,58.35
8621-MNIHH,0.6931,Yes,Medium,Yes,Month-to-month,Fiber optic,Electronic check,34,94.25
8039-ACLPL,0.0836,No,Low,No,Two year,DSL,Credit card (automatic),72,68.75
9885-AIBVB,0.6905,Yes,Medium,No,Month-to-month,Fiber optic,Electronic check,29,85.8
1934-MKPXS,0.0235,No,Low,No,One year,No,Credit card (automatic),33,20.1
2592-YKDIF,0.5112,Yes,Medium,No,Month-to-month,No,Mailed check,1,20.35
2272-JKMSI,0.4145,No,Medium,No,One year,Fiber optic,Electronic check,62,110.8
0471-LVHGK,0.2807,No,Low,Yes,One year,DSL,Electronic check,41,73.0
9518-RWHZL,0.3639,No,Low,Yes,One year,Fiber optic,Credit card (automatic),64,100.05
8714-CTZJW,0.8187,Yes,High,No,Month-to-month,Fiber optic,Credit card (automatic),4,82.85
3569-EDBPQ,0.5702,Yes,Medium,No,Month-to-month,Fiber optic,Electronic check,24,84.35
3131-NWVFJ,0.0644,No,Low,No,One year,No,Mailed check,14,19.55
7521-YXVZY,0.3694,No,Low,No,Month-to-month,No,Mailed check,3,19.95
5419-CONWX,0.8621,Yes,High,Yes,Month-to-month,Fiber optic,Credit card (automatic),4,99.8
6240-EURKS,0.5551,Yes,Medium,Yes,Month-to-month,DSL,Electronic check,18,35.0
2373-NTKOD,0.5533,Yes,Medium,No,Month-to-month,DSL,Electronic check,8,66.25
1970-KKFWL,0.0504,No,Low,No,Two year,No,Bank transfer (automatic),35,23.3
6960-HVYXR,0.9054,Yes,High,Yes,Month-to-month,Fiber optic,Electronic check,1,76.0
9337-SRRNI,0.0152,No,Low,No,Two year,No,Credit card (automatic),66,25.3
0895-UADGO,0.21,No,Low,No,Two year,DSL,Mailed check,8,44.55
5678-VFNEQ,0.308,No,Low,No,One year,Fiber optic,Credit card (automatic),71,104.1
5977-CKHON,0.5813,Yes,Medium,No,Month-to-month,Fiber optic,Bank transfer (automatic),43,92.55
7024-OHCCK,0.9274,Yes,High,Yes,Month-to-month,Fiber optic,Electronic check,2,93.85
2692-BUCFV,0.6689,Yes,Medium,No,Month-to-month,Fiber optic,Bank transfer (automatic),29,101.45
7861-UVUFT,0.7163,Yes,High,Yes,Month-to-month,Fiber optic,Electronic check,15,84.3
1830-GGFNM,0.1401,No,Low,No,Two year,Fiber optic,Credit card (automatic),65,94.55
5302-BDJNT,0.6262,Yes,Medium,No,Month-to-month,Fiber optic,Electronic check,35,95.5
5223-UZAVK,0.3097,No,Low,No,One year,Fiber optic,Credit card (automatic),64,100.3
4859-ZSRDZ,0.0953,No,Low,No,Two year,DSL,Credit card (automatic),58,55.5
5651-WYIPH,0.4722,No,Medium,No,Month-to-month,DSL,Credit card (automatic),18,49.85
9350-VLHMB,0.4156,No,Medium,No,Month-to-month,Fiber optic,Bank transfer (automatic),67,89.55
3498-LZGQZ,0.0526,No,Low,No,Two year,No,Mailed check,63,19.15
8785-CJSHH,0.5971,Yes,Medium,No,Month-to-month,Fiber optic,Electronic check,60,99.8
5357-TZHPP,0.8377,Yes,High,Yes,Month-to-month,Fiber optic,Credit card (automatic),9,84.4
3870-SPZSI,0.1363,No,Low,No,Two year,Fiber optic,Credit card (automatic),70,113.05
0680-DFNNY,0.8287,Yes,High,Yes,Month-to-month,Fiber optic,Electronic check,15,101.1
7560-QRBXH,0.035,No,Low,No,One year,No,Mailed check,48,19.95
7077-XJMET,0.5115,Yes,Medium,No,Month-to-month,DSL,Electronic check,12,74.15
8752-GHJFU,0.2195,No,Low,No,One year,Fiber optic,Electronic check,71,92.0
6896-SRVYQ,0.5274,Yes,Medium,No,Month-to-month,Fiber optic,Electronic check,44,73.85
7767-UXAGJ,0.7677,Yes,High,Yes,Month-to-month,DSL,Electronic check,1,50.45
4652-ODEVH,0.0408,No,Low,No,Two year,No,Mailed check,45,24.45
6510-UPNKS,0.1145,No,Low,No,One year,No,Credit card (automatic),23,24.8
6718-BDGHG,0.2443,No,Low,No,One year,DSL,Bank transfer (automatic),43,64.85
9046-DQMTP,0.1419,No,Low,No,Month-to-month,No,Bank transfer (automatic),35,20.75
6439-LAJXL,0.3879,No,Low,No,Month-to-month,DSL,Mailed check,9,68.95
1571-SAVHK,0.7962,Yes,High,Yes,Month-to-month,Fiber optic,Mailed check,12,99.95
9052-VKDUW,0.4935,No,Medium,No,Month-to-month,Fiber optic,Credit card (automatic),65,109.4
9546-CQJSU,0.9164,Yes,High,Yes,Month-to-month,Fiber optic,Electronic check,2,91.4
1666-JZPZT,0.2552,No,Low,No,Month-to-month,DSL,Mailed check,27,49.0
5777-KJIRB,0.2125,No,Low,No,One year,DSL,Mailed check,40,50.25
0506-LVNGN,0.7756,Yes,High,Yes,Month-to-month,Fiber optic,Credit card (automatic),5,75.55
7677-SJJJK,0.1611,No,Low,No,One year,No,Credit card (automatic),8,19.9
2480-EJWYP,0.4354,No,Medium,No,One year,Fiber optic,Bank transfer (automatic),58,97.8
3253-HKOKL,0.3402,No,Low,No,One year,Fiber optic,Electronic check,52,100.3
7055-HNEOJ,0.6411,Yes,Medium,No,Month-to-month,DSL,Mailed check,3,55.8
5514-YQENT,0.2963,No,Low,No,Two year,Fiber optic,Electronic check,41,111.15
3211-AAPKX,0.7054,Yes,High,No,Month-to-month,Fiber optic,Mailed check,20,98.55
8445-DNBAE,0.7743,Yes,High,No,Month-to-month,DSL,Electronic check,1,50.05
2951-QOQTK,0.782,Yes,High,Yes,Month-to-month,Fiber optic,Credit card (automatic),4,80.8
2958-NHPPS,0.1652,No,Low,No,Month-to-month,No,Electronic check,23,20.85
6806-YDEUL,0.2911,No,Low,No,Month-to-month,No,Bank transfer (automatic),6,19.5
1735-XMJVH,0.3183,No,Low,No,Month-to-month,No,Mailed check,8,19.35
6890-PFRQX,0.3804,No,Low,No,Month-to-month,DSL,Mailed check,18,69.5
0222-CNVPT,0.3656,No,Low,No,Month-to-month,DSL,Credit card (automatic),52,48.8
5899-OUVKV,0.6803,Yes,Medium,No,Month-to-month,Fiber optic,Electronic check,31,94.5
8681-ICONS,0.1491,No,Low,No,Month-to-month,No,Mailed check,29,20.65
1621-YNCJH,0.292,No,Low,No,Two year,Fiber optic,Credit card (automatic),36,106.05
3473-XIIIT,0.7743,Yes,High,Yes,Month-to-month,Fiber optic,Electronic check,16,100.0
6362-QHAFM,0.5658,Yes,Medium,No,One year,Fiber optic,Electronic check,42,108.3
7893-IXHRQ,0.4898,No,Medium,Yes,Month-to-month,No,Electronic check,1,20.55
3070-BDOQC,0.2975,No,Low,No,Two year,Fiber optic,Electronic check,60,99.65
2952-QAYZF,0.8604,Yes,High,Yes,Month-to-month,Fiber optic,Electronic check,5,85.3
6234-PFPXL,0.5633,Yes,Medium,No,Month-to-month,Fiber optic,Credit card (automatic),22,95.9
9824-QCJPK,0.0259,No,Low,No,One year,No,Mailed check,36,20.0
4763-PGDPO,0.7577,Yes,High,Yes,Month-to-month,Fiber optic,Electronic check,4,70.4
4283-IVYCI,0.3501,No,Low,No,Month-to-month,DSL,Mailed check,9,64.95
1866-OBPNR,0.8464,Yes,High,No,Month-to-month,Fiber optic,Credit card (automatic),1,74.6
8205-MQUGY,0.5533,Yes,Medium,No,Month-to-month,DSL,Electronic check,12,49.2
8970-ANWXO,0.2778,No,Low,No,One year,DSL,Mailed check,23,73.75
9480-BQJEI,0.2443,No,Low,No,One year,Fiber optic,Bank transfer (automatic),62,92.3
5394-SVGJV,0.5189,Yes,Medium,Yes,Month-to-month,Fiber optic,Bank transfer (automatic),37,98.8
6979-TNDEU,0.3202,No,Low,No,Month-to-month,No,Mailed check,8,19.2
9777-WJJPR,0.5707,Yes,Medium,No,Month-to-month,Fiber optic,Credit card (automatic),31,88.65
9283-LZQOH,0.6912,Yes,Medium,Yes,Month-to-month,Fiber optic,Credit card (automatic),13,74.4
7079-QRCBC,0.7906,Yes,High,Yes,Month-to-month,Fiber optic,Electronic check,24,98.75
9495-SKLKD,0.5965,Yes,Medium,No,Month-to-month,Fiber optic,Bank transfer (automatic),45,95.95
6048-UWKAL,0.2045,No,Low,No,Two year,Fiber optic,Credit card (automatic),69,105.4
5067-DGXLL,0.3282,No,Low,No,Month-to-month,No,Mailed check,2,20.25
5469-CTCWN,0.4097,No,Medium,Yes,One year,Fiber optic,Electronic check,61,106.0
9851-QXEEQ,0.7315,Yes,High,Yes,Month-to-month,Fiber optic,Electronic check,41,104.7
6281-FKEWS,0.3317,No,Low,No,One year,DSL,Electronic check,44,49.05
8898-KASCD,0.2125,No,Low,No,One year,DSL,Mailed check,39,35.55
9242-TKFSV,0.0354,No,Low,No,Two year,DSL,Credit card (automatic),72,65.1
9290-SHCMB,0.8434,Yes,High,No,Month-to-month,Fiber optic,Electronic check,13,96.85
0743-HNPFG,0.1621,No,Low,No,One year,DSL,Credit card (automatic),51,69.75
2277-BKJKN,0.3092,No,Low,No,Two year,Fiber optic,Electronic check,71,99.2
9809-IMGCQ,0.8006,Yes,High,Yes,Month-to-month,Fiber optic,Electronic check,22,96.7
5208-HFSBT,0.6155,Yes,Medium,Yes,Month-to-month,DSL,Credit card (automatic),2,55.05
5035-PGZXH,0.5431,Yes,Medium,No,One year,Fiber optic,Electronic check,56,106.8
8695-WDYEA,0.7124,Yes,High,No,Month-to-month,DSL,Mailed check,1,51.25
6543-JXSOO,0.1703,No,Low,No,One year,DSL,Mailed check,23,57.75
8016-ZMGMO,0.1543,No,Low,No,One year,DSL,Bank transfer (automatic),66,70.85
8605-ITULD,0.5469,Yes,Medium,No,Month-to-month,No,Mailed check,1,19.55
3254-YRILK,0.7681,Yes,High,Yes,Month-to-month,Fiber optic,Electronic check,19,88.2
6416-YJTTB,0.6574,Yes,Medium,No,Month-to-month,Fiber optic,Bank transfer (automatic),11,79.5
2667-WYLWJ,0.1283,No,Low,Yes,One year,No,Mailed check,8,19.75
4472-VESGY,0.4207,No,Medium,No,Month-to-month,Fiber optic,Bank transfer (automatic),52,98.15
3195-TQDZX,0.365,No,Low,No,Month-to-month,No,Electronic check,3,20.25
3128-YOVTD,0.3552,No,Low,No,Month-to-month,Fiber optic,Bank transfer (automatic),51,79.15
0529-ONKER,0.7464,Yes,High,Yes,Month-to-month,Fiber optic,Electronic check,15,75.65
1728-CXQBE,0.5869,Yes,Medium,No,Month-to-month,Fiber optic,Electronic check,64,94.25
7041-TXQJH,0.4308,No,Medium,No,Month-to-month,DSL,Credit card (automatic),37,40.2
5014-GSOUQ,0.0414,No,Low,No,Two year,No,Mailed check,13,19.95
5724-BIDBU,0.2037,No,Low,No,One year,DSL,Electronic check,49,55.35
0481-SUMCB,0.4879,No,Medium,No,One year,Fiber optic,Bank transfer (automatic),45,102.15
1769-GRUIK,0.6342,Yes,Medium,No,Month-to-month,Fiber optic,Electronic check,18,71.1
5240-IJOQT,0.9219,Yes,High,Yes,Month-to-month,Fiber optic,Electronic check,1,74.7
8819-WFGGJ,0.1142,No,Low,No,Two year,DSL,Bank transfer (automatic),68,54.1
7427-AUFPY,0.0596,No,Low,No,Two year,No,Credit card (automatic),54,19.65
2811-POVEX,0.6499,Yes,Medium,No,Month-to-month,Fiber optic,Bank transfer (automatic),23,88.45
1092-GANHU,0.6562,Yes,Medium,Yes,Month-to-month,Fiber optic,Electronic check,17,76.65
7898-PDWQE,0.0288,No,Low,No,Two year,DSL,Credit card (automatic),71,80.4
9972-EWRJS,0.0212,No,Low,No,Two year,No,Bank transfer (automatic),67,19.25
9314-IJWSQ,0.8092,Yes,High,No,Month-to-month,Fiber optic,Electronic check,14,84.8
0661-XEYAN,0.7905,Yes,High,Yes,Month-to-month,DSL,Mailed check,1,25.8
5799-JRCZO,0.0343,No,Low,No,Two year,No,Credit card (automatic),63,19.5
1921-KYSAY,0.2583,No,Low,No,One year,DSL,Electronic check,41,68.6
6198-RTPMF,0.7625,Yes,High,No,Month-to-month,Fiber optic,Electronic check,17,92.6
2924-KHUVI,0.4451,No,Medium,No,One year,Fiber optic,Electronic check,56,100.55
1925-GMVBW,0.3143,No,Low,No,Month-to-month,No,Credit card (automatic),5,20.55
7881-EVUAD,0.678,Yes,Medium,Yes,Month-to-month,DSL,Electronic check,2,42.6
6184-DYUOB,0.2834,No,Low,No,Month-to-month,No,Mailed check,3,19.6
9207-ZPANB,0.2124,No,Low,No,One year,DSL,Electronic check,37,67.45
5766-XQXMQ,0.2624,No,Low,Yes,Month-to-month,DSL,Bank transfer (automatic),29,68.85
9327-QSDED,0.5194,Yes,Medium,No,Month-to-month,DSL,Mailed check,8,43.55
1656-DRSMG,0.4684,No,Medium,No,Month-to-month,Fiber optic,Credit card (automatic),63,109.85
3012-VFFMN,0.2529,No,Low,No,Month-to-month,No,Mailed check,7,20.65
2984-AFWNC,0.8716,Yes,High,No,Month-to-month,Fiber optic,Electronic check,3,95.4
0640-YJTPY,0.0077,No,Low,No,Two year,No,Bank transfer (automatic),72,21.0
8096-LOIST,0.4931,No,Medium,No,Month-to-month,DSL,Electronic check,19,56.2
9764-REAFF,0.0685,No,Low,No,Two year,No,Bank transfer (automatic),59,18.4
3703-VAVCL,0.7572,Yes,High,Yes,Month-to-month,Fiber optic,Credit card (automatic),2,90.0
7107-UBYKY,0.1305,No,Low,No,Month-to-month,No,Electronic check,35,25.75
4881-GQJTW,0.2288,No,Low,No,Month-to-month,No,Credit card (automatic),14,19.6
8519-QJGJD,0.6652,Yes,Medium,Yes,Month-to-month,Fiber optic,Electronic check,14,75.35
7876-DNYAP,0.0042,No,Low,No,Two year,No,Credit card (automatic),69,19.8
7905-NJMXS,0.448,No,Medium,No,Month-to-month,DSL,Electronic check,7,64.2
2882-WDTBA,0.0725,No,Low,No,Two year,DSL,Bank transfer (automatic),69,75.75
2091-GPPIQ,0.0861,No,Low,No,Two year,DSL,Electronic check,72,78.95
6326-MTTXK,0.8541,Yes,High,Yes,Month-to-month,Fiber optic,Electronic check,8,100.85
5071-FBJFS,0.6153,Yes,Medium,No,Month-to-month,DSL,Electronic check,4,50.3
2796-UUZZO,0.3033,No,Low,No,Month-to-month,Fiber optic,Credit card (automatic),63,80.3
2429-AYKKO,0.0234,No,Low,No,Two year,No,Bank transfer (automatic),72,19.85
9798-OPFEM,0.0542,No,Low,No,Two year,No,Electronic check,46,21.1
0330-IVZHA,0.7164,Yes,High,Yes,Month-to-month,Fiber optic,Electronic check,5,69.95
3794-NFNCH,0.2579,No,Low,No,Month-to-month,DSL,Mailed check,30,50.0
5193-QLVZB,0.3109,No,Low,No,Two year,Fiber optic,Bank transfer (automatic),63,104.75
7114-AEOZE,0.0396,No,Low,No,Two year,No,Bank transfer (automatic),60,19.85
2886-KEFUM,0.432,No,Medium,Yes,One year,Fiber optic,Electronic check,63,107.5
5522-NYKPB,0.6097,Yes,Medium,No,Month-to-month,Fiber optic,Electronic check,25,85.9
4237-RLAQD,0.7691,Yes,High,Yes,Month-to-month,DSL,Mailed check,1,45.85
9957-YODKZ,0.8607,Yes,High,No,Month-to-month,Fiber optic,Electronic check,6,80.8
6518-KZXCB,0.0621,No,Low,No,Two year,No,Mailed check,22,25.25
2245-ADZFJ,0.1099,No,Low,No,Two year,DSL,Bank transfer (automatic),31,80.55
7776-QGYJC,0.4669,No,Medium,No,Month-to-month,Fiber optic,Bank transfer (automatic),39,81.5
9313-QOLTZ,0.1035,No,Low,No,Month-to-month,No,Mailed check,26,20.9
9651-GTSAQ,0.4475,No,Medium,Yes,One year,Fiber optic,Bank transfer (automatic),53,106.1
3186-BAXNB,0.8239,Yes,High,Yes,Month-to-month,Fiber optic,Electronic check,1,91.7
4672-FOTSD,0.4305,No,Medium,No,Month-to-month,DSL,Electronic check,12,67.25
0637-YLETY,0.7497,Yes,High,Yes,Month-to-month,Fiber optic,Credit card (automatic),16,95.6
9818-XQCUV,0.348,No,Low,No,Month-to-month,No,Mailed check,2,20.35
7338-ERIVA,0.1073,No,Low,No,One year,DSL,Bank transfer (automatic),39,45.05
1157-BQCUW,0.9256,Yes,High,Yes,Month-to-month,Fiber optic,Electronic check,1,74.95
8259-NFJTV,0.4948,No,Medium,No,Month-to-month,DSL,Mailed check,7,34.65
3223-DWFIO,0.767,Yes,High,No,Month-to-month,Fiber optic,Electronic check,4,69.35
2660-EMUBI,0.887,Yes,High,Yes,Month-to-month,Fiber optic,Electronic check,10,95.35
6968-GMKPR,0.5744,Yes,Medium,No,Month-to-month,Fiber optic,Electronic check,55,81.55
4751-ERMAN,0.1495,No,Low,No,Two year,DSL,Bank transfer (automatic),72,75.4
1436-ZMJAN,0.5004,Yes,Medium,No,Month-to-month,DSL,Credit card (automatic),10,67.8
3292-PBZEJ,0.7994,Yes,High,No,Month-to-month,Fiber optic,Electronic check,11,111.4
0799-DDIHE,0.4935,No,Medium,No,Month-to-month,DSL,Electronic check,15,46.3
3070-FNFZQ,0.0296,No,Low,No,Two year,No,Bank transfer (automatic),23,20.4
2812-SFXMJ,0.573,Yes,Medium,No,Month-to-month,No,Mailed check,1,20.05
7675-OZCZG,0.7356,Yes,High,Yes,Month-to-month,DSL,Electronic check,3,45.0
5014-WUQMG,0.3371,No,Low,No,One year,Fiber optic,Electronic check,47,96.1
5312-TSZVC,0.0847,No,Low,No,One year,No,Mailed check,15,19.65
2003-CKLOR,0.5654,Yes,Medium,Yes,Month-to-month,Fiber optic,Electronic check,66,99.5
0993-OSGPT,0.1331,No,Low,No,One year,DSL,Bank transfer (automatic),68,60.65
9254-RBFON,0.4572,No,Medium,Yes,One year,Fiber optic,Bank transfer (automatic),17,98.6
1205-WNWPJ,0.4343,No,Medium,Yes,Month-to-month,DSL,Mailed check,7,59.5
9391-EOYLI,0.8152,Yes,High,Yes,Month-to-month,Fiber optic,Electronic check,12,80.45
7108-DGVUU,0.2587,No,Low,No,One year,DSL,Bank transfer (automatic),21,71.7
2782-JEEBU,0.3353,No,Low,No,Month-to-month,DSL,Mailed check,21,36.0
5127-BZENZ,0.1362,No,Low,No,One year,DSL,Bank transfer (automatic),56,65.2
2720-FVBQP,0.6141,Yes,Medium,No,Month-to-month,DSL,Credit card (automatic),6,48.95
9906-NHHVC,0.1372,No,Low,No,Two year,DSL,Bank transfer (automatic),65,53.5
4522-XRWWI,0.2148,No,Low,No,One year,DSL,Credit card (automatic),42,80.45
3766-EJLFL,0.2818,No,Low,No,Two year,Fiber optic,Bank transfer (automatic),68,109.05
5939-SXWHM,0.0388,No,Low,No,Two year,No,Bank transfer (automatic),48,26.3
8152-UOBNY,0.512,Yes,Medium,No,One year,Fiber optic,Electronic check,50,106.8
7351-KYHQH,0.5119,Yes,Medium,No,Month-to-month,DSL,Electronic check,7,64.95
7643-RCHXS,0.0408,No,Low,No,Two year,No,Electronic check,63,19.35
8246-SHFGA,0.1334,No,Low,No,Month-to-month,No,Credit card (automatic),17,21.1
8387-MOJJT,0.5558,Yes,Medium,Yes,Month-to-month,Fiber optic,Credit card (automatic),42,77.95
0620-XEFWH,0.2751,No,Low,No,Month-to-month,No,Mailed check,4,18.85
6485-QXWWE,0.0196,No,Low,No,Two year,No,Bank transfer (automatic),62,26.0
2761-OCIAX,0.8272,Yes,High,Yes,Month-to-month,Fiber optic,Electronic check,2,74.7
7321-VGNKU,0.7988,Yes,High,No,Month-to-month,Fiber optic,Electronic check,2,70.35
5327-CNLUQ,0.2363,No,Low,No,Two year,Fiber optic,Bank transfer (automatic),48,96.9
7552-KEYGT,0.0299,No,Low,No,Two year,No,Bank transfer (automatic),27,19.55
5816-JMLGY,0.0672,No,Low,No,Two year,DSL,Bank transfer (automatic),70,80.4
3068-OMWZA,0.9178,Yes,High,Yes,Month-to-month,Fiber optic,Electronic check,1,88.8
2927-QRRQV,0.393,No,Low,No,One year,Fiber optic,Electronic check,46,94.65
6032-KRXXO,0.6951,Yes,Medium,Yes,Month-to-month,Fiber optic,Electronic check,30,90.25
7459-RRWQZ,0.4395,No,Medium,Yes,Month-to-month,DSL,Bank transfer (automatic),15,64.65
6265-SXWBU,0.238,No,Low,No,One year,Fiber optic,Credit card (automatic),69,95.75
7941-RCJOW,0.0463,No,Low,No,Two year,No,Credit card (automatic),65,19.55
6374-NTQLP,0.1567,No,Low,No,Two year,Fiber optic,Credit card (automatic),72,104.1
4154-AQUGT,0.6337,Yes,Medium,Yes,Month-to-month,Fiber optic,Bank transfer (automatic),13,89.05
2387-KDZQY,0.0722,No,Low,No,One year,No,Mailed check,17,20.1
3584-WKTTW,0.4564,No,Medium,No,One year,Fiber optic,Electronic check,51,111.55
3399-BMLVW,0.0557,No,Low,No,Two year,DSL,Credit card (automatic),51,60.5
1971-DTCZB,0.0298,No,Low,No,Two year,DSL,Bank transfer (automatic),72,90.95
3092-IGHWF,0.261,No,Low,Yes,One year,Fiber optic,Electronic check,67,87.4
3374-PZLXD,0.1511,No,Low,No,Month-to-month,No,Mailed check,34,19.7
3813-DHBBB,0.0571,No,Low,No,Two year,DSL,Bank transfer (automatic),67,50.95
2812-REYAT,0.0749,No,Low,No,One year,No,Bank transfer (automatic),49,20.05
6518-PPLMZ,0.0316,No,Low,No,Two year,No,Mailed check,53,19.4
4939-KYYPY,0.3342,No,Low,No,Month-to-month,DSL,Electronic check,27,59.45
8017-LXHFA,0.7185,Yes,High,Yes,Month-to-month,Fiber optic,Electronic check,23,94.75
5930-GBIWP,0.0278,No,Low,No,Two year,DSL,Credit card (automatic),69,81.5
6022-KOUQO,0.6484,Yes,Medium,No,Month-to-month,DSL,Bank transfer (automatic),2,29.05
6352-TWCAU,0.7237,Yes,High,Yes,Month-to-month,Fiber optic,Electronic check,35,86.45
2361-UPSND,0.1412,No,Low,No,One year,DSL,Mailed check,46,70.6
6035-RIIOM,0.3504,No,Low,No,Two year,Fiber optic,Bank transfer (automatic),54,97.2
2929-QNSRW,0.4451,No,Medium,Yes,One year,Fiber optic,Electronic check,56,98.25
1262-OPMFY,0.7086,Yes,High,Yes,Month-to-month,Fiber optic,Bank transfer (automatic),9,75.75
9504-DSHWM,0.3454,No,Low,No,Month-to-month,DSL,Bank transfer (automatic),20,59.2
5035-BVCXS,0.7334,Yes,High,No,Month-to-month,Fiber optic,Mailed check,11,75.9
6267-DCFFZ,0.7597,Yes,High,No,Month-to-month,Fiber optic,Electronic check,30,90.05
3533-UVMOM,0.0751,No,Low,No,Two year,DSL,Bank transfer (automatic),68,70.95
2439-LYPMQ,0.7825,Yes,High,No,Month-to-month,Fiber optic,Electronic check,38,102.6
4248-QPAVC,0.5289,Yes,Medium,Yes,Month-to-month,Fiber optic,Bank transfer (automatic),17,85.35
1899-VXWXM,0.4031,No,Medium,Yes,One year,Fiber optic,Credit card (automatic),48,106.1
1478-VPOAD,0.7454,Yes,High,No,Month-to-month,DSL,Electronic check,1,43.8
9995-HOTOH,0.1721,No,Low,No,Two year,DSL,Electronic check,63,59.0
2988-PLAHS,0.495,No,Medium,No,One year,DSL,Electronic check,3,69.95
1371-OJCEK,0.0695,No,Low,No,One year,No,Bank transfer (automatic),48,24.35
4999-IEZLT,0.121,No,Low,No,One year,DSL,Credit card (automatic),66,29.45
8883-ANODQ,0.1315,No,Low,No,Two year,Fiber optic,Credit card (automatic),68,84.4
4690-LLKUA,0.517,Yes,Medium,Yes,Month-to-month,DSL,Electronic check,17,45.05
2351-RRBUE,0.1343,No,Low,No,One year,No,Mailed check,7,20.65
5980-BDHPY,0.0115,No,Low,No,Two year,DSL,Bank transfer (automatic),72,87.1
1498-DQNRX,0.1578,No,Low,No,Month-to-month,No,Mailed check,29,19.85
9469-WEJBT,0.512,Yes,Medium,No,Month-to-month,Fiber optic,Electronic check,37,90.35
3331-HQDTW,0.6226,Yes,Medium,Yes,Month-to-month,Fiber optic,Mailed check,34,109.8
9490-DFPMD,0.7127,Yes,High,Yes,Month-to-month,Fiber optic,Electronic check,42,84.65
2581-VKIRT,0.0762,No,Low,No,One year,DSL,Mailed check,59,65.5
5442-XSDCW,0.7966,Yes,High,Yes,Month-to-month,Fiber optic,Bank transfer (automatic),11,79.5
7426-WEIJX,0.3952,No,Low,No,Month-to-month,Fiber optic,Electronic check,60,80.95
2851-MMUTZ,0.2457,No,Low,No,Month-to-month,DSL,Mailed check,27,56.15
3049-NDXFL,0.893,Yes,High,Yes,Month-to-month,Fiber optic,Mailed check,1,85.8
8580-AECUZ,0.9189,Yes,High,Yes,Month-to-month,Fiber optic,Electronic check,1,79.1
3307-TLCUD,0.4171,No,Medium,No,Month-to-month,DSL,Mailed check,17,34.4
6625-FLENO,0.0206,No,Low,No,Two year,No,Mailed check,58,20.75
2967-MXRAV,0.286,No,Low,No,One year,No,Mailed check,1,18.8
7963-GQRMY,0.6287,Yes,Medium,Yes,Month-to-month,DSL,Mailed check,3,44.3
8189-HBVRW,0.4335,No,Medium,No,Month-to-month,Fiber optic,Electronic check,53,90.8
4163-KIUHY,0.1919,No,Low,No,Month-to-month,No,Electronic check,35,25.6
1228-FZFRV,0.4762,No,Medium,Yes,Month-to-month,Fiber optic,Credit card (automatic),50,105.95
3500-NSDOA,0.0916,No,Low,No,Two year,DSL,Credit card (automatic),68,70.8
1171-TYKUR,0.1325,No,Low,No,Month-to-month,No,Electronic check,47,25.4
3761-FLYZI,0.5639,Yes,Medium,No,Month-to-month,Fiber optic,Bank transfer (automatic),65,108.8
2058-DCJBE,0.7505,Yes,High,Yes,Month-to-month,Fiber optic,Electronic check,5,69.75
5364-XYIRR,0.6544,Yes,Medium,Yes,Month-to-month,Fiber optic,Electronic check,51,94.65
4829-AUOAX,0.6089,Yes,Medium,Yes,Month-to-month,Fiber optic,Bank transfer (automatic),46,96.05
1219-NNDDO,0.8024,Yes,High,No,Month-to-month,Fiber optic,Electronic check,9,76.85
8388-DMKAE,0.0701,No,Low,No,Two year,No,Mailed check,8,20.25
4403-BWPAY,0.1125,No,Low,No,One year,No,Credit card (automatic),14,24.8
9659-QEQSY,0.5088,Yes,Medium,No,Month-to-month,Fiber optic,Electronic check,45,115.65
5405-ZMYXQ,0.7909,Yes,High,No,Month-to-month,Fiber optic,Credit card (automatic),8,74.6
5047-LHVLY,0.7382,Yes,High,Yes,Month-to-month,DSL,Mailed check,1,50.15
1442-OKRJE,0.3419,No,Low,No,One year,Fiber optic,Bank transfer (automatic),66,103.15
4737-AQCPU,0.0772,No,Low,No,Two year,DSL,Credit card (automatic),72,72.1
9158-VCTQB,0.4951,No,Medium,Yes,Month-to-month,Fiber optic,Bank transfer (automatic),41,113.6
2808-CHTDM,0.0735,No,Low,No,Two year,No,Mailed check,23,25.1
6311-UEUME,0.6947,Yes,Medium,Yes,Month-to-month,Fiber optic,Electronic check,29,78.9
0793-TWELN,0.7708,Yes,High,No,Month-to-month,Fiber optic,Electronic check,4,80.15
3283-WCWXT,0.0942,No,Low,No,Two year,No,Mailed check,6,25.4
1060-ENTOF,0.3153,No,Low,No,One year,Fiber optic,Credit card (automatic),67,105.4
0999-QXNSA,0.5489,Yes,Medium,No,Month-to-month,DSL,Mailed check,7,45.75
5451-MHQOF,0.0569,No,Low,No,One year,No,Mailed check,56,24.45
4836-WNFNO,0.0073,No,Low,No,Two year,No,Credit card (automatic),72,25.0
9225-BZLNZ,0.1307,No,Low,No,Two year,DSL,Electronic check,72,85.25
0354-VXMJC,0.0284,No,Low,No,Two year,No,Credit card (automatic),23,19.6
4422-QVIJA,0.2863,No,Low,No,Month-to-month,DSL,Mailed check,35,50.15
9365-SRSZE,0.6913,Yes,Medium,No,Month-to-month,Fiber optic,Electronic check,27,70.55
6839-ITVZJ,0.2558,No,Low,Yes,Month-to-month,DSL,Electronic check,26,60.05
8332-OSJDW,0.076,No,Low,No,One year,No,Mailed check,12,26.4
4735-BJKOU,0.0133,No,Low,No,Two year,No,Mailed check,40,20.15
0274-JKUJR,0.4234,No,Medium,No,Month-to-month,DSL,Mailed check,7,58.85
5740-YHGTW,0.4288,No,Medium,No,Month-to-month,Fiber optic,Credit card (automatic),70,97.55
8917-SZTTJ,0.0297,No,Low,No,Two year,No,Credit card (automatic),60,19.65
1696-MZVAU,0.2796,No,Low,No,One year,DSL,Credit card (automatic),39,25.25
7359-WWYJV,0.086,No,Low,No,Two year,Fiber optic,Credit card (automatic),72,114.45
0375-HVGXO,0.8172,Yes,High,Yes,Month-to-month,DSL,Electronic check,1,34.7
4906-ZHGPK,0.1966,No,Low,No,One year,DSL,Electronic check,54,70.7
8593-WHYHV,0.9024,Yes,High,Yes,Month-to-month,Fiber optic,Electronic check,3,85.3
3795-GWTRD,0.0783,No,Low,No,Two year,DSL,Credit card (automatic),63,75.55
1298-PHBTI,0.1571,No,Low,No,Two year,Fiber optic,Electronic check,71,84.8
6223-DHJGV,0.0531,No,Low,No,One year,No,Mailed check,42,20.65
6961-MJKBO,0.0271,No,Low,No,Two year,No,Bank transfer (automatic),47,20.45
6097-EQISJ,0.3216,No,Low,Yes,One year,Fiber optic,Credit card (automatic),66,102.45
4423-YLHDV,0.6912,Yes,Medium,Yes,Month-to-month,Fiber optic,Bank transfer (automatic),21,104.4
8158-WPEZG,0.5033,Yes,Medium,No,Month-to-month,DSL,Electronic check,11,35.65
0107-YHINA,0.9294,Yes,High,Yes,Month-to-month,Fiber optic,Electronic check,1,99.75
4918-FYJNT,0.375,No,Low,No,Month-to-month,Fiber optic,Electronic check,55,90.45
0727-BNRLG,0.1826,No,Low,No,Two year,Fiber optic,Credit card (automatic),69,97.65
4854-CIDCF,0.7642,Yes,High,No,Month-to-month,Fiber optic,Electronic check,3,73.85
8640-SDGKB,0.5819,Yes,Medium,Yes,Month-to-month,DSL,Electronic check,4,74.4
3280-MRDOF,0.1715,No,Low,No,Two year,DSL,Credit card (automatic),30,69.1
6435-SRWBJ,0.8274,Yes,High,No,Month-to-month,Fiber optic,Electronic check,5,82.75
9964-WBQDJ,0.0205,No,Low,No,Two year,No,Credit card (automatic),71,24.4
6303-KFWSL,0.2393,No,Low,No,One year,DSL,Electronic check,29,55.25
1702-CCFNJ,0.2271,No,Low,No,Month-to-month,DSL,Bank transfer (automatic),52,61.35
8932-CZHRQ,0.2027,No,Low,No,One year,DSL,Credit card (automatic),68,76.75
0386-CWRGM,0.0187,No,Low,No,Two year,No,Mailed check,46,19.4
5515-RUGKN,0.5348,Yes,Medium,No,Month-to-month,DSL,Credit card (automatic),8,54.75
0404-AHASP,0.0112,No,Low,No,Two year,No,Credit card (automatic),72,19.7
7279-NMVJC,0.0667,No,Low,No,One year,No,Bank transfer (automatic),17,19.9
2081-VEYEH,0.8083,Yes,High,No,Month-to-month,Fiber optic,Electronic check,3,107.95
6407-UTSLV,0.8646,Yes,High,No,Month-to-month,Fiber optic,Bank transfer (automatic),2,83.8
4116-TZAQJ,0.6525,Yes,Medium,Yes,Month-to-month,Fiber optic,Credit card (automatic),9,74.25
9060-HJJRW,0.2566,No,Low,No,One year,DSL,Credit card (automatic),51,56.4
2587-YNLES,0.1074,No,Low,No,Two year,No,Mailed check,6,20.1
7398-SKNQZ,0.8843,Yes,High,No,Month-to-month,Fiber optic,Electronic check,3,94.9
5935-FCCNB,0.8075,Yes,High,No,Month-to-month,Fiber optic,Electronic check,17,94.2
1958-RNRKS,0.3647,No,Low,No,Month-to-month,DSL,Electronic check,30,49.9
5136-RGMZO,0.3568,No,Low,No,Month-to-month,DSL,Electronic check,31,71.05
8345-MVDYC,0.0838,No,Low,No,Two year,DSL,Bank transfer (automatic),45,81.65
8226-BXGES,0.162,No,Low,No,One year,Fiber optic,Bank transfer (automatic),64,89.45
3877-JRJIP,0.7293,Yes,High,Yes,Month-to-month,DSL,Electronic check,1,59.85
8375-DKEBR,0.9086,Yes,High,Yes,Month-to-month,Fiber optic,Electronic check,1,69.6
9705-IOVQQ,0.4287,No,Medium,No,One year,Fiber optic,Electronic check,61,99.0
1015-OWJKI,0.5227,Yes,Medium,No,Month-to-month,No,Mailed check,1,19.05
7511-YMXVQ,0.6329,Yes,Medium,Yes,Month-to-month,DSL,Electronic check,9,45.4
2040-XBAVJ,0.0837,No,Low,No,Two year,Fiber optic,Bank transfer (automatic),72,114.45
7551-JOHTI,0.5452,Yes,Medium,Yes,Month-to-month,No,Mailed check,1,19.5
8887-IPQNC,0.5124,Yes,Medium,No,Month-to-month,DSL,Mailed check,7,44.25
8646-JCOMS,0.1976,No,Low,No,One year,Fiber optic,Bank transfer (automatic),66,90.55
9804-ICWBG,0.9295,Yes,High,Yes,Month-to-month,Fiber optic,Electronic check,1,69.9
1222-KJNZD,0.1491,No,Low,No,Month-to-month,No,Bank transfer (automatic),40,20.4
0106-GHRQR,0.4354,No,Medium,No,Month-to-month,DSL,Bank transfer (automatic),16,71.4
5318-IXUZF,0.8457,Yes,High,Yes,Month-to-month,Fiber optic,Bank transfer (automatic),2,87.15
3768-VHXQO,0.008,No,Low,No,Two year,No,Credit card (automatic),67,24.85
8952-WCVCD,0.3779,No,Low,No,One year,Fiber optic,Bank transfer (automatic),41,104.45
2418-TPEUN,0.0292,No,Low,No,Two year,No,Credit card (automatic),56,19.8
3963-RYFNS,0.0987,No,Low,No,Two year,Fiber optic,Bank transfer (automatic),72,116.45
3198-VELRD,0.8839,Yes,High,Yes,Month-to-month,Fiber optic,Bank transfer (automatic),3,84.75
8540-ZQGEA,0.0239,No,Low,No,Two year,No,Credit card (automatic),54,20.05
1320-REHCS,0.5695,Yes,Medium,No,Month-to-month,Fiber optic,Electronic check,52,110.75
4137-JOPHL,0.1531,No,Low,No,Two year,Fiber optic,Bank transfer (automatic),50,89.7
9436-ZBZCT,0.7532,Yes,High,Yes,Month-to-month,Fiber optic,Electronic check,14,89.95
7801-CEDNV,0.1199,No,Low,No,One year,DSL,Credit card (automatic),27,48.7
2057-BOYKM,0.1109,No,Low,No,Two year,Fiber optic,Bank transfer (automatic),72,96.6
3658-QQJYD,0.191,No,Low,No,One year,DSL,Credit card (automatic),62,74.3
1803-BGNBD,0.4419,No,Medium,No,Month-to-month,DSL,Electronic check,12,54.3
0134-XWXCE,0.2677,No,Low,No,One year,DSL,Bank transfer (automatic),44,74.85
6950-TWMYB,0.1431,No,Low,No,Two year,Fiber optic,Bank transfer (automatic),54,79.95
5848-FHRFC,0.016,No,Low,No,Two year,No,Bank transfer (automatic),68,20.05
2243-FNMMI,0.1874,No,Low,No,Month-to-month,No,Mailed check,20,19.4
2511-MORQY,0.1452,No,Low,No,One year,DSL,Bank transfer (automatic),50,54.9
5356-KZCKT,0.0378,No,Low,No,Two year,No,Credit card (automatic),58,24.45
9470-XCCEM,0.6033,Yes,Medium,No,Month-to-month,Fiber optic,Bank transfer (automatic),35,89.65
6519-CFDBX,0.786,Yes,High,No,Month-to-month,DSL,Electronic check,2,45.4
3902-MIVLE,0.0566,No,Low,No,Two year,DSL,Mailed check,63,75.7
0409-WTMPL,0.349,No,Low,No,One year,Fiber optic,Credit card (automatic),58,110.65
8763-KIAFH,0.0277,No,Low,No,One year,No,Mailed check,27,20.55
3669-WHAFY,0.0893,No,Low,No,Two year,Fiber optic,Credit card (automatic),71,115.15
3055-VTCGS,0.149,No,Low,No,One year,DSL,Credit card (automatic),63,58.55
3144-KMTWZ,0.4531,No,Medium,No,Month-to-month,Fiber optic,Bank transfer (automatic),71,93.25
7279-BUYWN,0.5719,Yes,Medium,Yes,Month-to-month,Fiber optic,Electronic check,41,113.2
7156-MHUGY,0.7714,Yes,High,Yes,Month-to-month,Fiber optic,Electronic check,13,90.5
7198-GLXTC,0.8496,Yes,High,Yes,Month-to-month,Fiber optic,Electronic check,2,79.0
2007-QVGAW,0.0343,No,Low,No,Two year,No,Bank transfer (automatic),68,19.35
5207-PLSTK,0.6531,Yes,Medium,No,Month-to-month,DSL,Mailed check,1,48.75
2307-FYNNL,0.3162,No,Low,No,Two year,Fiber optic,Electronic check,65,109.05
5605-XNWEN,0.0203,No,Low,No,Two year,No,Bank transfer (automatic),72,25.0
2155-AMQRX,0.3141,No,Low,No,Month-to-month,DSL,Credit card (automatic),28,54.9
6181-AXXYF,0.0084,No,Low,No,Two year,No,Credit card (automatic),72,24.75
5091-HFAZW,0.7875,Yes,High,No,Month-to-month,Fiber optic,Electronic check,2,91.15
0516-VRYBW,0.0385,No,Low,Yes,One year,No,Bank transfer (automatic),18,20.15
2519-LBNQL,0.5022,Yes,Medium,No,One year,Fiber optic,Electronic check,60,104.35
8623-ULFNQ,0.3507,No,Low,No,Month-to-month,DSL,Electronic check,26,66.05
8380-PEFPE,0.9018,Yes,High,Yes,Month-to-month,Fiber optic,Electronic check,1,71.65
5687-DKDTV,0.2897,No,Low,Yes,Month-to-month,No,Mailed check,4,20.35
1568-LJSZU,0.0398,No,Low,No,Two year,DSL,Credit card (automatic),68,92.2
7530-HDYDS,0.4541,No,Medium,Yes,Month-to-month,Fiber optic,Credit card (automatic),38,84.25
7789-HKSBS,0.4816,No,Medium,No,One year,Fiber optic,Bank transfer (automatic),42,105.2
7416-CKTEP,0.0245,No,Low,No,Two year,No,Bank transfer (automatic),57,19.6
2586-CWXVV,0.4074,No,Medium,No,Month-to-month,DSL,Electronic check,54,30.4
3096-IZETN,0.7782,Yes,High,Yes,Month-to-month,Fiber optic,Bank transfer (automatic),12,78.1
2348-KCJLT,0.1724,No,Low,No,One year,DSL,Mailed check,44,61.5
8401-EMUWF,0.2622,No,Low,No,Month-to-month,DSL,Bank transfer (automatic),42,69.4
4193-IBKSW,0.0094,No,Low,No,Two year,No,Bank transfer (automatic),72,24.75
5377-NDTOU,0.0341,No,Low,No,Two year,DSL,Mailed check,71,91.05
5922-ABDVO,0.6498,Yes,Medium,Yes,Month-to-month,Fiber optic,Mailed check,19,89.65
2474-LCNUE,0.3512,No,Low,No,Month-to-month,DSL,Credit card (automatic),23,73.65
0839-QNXME,0.0205,No,Low,No,Two year,No,Credit card (automatic),30,19.4
3506-OVLKD,0.0951,No,Low,No,One year,No,Bank transfer (automatic),35,26.2
9172-ANCRX,0.8334,Yes,High,Yes,Month-to-month,Fiber optic,Electronic check,10,98.7
6650-VJONK,0.7063,Yes,High,No,Month-to-month,DSL,Bank transfer (automatic),1,43.85
2178-PMGCJ,0.5204,Yes,Medium,No,Month-to-month,Fiber optic,Mailed check,22,69.7
7492-TAFJD,0.2215,No,Low,No,Two year,DSL,Mailed check,7,38.55
2773-MADBQ,0.1067,No,Low,No,Two year,DSL,Mailed check,36,53.1
6016-LVTJQ,0.0852,No,Low,No,Month-to-month,No,Mailed check,34,20.65
7860-KSUGX,0.0804,No,Low,No,Two year,DSL,Credit card (automatic),72,64.45
8966-KZXXA,0.0372,No,Low,No,Two year,No,Credit card (automatic),36,25.1
6910-HADCM,0.9027,Yes,High,Yes,Month-to-month,Fiber optic,Electronic check,1,76.35
4816-LXZYW,0.7123,Yes,High,Yes,Month-to-month,Fiber optic,Electronic check,23,79.15
9606-PBKBQ,0.7993,Yes,High,Yes,Month-to-month,Fiber optic,Electronic check,32,85.0
5149-QYTTU,0.1632,No,Low,No,One year,Fiber optic,Credit card (automatic),71,95.15
2070-XYMFH,0.6554,Yes,Medium,No,Month-to-month,Fiber optic,Mailed check,23,79.35
2085-BOJKI,0.4873,No,Medium,No,One year,Fiber optic,Bank transfer (automatic),17,96.65
0817-HSUSE,0.672,Yes,Medium,No,Month-to-month,DSL,Electronic check,1,75.5
5442-PPTJY,0.0606,No,Low,No,Two year,No,Mailed check,12,19.7
1927-QEWMY,0.0038,No,Low,No,Two year,No,Credit card (automatic),72,20.5
1663-MHLHE,0.5383,Yes,Medium,No,Month-to-month,No,Mailed check,1,19.2
5663-QBGIS,0.2876,No,Low,No,Two year,Fiber optic,Bank transfer (automatic),72,98.35
4450-MDZFX,0.3987,No,Low,No,Month-to-month,Fiber optic,Bank transfer (automatic),60,74.35
6701-DHKWQ,0.0629,No,Low,No,Two year,DSL,Credit card (automatic),61,51.35
7554-AKDQF,0.551,Yes,Medium,No,Month-to-month,DSL,Mailed check,6,45.65
3536-IQCTX,0.724,Yes,High,Yes,Month-to-month,Fiber optic,Electronic check,32,85.3
4911-BANWH,0.6091,Yes,Medium,Yes,Month-to-month,Fiber optic,Credit card (automatic),31,86.55
8496-EJAUI,0.5992,Yes,Medium,Yes,Month-to-month,Fiber optic,Credit card (automatic),19,73.85
0794-YVSGE,0.0103,No,Low,No,Two year,No,Bank transfer (automatic),72,20.3
5423-BHIXO,0.3487,No,Low,No,Month-to-month,DSL,Electronic check,32,54.2
6908-VVYHM,0.553,Yes,Medium,No,Month-to-month,Fiber optic,Electronic check,65,90.65
2959-EEXWB,0.3702,No,Low,No,Month-to-month,DSL,Bank transfer (automatic),45,50.9
1839-UMACK,0.1236,No,Low,No,One year,No,Electronic check,42,25.05
3030-YDNRM,0.7758,Yes,High,No,Month-to-month,Fiber optic,Electronic check,8,74.85
7321-KKSDU,0.0193,No,Low,No,Two year,No,Mailed check,32,20.5
3402-XRIUO,0.2951,No,Low,No,Month-to-month,DSL,Mailed check,22,63.55
3132-TVFDZ,0.4595,No,Medium,Yes,Month-to-month,DSL,Electronic check,57,44.85
8286-AFUYI,0.6828,Yes,Medium,No,Month-to-month,DSL,Electronic check,1,47.95
8080-DDEMJ,0.7669,Yes,High,Yes,Month-to-month,DSL,Electronic check,1,45.1
8356-WUAOJ,0.7885,Yes,High,No,Month-to-month,DSL,Electronic check,1,45.0
6365-MTGZX,0.6006,Yes,Medium,Yes,Month-to-month,Fiber optic,Electronic check,24,96.0
1349-WXNGG,0.5537,Yes,Medium,Yes,Month-to-month,No,Bank transfer (automatic),1,20.05
8058-DMYRU,0.5837,Yes,Medium,No,Month-to-month,Fiber optic,Electronic check,54,90.05
9350-ZXYJC,0.1346,No,Low,No,Two year,No,Credit card (automatic),4,25.3
6990-YNRIO,0.2587,No,Low,Yes,Two year,Fiber optic,Bank transfer (automatic),65,108.65
8958-JPTRR,0.1102,No,Low,No,One year,No,Electronic check,56,24.3
6959-GQEGV,0.3632,No,Low,No,Month-to-month,DSL,Electronic check,45,75.95
3173-WSSUE,0.0095,No,Low,No,Two year,No,Credit card (automatic),71,19.7
1265-HVPZB,0.1539,No,Low,No,One year,DSL,Credit card (automatic),59,66.4
4115-UMJFQ,0.2414,No,Low,No,One year,DSL,Bank transfer (automatic),69,35.75
7369-TRPFD,0.0525,No,Low,No,One year,No,Mailed check,19,18.8
1098-KFQEC,0.0346,No,Low,No,Two year,No,Credit card (automatic),55,19.4
7190-XHTWJ,0.0263,No,Low,No,One year,No,Mailed check,38,19.3
0621-TWIEM,0.5667,Yes,Medium,Yes,Month-to-month,DSL,Electronic check,10,45.55
3537-RYBHH,0.326,No,Low,No,Month-to-month,DSL,Credit card (automatic),47,67.45
2485-ITVKB,0.8119,Yes,High,Yes,Month-to-month,DSL,Electronic check,2,35.1
3669-OYSJI,0.7228,Yes,High,Yes,Month-to-month,DSL,Credit card (automatic),1,46.2
1612-EOHDH,0.7577,Yes,High,Yes,Month-to-month,DSL,Electronic check,1,45.15
6702-OHFWR,0.7658,Yes,High,Yes,Month-to-month,DSL,Electronic check,1,43.3
5296-BFCYD,0.0189,No,Low,No,Two year,No,Mailed check,46,20.1
4510-PYUSH,0.2844,No,Low,Yes,Month-to-month,DSL,Credit card (automatic),38,57.15
9359-JANWS,0.0774,No,Low,No,Two year,DSL,Credit card (automatic),65,58.9
7517-SAWMO,0.6404,Yes,Medium,Yes,Month-to-month,Fiber optic,Electronic check,19,73.2
4143-HHPMK,0.517,Yes,Medium,Yes,Month-to-month,Fiber optic,Electronic check,52,85.35
3279-DYZQM,0.0171,No,Low,No,Two year,No,Mailed check,71,19.45
7054-LGEQW,0.7298,Yes,High,Yes,Month-to-month,DSL,Mailed check,1,45.95
0523-VNGTF,0.4136,No,Medium,No,Month-to-month,DSL,Electronic check,52,50.5
9575-IWCAZ,0.1258,No,Low,No,One year,No,Mailed check,6,25.1
7105-MXJLL,0.2269,No,Low,No,One year,DSL,Mailed check,26,60.7
7064-FRRSW,0.4454,No,Medium,No,One year,Fiber optic,Electronic check,48,99.0
7940-UQQUG,0.3728,No,Low,No,One year,Fiber optic,Bank transfer (automatic),64,104.4
0923-PNFUB,0.8352,Yes,High,Yes,Month-to-month,Fiber optic,Electronic check,3,83.75
3961-SXAXY,0.7418,Yes,High,No,Month-to-month,DSL,Bank transfer (automatic),1,44.05
7010-BRBUU,0.0112,No,Low,No,Two year,No,Credit card (automatic),72,24.1
3566-HJGPK,0.7961,Yes,High,No,Month-to-month,DSL,Mailed check,1,45.55
3062-ICYZQ,0.4607,No,Medium,No,Month-to-month,Fiber optic,Electronic check,51,93.8
9938-PRCVK,0.0239,No,Low,No,Two year,No,Bank transfer (automatic),41,19.7
0973-KYVNF,0.0722,No,Low,No,Two year,DSL,Credit card (automatic),72,70.65
5129-HHMZC,0.1062,No,Low,No,Two year,DSL,Credit card (automatic),43,86.45
9637-CDTKZ,0.0772,No,Low,No,Two year,Fiber optic,Credit card (automatic),72,114.1
3946-JEWRQ,0.4337,No,Medium,No,One year,Fiber optic,Credit card (automatic),47,95.2
7873-CVMAW,0.0369,No,Low,No,Two year,DSL,Credit card (automatic),72,88.55
0463-WZZKO,0.3345,No,Low,No,Month-to-month,No,Credit card (automatic),3,20.75
3494-JCHRQ,0.9165,Yes,High,Yes,Month-to-month,Fiber optic,Electronic check,1,70.05
6474-FVJLC,0.9125,Yes,High,Yes,Month-to-month,Fiber optic,Electronic check,2,86.0
4524-QCSSM,0.4188,No,Medium,No,Month-to-month,DSL,Bank transfer (automatic),26,44.65
5832-EXGTT,0.2967,No,Low,No,Month-to-month,DSL,Mailed check,29,60.2
8840-DQLGN,0.4962,No,Medium,Yes,Month-to-month,Fiber optic,Bank transfer (automatic),35,100.5
2039-JONDJ,0.1628,No,Low,No,One year,DSL,Bank transfer (automatic),27,55.45
7217-JYHOQ,0.2527,No,Low,No,Month-to-month,DSL,Credit card (automatic),24,70.3
6695-FRVEC,0.0623,No,Low,No,Two year,DSL,Bank transfer (automatic),67,60.4
4547-LYTDD,0.7035,Yes,High,Yes,Month-to-month,Fiber optic,Electronic check,16,72.65
9894-QMIMJ,0.2178,No,Low,No,One year,DSL,Bank transfer (automatic),23,55.8
8069-YQQAJ,0.4972,No,Medium,No,Month-to-month,DSL,Mailed check,14,31.1
6770-XUAGN,0.468,No,Medium,Yes,Month-to-month,No,Electronic check,1,21.0
4193-ORFCL,0.7598,Yes,High,Yes,Month-to-month,DSL,Mailed check,1,45.1
1636-NTNCO,0.6735,Yes,Medium,No,Month-to-month,DSL,Credit card (automatic),4,50.95
3466-WAESX,0.458,No,Medium,No,Month-to-month,DSL,Electronic check,16,69.1
9281-PKKZE,0.4756,No,Medium,No,Month-to-month,DSL,Electronic check,46,43.95
3638-VBZTA,0.0361,No,Low,No,Two year,DSL,Bank transfer (automatic),68,86.5
7459-IMVYU,0.2849,No,Low,No,Month-to-month,DSL,Electronic check,38,69.95
7776-QWNFX,0.2569,No,Low,Yes,Month-to-month,DSL,Bank transfer (automatic),30,50.4
6689-TCZHQ,0.8181,Yes,High,Yes,Month-to-month,Fiber optic,Electronic check,5,78.95
8563-OYMQY,0.6994,Yes,Medium,No,Month-to-month,Fiber optic,Credit card (automatic),17,90.95
0754-EEBDC,0.1029,No,Low,No,Two year,No,Mailed check,4,19.9
5777-ZPQNC,0.1444,No,Low,No,One year,No,Electronic check,12,20.15
1951-IEYXM,0.0415,No,Low,No,Two year,DSL,Credit card (automatic),72,90.6
3318-NMQXL,0.8821,Yes,High,No,Month-to-month,Fiber optic,Electronic check,3,92.0
3143-ILDAL,0.3868,No,Low,Yes,Month-to-month,Fiber optic,Electronic check,56,94.45
1022-RKXDR,0.0771,No,Low,No,One year,No,Mailed check,41,24.85
2361-FJWNO,0.2412,No,Low,No,One year,DSL,Credit card (automatic),40,36.0
2272-UOINI,0.4824,No,Medium,No,Month-to-month,DSL,Electronic check,7,78.5
8232-UTFOZ,0.0111,No,Low,No,Two year,No,Credit card (automatic),69,19.95
3750-YHRYO,0.1113,No,Low,No,One year,No,Mailed check,7,20.65
6637-KYRCV,0.6815,Yes,Medium,No,Month-to-month,DSL,Electronic check,5,30.5
5668-MEISB,0.1265,No,Low,No,Two year,Fiber optic,Credit card (automatic),72,106.1
0129-QMPDR,0.044,No,Low,No,One year,No,Bank transfer (automatic),44,20.5
7188-CBBBA,0.3649,No,Low,No,One year,Fiber optic,Electronic check,65,95.5
5356-CSVSQ,0.6177,Yes,Medium,No,Month-to-month,DSL,Electronic check,3,64.6
3221-CJMSG,0.3305,No,Low,No,Month-to-month,DSL,Credit card (automatic),24,51.1
4720-VSTSI,0.5457,Yes,Medium,Yes,Month-to-month,Fiber optic,Bank transfer (automatic),44,84.8
3219-JQRSL,0.0472,No,Low,No,Two year,DSL,Credit card (automatic),72,89.1
2801-NISEI,0.2921,No,Low,No,Month-to-month,DSL,Electronic check,24,54.95
3946-MHCZW,0.6996,Yes,Medium,Yes,Month-to-month,DSL,Mailed check,1,50.9
4623-ZKHLY,0.159,No,Low,No,Month-to-month,No,Bank transfer (automatic),22,20.45
6732-VAILE,0.0519,No,Low,No,Two year,DSL,Credit card (automatic),70,85.95
8201-AAXCB,0.3688,No,Low,No,Month-to-month,DSL,Electronic check,25,60.35
7696-CFTAT,0.0202,No,Low,No,Two year,No,Bank transfer (automatic),37,19.8
1845-CSBRZ,0.6426,Yes,Medium,No,Month-to-month,Fiber optic,Bank transfer (automatic),22,85.35
2123-VSCOT,0.0695,No,Low,No,Two year,DSL,Bank transfer (automatic),59,72.1
6651-AZVTJ,0.6815,Yes,Medium,Yes,Month-to-month,Fiber optic,Electronic check,49,99.8
4566-GOLUK,0.5633,Yes,Medium,Yes,Month-to-month,Fiber optic,Bank transfer (automatic),47,107.35
2484-DGXPZ,0.1018,No,Low,Yes,Month-to-month,No,Mailed check,31,19.55
2018-QKYGT,0.9116,Yes,High,No,Month-to-month,Fiber optic,Electronic check,1,81.05
2792-VPPET,0.3031,No,Low,No,Month-to-month,No,Electronic check,3,20.5
7409-JURKQ,0.4021,No,Medium,No,One year,Fiber optic,Bank transfer (automatic),53,111.8
3247-MHJKM,0.6078,Yes,Medium,No,Month-to-month,No,Mailed check,1,20.2
1964-SVLEA,0.0349,No,Low,No,One year,No,Mailed check,20,19.7
4587-NUKOX,0.6917,Yes,Medium,Yes,Month-to-month,Fiber optic,Electronic check,3,79.1
7297-DVYGA,0.0728,No,Low,No,One year,No,Bank transfer (automatic),51,19.85
2239-CGBUZ,0.152,No,Low,No,One year,DSL,Bank transfer (automatic),51,60.5
0854-UYHZD,0.0352,No,Low,No,Two year,No,Mailed check,13,19.55
7243-LCGGZ,0.5394,Yes,Medium,No,Month-to-month,No,Mailed check,1,20.9
8267-KFGYD,0.4944,No,Medium,No,Month-to-month,No,Mailed check,1,21.05
4890-VMUAV,0.1383,No,Low,No,One year,DSL,Electronic check,63,71.5
9261-WDCAF,0.6627,Yes,Medium,No,Month-to-month,DSL,Mailed check,3,54.65
3764-MNMOI,0.0351,No,Low,No,Two year,No,Credit card (automatic),46,19.2
7442-YGZFK,0.7775,Yes,High,No,Month-to-month,DSL,Credit card (automatic),1,49.8
0420-BWTPW,0.5727,Yes,Medium,Yes,Month-to-month,DSL,Mailed check,8,25.5
8229-BUJHX,0.0113,No,Low,No,Two year,No,Bank transfer (automatic),71,20.5
7449-HVPIV,0.4519,No,Medium,No,Month-to-month,Fiber optic,Credit card (automatic),55,90.4
5504-WSIUR,0.1488,No,Low,No,One year,Fiber optic,Bank transfer (automatic),70,90.25
8183-ONMXC,0.8712,Yes,High,Yes,Month-to-month,Fiber optic,Electronic check,2,80.75
8466-PZBLH,0.2291,No,Low,No,Two year,Fiber optic,Bank transfer (automatic),67,104.6
9614-RMGHA,0.4442,No,Medium,Yes,Month-to-month,Fiber optic,Bank transfer (automatic),65,91.85
8735-IJJEG,0.4348,No,Medium,No,Month-to-month,DSL,Credit card (automatic),14,50.2
0564-MUUQK,0.5809,Yes,Medium,No,Month-to-month,Fiber optic,Bank transfer (automatic),20,95.5
5054-IEXZT,0.8897,Yes,High,Yes,Month-to-month,Fiber optic,Electronic check,1,75.35
5834-ASPWA,0.9286,Yes,High,Yes,Month-to-month,Fiber optic,Electronic check,1,75.45
0701-RFGFI,0.6212,Yes,Medium,No,Month-to-month,Fiber optic,Bank transfer (automatic),49,95.4
0019-EFAEP,0.1444,No,Low,No,Two year,Fiber optic,Bank transfer (automatic),72,101.3
5619-PTMIK,0.3067,No,Low,No,Month-to-month,DSL,Electronic check,46,53.1
3737-XBQDD,0.6003,Yes,Medium,No,Month-to-month,Fiber optic,Bank transfer (automatic),24,84.85
5882-CMAZQ,0.5633,Yes,Medium,No,Month-to-month,DSL,Electronic check,5,34.25
5846-QFDFI,0.4683,No,Medium,No,Month-to-month,Fiber optic,Credit card (automatic),33,88.6
4445-KWOKW,0.1801,No,Low,No,One year,DSL,Bank transfer (automatic),42,60.15
3511-APPBJ,0.4795,No,Medium,No,One year,Fiber optic,Credit card (automatic),23,99.95
7967-HYCDE,0.7329,Yes,High,No,Month-to-month,Fiber optic,Bank transfer (automatic),8,70.7
2430-RRYUW,0.1363,No,Low,No,One year,DSL,Mailed check,66,54.8
3948-XHGNA,0.3037,No,Low,Yes,Month-to-month,DSL,Bank transfer (automatic),24,49.55
3723-BFBGR,0.3779,No,Low,No,Month-to-month,DSL,Credit card (automatic),24,54.8
0565-IYCGT,0.117,No,Low,Yes,One year,DSL,Credit card (automatic),69,78.6
5447-WZAFP,0.401,No,Medium,No,One year,Fiber optic,Mailed check,53,100.3
5110-CHOPY,0.2026,No,Low,No,Two year,DSL,Electronic check,60,53.6
5445-UTODQ,0.8261,Yes,High,Yes,Month-to-month,Fiber optic,Electronic check,7,81.1
4425-OWHWB,0.0412,No,Low,No,One year,No,Credit card (automatic),20,19.35
7892-QVYKW,0.6661,Yes,Medium,No,Month-to-month,Fiber optic,Electronic check,23,85.6
9675-ICXCT,0.0891,No,Low,No,Two year,DSL,Electronic check,72,80.8
1024-VRZHF,0.8106,Yes,High,Yes,Month-to-month,Fiber optic,Electronic check,11,74.95
4703-MQYKT,0.0342,No,Low,No,Two year,No,Mailed check,21,19.6
9497-QCMMS,0.9453,Yes,High,Yes,Month-to-month,Fiber optic,Electronic check,1,93.55
5692-ICXLW,0.7374,Yes,High,No,Month-to-month,Fiber optic,Electronic check,31,90.7
0602-DDUML,0.0724,No,Low,No,Two year,DSL,Mailed check,57,69.75
2208-MPXIO,0.0157,No,Low,No,Two year,No,Bank transfer (automatic),45,20.0
1960-UYCNN,0.891,Yes,High,No,Month-to-month,Fiber optic,Electronic check,10,95.25
0348-SDKOL,0.4542,No,Medium,Yes,Month-to-month,Fiber optic,Credit card (automatic),58,102.1
3190-FZATL,0.1545,No,Low,No,Month-to-month,No,Mailed check,14,19.95
7336-RLLRH,0.2233,No,Low,No,One year,DSL,Mailed check,27,80.85
4373-MAVJG,0.7478,Yes,High,Yes,Month-to-month,Fiber optic,Bank transfer (automatic),14,90.9
8901-HJXTF,0.4858,No,Medium,Yes,Month-to-month,DSL,Mailed check,12,29.2
7710-JSYOA,0.1766,No,Low,No,Two year,Fiber optic,Bank transfer (automatic),69,93.3
5419-KLXBN,0.6089,Yes,Medium,Yes,Month-to-month,Fiber optic,Bank transfer (automatic),25,89.15
3424-NMNBO,0.4833,No,Medium,Yes,One year,Fiber optic,Electronic check,58,108.85
9885-MFVSU,0.0879,No,Low,No,Two year,DSL,Credit card (automatic),35,46.35
4514-GFCFI,0.8022,Yes,High,Yes,Month-to-month,Fiber optic,Electronic check,16,84.75
0607-MVMGC,0.2393,No,Low,No,One year,DSL,Credit card (automatic),45,78.75
3365-SAIGS,0.7402,Yes,High,No,Month-to-month,Fiber optic,Electronic check,17,83.55
9828-AOQLM,0.7418,Yes,High,Yes,Month-to-month,DSL,Electronic check,1,45.7
8022-BECSI,0.0289,No,Low,No,One year,No,Mailed check,22,19.6
8000-REIQB,0.9086,Yes,High,Yes,Month-to-month,Fiber optic,Electronic check,1,69.95
9993-LHIEB,0.0432,No,Low,No,Two year,DSL,Mailed check,67,67.85
0266-CLZKZ,0.2886,No,Low,No,Two year,Fiber optic,Bank transfer (automatic),67,105.65
7615-ESMYF,0.7684,Yes,High,Yes,Month-to-month,DSL,Electronic check,2,44.6
3858-VOBET,0.6993,Yes,Medium,Yes,Month-to-month,Fiber optic,Electronic check,23,74.95
7020-OZKXZ,0.7763,Yes,High,No,Month-to-month,Fiber optic,Credit card (automatic),9,75.5
3977-QCRSL,0.326,No,Low,No,Month-to-month,No,Mailed check,5,20.15
0017-DINOC,0.0758,No,Low,No,Two year,DSL,Credit card (automatic),54,45.2
1447-PJGGA,0.3176,No,Low,Yes,Two year,Fiber optic,Electronic check,57,95.25
8565-CLBZW,0.5453,Yes,Medium,Yes,Month-to-month,Fiber optic,Mailed check,24,89.85
9139-WQQDY,0.4182,No,Medium,Yes,One year,Fiber optic,Mailed check,49,100.45
0224-HJAPT,0.6852,Yes,Medium,Yes,Month-to-month,DSL,Electronic check,5,47.15
8086-OVPWV,0.8864,Yes,High,Yes,Month-to-month,Fiber optic,Electronic check,2,80.2
9430-FRQOC,0.7887,Yes,High,Yes,Month-to-month,Fiber optic,Mailed check,4,87.1
7639-OPLNG,0.047,No,Low,No,Two year,DSL,Bank transfer (automatic),70,79.25
3074-GQWYX,0.8546,Yes,High,Yes,Month-to-month,Fiber optic,Bank transfer (automatic),5,75.9
1492-QGCLU,0.311,No,Low,No,Month-to-month,DSL,Electronic check,53,85.7
6845-RGTYS,0.5613,Yes,Medium,Yes,Month-to-month,Fiber optic,Electronic check,47,98.75
7328-OWMOM,0.0343,No,Low,No,One year,No,Credit card (automatic),31,20.1
4418-LZMSV,0.32,No,Low,No,Month-to-month,DSL,Bank transfer (automatic),13,61.8
5155-AZQPB,0.2784,No,Low,No,Month-to-month,DSL,Mailed check,28,49.9
8861-HGGKB,0.8318,Yes,High,Yes,Month-to-month,Fiber optic,Electronic check,10,86.45
1087-GRUYI,0.0214,No,Low,No,Two year,No,Bank transfer (automatic),38,20.4
7065-YUNRY,0.7673,Yes,High,Yes,Month-to-month,DSL,Mailed check,1,45.3
7694-VLBWQ,0.431,No,Medium,Yes,One year,Fiber optic,Electronic check,67,104.1
2546-KZAAT,0.1964,No,Low,No,One year,DSL,Mailed check,52,75.4
0181-RITDD,0.208,No,Low,No,Two year,Fiber optic,Mailed check,62,108.15
5989-PGKJB,0.7446,Yes,High,No,Month-to-month,Fiber optic,Electronic check,16,86.25
4795-KTRTH,0.8467,Yes,High,Yes,Month-to-month,Fiber optic,Electronic check,5,81.0
8272-ONJLV,0.6242,Yes,Medium,No,One year,Fiber optic,Electronic check,12,95.7
1488-PBLJN,0.082,No,Low,No,Two year,Fiber optic,Bank transfer (automatic),72,116.85
0308-GIQJT,0.4135,No,Medium,No,One year,Fiber optic,Bank transfer (automatic),71,105.75
3778-FOAQW,0.032,No,Low,No,One year,No,Mailed check,24,20.15
4452-ROHMO,0.0461,No,Low,No,Two year,No,Mailed check,15,19.6
6481-OGDOO,0.2041,No,Low,Yes,One year,Fiber optic,Credit card (automatic),67,90.6
3090-LETTY,0.5219,Yes,Medium,No,Month-to-month,DSL,Bank transfer (automatic),2,60.95
5349-AZPEW,0.663,Yes,Medium,No,Month-to-month,DSL,Mailed check,5,25.05
3753-TSEMP,0.7455,Yes,High,Yes,Month-to-month,Fiber optic,Electronic check,15,88.15
8305-VHZBZ,0.5428,Yes,Medium,Yes,Month-to-month,No,Mailed check,1,20.2
9720-JJJOR,0.2013,No,Low,No,One year,DSL,Bank transfer (automatic),41,60.3
8100-HZZLJ,0.3297,No,Low,No,Month-to-month,DSL,Electronic check,43,63.95
8775-ERLNB,0.8755,Yes,High,No,Month-to-month,Fiber optic,Electronic check,1,74.3
8309-IEYJD,0.9016,Yes,High,No,Month-to-month,Fiber optic,Mailed check,1,70.6
9172-JITSM,0.7223,Yes,High,Yes,Month-to-month,Fiber optic,Electronic check,26,90.8
6298-QDFNH,0.7247,Yes,High,Yes,Month-to-month,Fiber optic,Electronic check,22,79.35
7398-HPYZQ,0.0125,No,Low,No,Two year,DSL,Bank transfer (automatic),71,90.55
3546-GHEAE,0.0796,No,Low,No,Two year,No,Mailed check,7,19.45
7361-YPXFS,0.2699,No,Low,No,Month-to-month,DSL,Bank transfer (automatic),28,64.45
6557-BZXLQ,0.651,Yes,Medium,No,Month-to-month,Fiber optic,Electronic check,16,69.65
2550-QHZGP,0.1138,No,Low,No,One year,No,Mailed check,7,19.5
7519-JTWQH,0.2402,No,Low,No,Two year,Fiber optic,Bank transfer (automatic),69,110.5
2538-OIMXF,0.7039,Yes,High,No,Month-to-month,DSL,Mailed check,1,24.7
8543-MSDMF,0.6118,Yes,Medium,No,Month-to-month,DSL,Electronic check,3,77.4
9961-JBNMK,0.6423,Yes,Medium,Yes,Month-to-month,Fiber optic,Bank transfer (automatic),21,96.8
1170-SASML,0.4019,No,Medium,No,Month-to-month,Fiber optic,Bank transfer (automatic),69,85.4
4872-JCVCA,0.0477,No,Low,No,Two year,DSL,Bank transfer (automatic),71,47.6
5346-BZCHP,0.0162,No,Low,No,Two year,No,Mailed check,69,19.4
2038-LLMLM,0.6291,Yes,Medium,No,Month-to-month,Fiber optic,Electronic check,48,103.85
6173-ITPWD,0.4959,No,Medium,Yes,Month-to-month,Fiber optic,Bank transfer (automatic),47,83.35
9734-UYXQI,0.7492,Yes,High,Yes,Month-to-month,DSL,Electronic check,2,49.4
1216-BGTSP,0.5123,Yes,Medium,No,Month-to-month,Fiber optic,Credit card (automatic),45,108.45
4138-NAXED,0.4223,No,Medium,No,Month-to-month,Fiber optic,Bank transfer (automatic),51,81.0
2189-UXTKY,0.3922,No,Low,Yes,Month-to-month,DSL,Electronic check,22,79.2
0744-BIKKF,0.0215,No,Low,No,Two year,DSL,Bank transfer (automatic),72,86.65
7483-IQWIB,0.6181,Yes,Medium,No,Month-to-month,Fiber optic,Electronic check,37,92.95
5248-KWLAR,0.0542,No,Low,No,Two year,DSL,Electronic check,71,90.35
4958-GZWIY,0.5367,Yes,Medium,Yes,Month-to-month,DSL,Electronic check,7,48.7
7996-MHXLW,0.0377,No,Low,No,Two year,No,Credit card (automatic),66,25.15
7833-PKIHD,0.1954,No,Low,No,One year,DSL,Bank transfer (automatic),51,76.4
7061-OVMIM,0.0476,No,Low,No,One year,No,Bank transfer (automatic),30,19.55
5153-RTHKF,0.7054,Yes,High,No,Month-to-month,Fiber optic,Electronic check,34,85.35
1852-QSWCD,0.0348,No,Low,No,Two year,No,Mailed check,64,24.8
4832-VRBMR,0.4231,No,Medium,No,One year,Fiber optic,Bank transfer (automatic),65,103.15
9079-LWTFD,0.4903,No,Medium,No,Month-to-month,Fiber optic,Mailed check,47,100.75
6356-ELRKD,0.8485,Yes,High,Yes,Month-to-month,Fiber optic,Electronic check,1,95.6
8624-GIOUT,0.2426,No,Low,Yes,Month-to-month,DSL,Credit card (automatic),49,59.75
3392-EHMNK,0.1565,No,Low,No,Two year,Fiber optic,Credit card (automatic),67,94.1
5986-WWXDV,0.0478,No,Low,No,One year,No,Bank transfer (automatic),39,19.35
3061-BCKYI,0.1891,No,Low,No,Month-to-month,No,Mailed check,14,19.9
6179-GJPSO,0.5279,Yes,Medium,Yes,Month-to-month,Fiber optic,Credit card (automatic),43,108.15
7901-TBKJX,0.6602,Yes,Medium,No,Month-to-month,Fiber optic,Electronic check,56,101.05
7228-PAQPD,0.2845,No,Low,No,One year,DSL,Credit card (automatic),14,59.1
3177-LASXD,0.8886,Yes,High,Yes,Month-to-month,Fiber optic,Electronic check,1,71.35
7746-QYVCO,0.208,No,Low,No,One year,DSL,Mailed check,16,55.85
5804-HYIEZ,0.4423,No,Medium,No,Month-to-month,Fiber optic,Electronic check,70,106.05
9919-FZDED,0.0928,No,Low,No,Two year,DSL,Credit card (automatic),72,84.1
5934-TSSAU,0.6179,Yes,Medium,No,Month-to-month,Fiber optic,Credit card (automatic),23,75.3
3486-KHMLI,0.1501,No,Low,No,Month-to-month,No,Mailed check,21,24.7
4897-QSUYC,0.5826,Yes,Medium,Yes,Month-to-month,No,Mailed check,1,20.15
1084-UQCHV,0.8816,Yes,High,Yes,Month-to-month,Fiber optic,Bank transfer (automatic),1,69.75
8290-YWKHZ,0.7496,Yes,High,Yes,Month-to-month,Fiber optic,Electronic check,32,93.2
2955-BJZHG,0.684,Yes,Medium,Yes,Month-to-month,Fiber optic,Electronic check,17,80.85
3806-DXQOM,0.6271,Yes,Medium,Yes,Month-to-month,DSL,Electronic check,4,33.65
6784-XYJAE,0.2256,No,Low,No,One year,DSL,Electronic check,36,55.8
3933-DQPWX,0.1005,No,Low,No,Two year,DSL,Credit card (automatic),50,39.7
6661-EIPZC,0.361,No,Low,No,Month-to-month,DSL,Credit card (automatic),48,29.5
8957-THMOA,0.02,No,Low,No,Two year,No,Credit card (automatic),50,20.15
2251-PYLPB,0.0352,No,Low,No,Two year,DSL,Credit card (automatic),72,79.55
5555-RNPGT,0.2506,No,Low,No,Month-to-month,No,Credit card (automatic),10,24.8
1057-FOGLZ,0.1982,No,Low,No,Month-to-month,No,Mailed check,18,19.65
9300-RENDD,0.9309,Yes,High,Yes,Month-to-month,Fiber optic,Electronic check,1,79.95
0761-AETCS,0.4854,No,Medium,Yes,Month-to-month,No,Electronic check,1,19.3
8087-LGYHQ,0.84,Yes,High,No,Month-to-month,Fiber optic,Electronic check,9,94.05
4137-BTIKL,0.7367,Yes,High,No,Month-to-month,Fiber optic,Mailed check,2,90.75
2190-BCXEC,0.5219,Yes,Medium,No,Month-to-month,Fiber optic,Credit card (automatic),40,78.85
6227-FBDXH,0.3597,No,Low,No,One year,Fiber optic,Bank transfer (automatic),69,99.5
2153-MREFK,0.3814,No,Low,Yes,One year,Fiber optic,Electronic check,37,99.2
2911-WDXMV,0.6206,Yes,Medium,No,Month-to-month,Fiber optic,Credit card (automatic),18,80.55
7206-PQBBZ,0.7711,Yes,High,No,Month-to-month,Fiber optic,Electronic check,11,70.2
3106-ULWFW,0.8607,Yes,High,Yes,Month-to-month,Fiber optic,Credit card (automatic),8,85.2
0925-VYDLG,0.8457,Yes,High,Yes,Month-to-month,Fiber optic,Electronic check,3,75.25
4547-FZJWE,0.1833,No,Low,No,One year,DSL,Credit card (automatic),55,59.45
7422-WNBTY,0.6874,Yes,Medium,No,Month-to-month,Fiber optic,Electronic check,33,93.35
0842-IWYCP,0.2779,No,Low,No,Month-to-month,DSL,Bank transfer (automatic),46,44.95
3521-HTQTV,0.0976,No,Low,No,Two year,No,Bank transfer (automatic),34,26.1
3744-ZBHON,0.3166,No,Low,No,Month-to-month,No,Electronic check,3,20.2
3373-DIUUN,0.0266,No,Low,No,Two year,No,Mailed check,30,21.25
8383-SGHJU,0.1757,No,Low,No,One year,DSL,Electronic check,33,59.4
7607-QKKTJ,0.3248,No,Low,No,One year,Fiber optic,Credit card (automatic),45,95.0
7707-PYBBH,0.2167,No,Low,No,Month-to-month,DSL,Mailed check,40,61.9
8984-HPEMB,0.1036,No,Low,No,Two year,Fiber optic,Electronic check,71,118.65
4349-GFQHK,0.7532,Yes,High,Yes,Month-to-month,DSL,Electronic check,1,54.35
4139-DETXS,0.0194,No,Low,No,Two year,DSL,Bank transfer (automatic),72,64.45
9779-DPNEJ,0.7137,Yes,High,No,Month-to-month,Fiber optic,Electronic check,22,80.15
9805-FILKB,0.0519,No,Low,No,One year,No,Bank transfer (automatic),46,20.2
5793-YOLJN,0.0179,No,Low,No,Two year,No,Mailed check,55,21.0
0673-IGUQO,0.5528,Yes,Medium,No,Month-to-month,No,Mailed check,1,20.45
4123-FCVCB,0.4604,No,Medium,No,One year,DSL,Mailed check,12,75.85
8819-IMISP,0.7045,Yes,High,No,Month-to-month,Fiber optic,Electronic check,31,80.45
7802-EFKNY,0.7737,Yes,High,Yes,Month-to-month,DSL,Electronic check,5,24.95
8311-UEUAB,0.1869,No,Low,No,Two year,DSL,Electronic check,67,75.5
5858-EAFCZ,0.7256,Yes,High,No,Month-to-month,DSL,Mailed check,1,44.45
8035-BUYVG,0.1655,No,Low,Yes,One year,DSL,Electronic check,40,42.35
1163-ONYEY,0.2978,No,Low,No,Month-to-month,DSL,Credit card (automatic),41,74.55
9787-XVQIU,0.9173,Yes,High,Yes,Month-to-month,Fiber optic,Electronic check,1,75.3
8945-MUQUF,0.2988,No,Low,Yes,One year,Fiber optic,Electronic check,51,94.8
5656-MJEFC,0.0868,No,Low,No,Two year,DSL,Credit card (automatic),42,48.15
6082-OQFBA,0.0322,No,Low,No,One year,No,Mailed check,23,19.65
8051-HJRLT,0.9179,Yes,High,Yes,Month-to-month,Fiber optic,Electronic check,1,70.55
8974-OVACP,0.6169,Yes,Medium,No,Month-to-month,No,Mailed check,1,20.15
4010-YLMVT,0.4804,No,Medium,No,Month-to-month,Fiber optic,Credit card (automatic),56,106.6
1379-FRVEB,0.7702,Yes,High,No,Month-to-month,Fiber optic,Electronic check,15,91.0
8612-GXIDD,0.095,No,Low,No,Two year,No,Bank transfer (automatic),12,25.4
6288-CHQJB,0.0574,No,Low,No,Two year,DSL,Bank transfer (automatic),54,69.95
8160-HOWOX,0.5536,Yes,Medium,No,Month-to-month,DSL,Electronic check,7,66.85
3023-GFLBR,0.5865,Yes,Medium,Yes,Month-to-month,Fiber optic,Credit card (automatic),33,86.15
6648-INWPS,0.175,No,Low,No,Month-to-month,No,Electronic check,16,20.15
4223-BKEOR,0.2143,No,Low,No,One year,DSL,Mailed check,21,64.85
4079-VTGLK,0.245,No,Low,No,Two year,DSL,Electronic check,30,74.85
1763-WQFUK,0.6284,Yes,Medium,No,Month-to-month,DSL,Mailed check,3,50.5
1391-UBDAR,0.7331,Yes,High,No,Month-to-month,Fiber optic,Electronic check,11,72.9
8894-JVDCV,0.3522,No,Low,No,One year,Fiber optic,Credit card (automatic),62,115.05
2023-VQFDL,0.2519,No,Low,No,Month-to-month,No,Electronic check,18,19.0
1345-GKDZZ,0.2618,No,Low,No,Month-to-month,No,Mailed check,6,19.55
2014-MKGMH,0.4954,No,Medium,No,One year,Fiber optic,Electronic check,46,101.1
5628-FCGYG,0.7633,Yes,High,No,Month-to-month,Fiber optic,Electronic check,21,84.1
2560-WBWXF,0.0286,No,Low,No,Two year,No,Bank transfer (automatic),68,24.15
0248-IPDFW,0.7558,Yes,High,No,Month-to-month,DSL,Electronic check,1,50.1
7978-DKUQH,0.6484,Yes,Medium,No,Month-to-month,Fiber optic,Electronic check,25,74.6
4335-UPJSI,0.022,No,Low,No,Two year,No,Mailed check,24,19.75
0524-IAVZO,0.7482,Yes,High,Yes,Month-to-month,Fiber optic,Electronic check,30,85.0
2737-YNGYW,0.8792,Yes,High,Yes,Month-to-month,Fiber optic,Electronic check,2,80.55
1784-EZDKJ,0.5027,Yes,Medium,No,One year,Fiber optic,Bank transfer (automatic),51,106.8
9297-FVVDH,0.097,No,Low,No,Two year,DSL,Electronic check,57,84.5
8007-YYPWD,0.094,No,Low,No,Two year,No,Bank transfer (automatic),15,25.05
7101-HRBLJ,0.0175,No,Low,No,Two year,DSL,Bank transfer (automatic),72,83.7
5159-YFPKQ,0.83,Yes,High,Yes,Month-to-month,Fiber optic,Electronic check,2,75.8
6635-CPNUN,0.6166,Yes,Medium,No,Month-to-month,Fiber optic,Credit card (automatic),28,96.6
4021-RQSNY,0.8116,Yes,High,Yes,Month-to-month,Fiber optic,Electronic check,29,98.5
5453-YBTWV,0.1529,No,Low,No,Two year,Fiber optic,Credit card (automatic),70,101.1
5039-LZRQT,0.0602,No,Low,No,One year,No,Mailed check,13,20.2
2931-VUVJN,0.2352,No,Low,No,One year,Fiber optic,Electronic check,59,94.05
9061-TIHDA,0.8402,Yes,High,Yes,Month-to-month,Fiber optic,Electronic check,13,95.25
8699-ASUFO,0.7842,Yes,High,Yes,Month-to-month,Fiber optic,Mailed check,7,74.4
6418-PIQSP,0.0529,No,Low,No,Two year,DSL,Mailed check,62,81.0
8220-OCUFY,0.211,No,Low,No,One year,DSL,Electronic check,21,60.25
3995-WFCSM,0.7187,Yes,High,No,Month-to-month,DSL,Electronic check,2,60.85
1895-QTKDO,0.6922,Yes,Medium,No,Month-to-month,DSL,Credit card (automatic),1,43.95
2038-OEQZH,0.8063,Yes,High,No,Month-to-month,Fiber optic,Electronic check,4,86.05
1178-PZGAB,0.0273,No,Low,No,One year,No,Credit card (automatic),19,20.25
7927-AUXBZ,0.538,Yes,Medium,Yes,Month-to-month,Fiber optic,Electronic check,30,85.15
2626-VEEWG,0.0322,No,Low,No,Two year,No,Credit card (automatic),67,19.4
2878-RMWXY,0.129,No,Low,No,Two year,Fiber optic,Credit card (automatic),72,102.65
1657-DYMBM,0.0156,No,Low,No,Two year,No,Credit card (automatic),53,19.9
7311-MQJCH,0.1964,No,Low,No,One year,No,Electronic check,5,19.55
7375-WMVMT,0.1841,No,Low,No,Two year,Fiber optic,Credit card (automatic),71,95.5
1136-XGEQU,0.1752,No,Low,No,One year,DSL,Credit card (automatic),50,84.15
2530-FMFXO,0.3031,No,Low,No,Two year,Fiber optic,Electronic check,56,103.2
6844-DZKRF,0.6542,Yes,Medium,No,Month-to-month,DSL,Credit card (automatic),2,50.2
4695-WJZUE,0.9103,Yes,High,Yes,Month-to-month,Fiber optic,Electronic check,2,88.55
7619-ODSGN,0.3717,No,Low,Yes,Month-to-month,DSL,Electronic check,24,54.75
5970-GHJAW,0.0138,No,Low,No,Two year,No,Credit card (automatic),46,19.95
8879-XUAHX,0.1415,No,Low,No,Two year,Fiber optic,Electronic check,71,116.25
3689-MOZGR,0.4479,No,Medium,No,Month-to-month,DSL,Electronic check,29,31.2
4195-PNGZS,0.0073,No,Low,No,Two year,No,Bank transfer (automatic),69,24.45
5003-XZWWO,0.0439,No,Low,No,Two year,DSL,Credit card (automatic),71,84.2
3988-RQIXO,0.9238,Yes,High,Yes,Month-to-month,Fiber optic,Electronic check,1,91.3
7622-FWGEW,0.0697,No,Low,No,Two year,DSL,Bank transfer (automatic),56,85.65
6922-NCEDI,0.0693,No,Low,No,One year,No,Mailed check,56,21.2
2514-GINMM,0.9326,Yes,High,Yes,Month-to-month,Fiber optic,Electronic check,1,79.5
9891-NQDBD,0.0579,No,Low,No,One year,No,Mailed check,28,25.55
6131-IUNXN,0.1721,No,Low,No,Month-to-month,No,Mailed check,19,20.2
8548-AWOFC,0.2817,No,Low,No,Month-to-month,DSL,Electronic check,66,63.85
9798-DRYDS,0.2629,No,Low,No,One year,DSL,Mailed check,17,61.95
8532-UEFWH,0.0279,No,Low,No,Two year,No,Mailed check,52,25.75
6296-DDOOR,0.3162,No,Low,No,One year,DSL,Electronic check,19,58.2
7951-VRDVK,0.3349,No,Low,No,One year,DSL,Bank transfer (automatic),36,85.85
5931-FLJJF,0.7005,Yes,High,Yes,Month-to-month,Fiber optic,Mailed check,7,70.1
4815-YOSUK,0.2534,No,Low,No,One year,Fiber optic,Credit card (automatic),72,104.9
2659-VXMWZ,0.357,No,Low,Yes,One year,Fiber optic,Electronic check,67,111.3
0380-NEAVX,0.4472,No,Medium,No,One year,Fiber optic,Electronic check,34,99.85
3207-OYBWH,0.4463,No,Medium,Yes,Month-to-month,Fiber optic,Bank transfer (automatic),57,95.25
4285-GYRQC,0.8197,Yes,High,Yes,Month-to-month,Fiber optic,Electronic check,7,86.25
7216-EWTRS,0.9414,Yes,High,Yes,Month-to-month,Fiber optic,Electronic check,1,100.8
4365-MSDYN,0.3351,No,Low,No,Month-to-month,No,Bank transfer (automatic),8,19.55
7036-TYDEC,0.2741,No,Low,No,Two year,Fiber optic,Electronic check,69,104.0
5802-ADBRC,0.4528,No,Medium,No,One year,Fiber optic,Mailed check,50,104.4
8076-FEZKJ,0.0987,No,Low,No,One year,No,Mailed check,10,19.5
5197-YPYBZ,0.0721,No,Low,No,Two year,No,Credit card (automatic),12,25.25
8337-MSSXB,0.7699,Yes,High,Yes,Month-to-month,Fiber optic,Electronic check,14,86.3
4312-GVYNH,0.0761,No,Low,No,Two year,DSL,Bank transfer (automatic),70,49.85
8495-LJDFO,0.4008,No,Medium,No,Month-to-month,Fiber optic,Bank transfer (automatic),64,108.95
0839-JTCUD,0.0646,No,Low,No,Two year,DSL,Credit card (automatic),66,89.9
5494-WOZRZ,0.0394,No,Low,No,Two year,DSL,Credit card (automatic),71,82.0
1302-UHBDD,0.7163,Yes,High,No,Month-to-month,Fiber optic,Electronic check,20,89.95
2234-EOFPT,0.0509,No,Low,No,Two year,DSL,Bank transfer (automatic),72,79.35
8619-IJNDK,0.0444,No,Low,No,Two year,DSL,Credit card (automatic),71,64.05
8378-LKJAF,0.6534,Yes,Medium,No,Month-to-month,Fiber optic,Credit card (automatic),38,101.15
8182-BJDSI,0.7397,Yes,High,Yes,Month-to-month,Fiber optic,Electronic check,28,89.95
2528-HFYZX,0.7432,Yes,High,Yes,Month-to-month,Fiber optic,Electronic check,17,76.45
1153-GNOLC,0.312,No,Low,No,One year,DSL,Electronic check,33,39.1
3298-QEICA,0.1062,No,Low,No,Two year,DSL,Mailed check,23,34.6
0788-DXBFY,0.1089,No,Low,No,One year,No,Electronic check,58,19.55
3597-YASZG,0.2579,No,Low,No,Two year,Fiber optic,Bank transfer (automatic),70,104.45
3496-LFSZU,0.7851,Yes,High,No,Month-to-month,Fiber optic,Electronic check,4,70.5
5242-UOWHD,0.0087,No,Low,No,Two year,No,Mailed check,45,20.35
2482-CZGBB,0.7607,Yes,High,Yes,Month-to-month,Fiber optic,Electronic check,10,70.0
6479-SZPLM,0.014,No,Low,No,Two year,No,Credit card (automatic),36,19.45
8097-VBQTZ,0.1677,No,Low,No,Month-to-month,DSL,Mailed check,54,69.9
4500-HKANN,0.1447,No,Low,No,Two year,DSL,Mailed check,23,59.7
9917-KWRBE,0.1911,No,Low,No,One year,DSL,Credit card (automatic),41,78.35
3420-ZDBMA,0.7521,Yes,High,No,Month-to-month,Fiber optic,Mailed check,5,71.45
2212-LYASK,0.3047,No,Low,No,One year,DSL,Credit card (automatic),27,45.85
1393-IMKZG,0.853,Yes,High,No,Month-to-month,Fiber optic,Electronic check,1,95.85
8069-RHUXK,0.076,No,Low,No,Two year,DSL,Credit card (automatic),67,35.7
3398-GCPMU,0.0213,No,Low,No,Two year,DSL,Credit card (automatic),72,89.55
2908-WGAXL,0.0164,No,Low,No,Two year,No,Credit card (automatic),56,24.95
3378-AJRAO,0.0916,No,Low,No,One year,No,Electronic check,44,24.85
1013-QCWAM,0.6474,Yes,Medium,No,Month-to-month,Fiber optic,Electronic check,66,100.8
0866-QLSIR,0.1246,No,Low,Yes,One year,DSL,Mailed check,34,64.4
6050-FFXES,0.2615,No,Low,No,Two year,Fiber optic,Bank transfer (automatic),69,105.35
7181-BQYBV,0.837,Yes,High,Yes,Month-to-month,Fiber optic,Electronic check,1,102.45
0362-RAOQO,0.0219,No,Low,No,Two year,No,Credit card (automatic),40,19.65
9554-DFKIC,0.2611,No,Low,No,Month-to-month,DSL,Bank transfer (automatic),30,54.45
5527-ACHSO,0.4749,No,Medium,No,Month-to-month,DSL,Mailed check,11,70.5
0829-DDVLK,0.0812,No,Low,No,One year,No,Credit card (automatic),15,20.1
1399-UBQIU,0.5566,Yes,Medium,No,Month-to-month,DSL,Electronic check,11,69.35
1813-JLKWR,0.0304,No,Low,No,One year,No,Bank transfer (automatic),64,19.8
0336-PIKEI,0.0277,No,Low,No,Two year,DSL,Bank transfer (automatic),72,74.4
7322-OCWHC,0.1006,No,Low,No,Two year,Fiber optic,Bank transfer (automatic),72,93.05
9537-VHDTA,0.7045,Yes,High,No,Month-to-month,DSL,Mailed check,1,51.2
4957-TIALW,0.1768,No,Low,No,One year,DSL,Credit card (automatic),15,65.6
2054-PJOCK,0.1677,No,Low,No,One year,DSL,Credit card (automatic),60,80.55
9150-HEPMB,0.1259,No,Low,No,One year,DSL,Mailed check,56,52.7
9030-QGZNL,0.0747,No,Low,No,Two year,No,Mailed check,8,20.85
6204-IEUXJ,0.7288,Yes,High,Yes,Month-to-month,Fiber optic,Credit card (automatic),3,80.1
3126-WQMGH,0.301,No,Low,No,Month-to-month,DSL,Credit card (automatic),49,52.15
4529-CKBCL,0.8687,Yes,High,Yes,Month-to-month,Fiber optic,Electronic check,2,80.2
2506-CLAKW,0.685,Yes,Medium,Yes,Month-to-month,Fiber optic,Bank transfer (automatic),6,98.15
7176-WRTNX,0.1706,No,Low,No,Two year,Fiber optic,Bank transfer (automatic),70,114.95
1583-IHQZE,0.7701,Yes,High,Yes,Month-to-month,Fiber optic,Mailed check,12,112.95
5732-IKGQH,0.4668,No,Medium,No,One year,Fiber optic,Bank transfer (automatic),52,104.45
9239-GZHZE,0.0826,No,Low,No,Two year,Fiber optic,Credit card (automatic),72,113.65
7205-BAIAD,0.0307,No,Low,No,Two year,No,Bank transfer (automatic),40,20.6
0151-ONTOV,0.873,Yes,High,Yes,Month-to-month,Fiber optic,Mailed check,1,70.9
4140-MUHUG,0.8423,Yes,High,Yes,Month-to-month,Fiber optic,Electronic check,3,86.85
0093-EXYQL,0.6921,Yes,Medium,No,Month-to-month,Fiber optic,Electronic check,40,91.55
8064-RAVOH,0.7657,Yes,High,No,Month-to-month,DSL,Electronic check,1,49.85
0219-QAERP,0.0271,No,Low,No,One year,No,Credit card (automatic),30,19.8
0320-JDNQG,0.5701,Yes,Medium,Yes,Month-to-month,Fiber optic,Electronic check,23,99.85
7180-PISOG,0.9145,Yes,High,Yes,Month-to-month,Fiber optic,Electronic check,1,74.5
9168-INPSZ,0.6245,Yes,Medium,No,Month-to-month,Fiber optic,Electronic check,44,104.15
3571-RFHAR,0.4584,No,Medium,Yes,Month-to-month,Fiber optic,Electronic check,65,109.15
0015-UOCOJ,0.5677,Yes,Medium,No,Month-to-month,DSL,Electronic check,7,48.2
5334-AFQJB,0.0345,No,Low,No,Two year,No,Credit card (automatic),72,25.1
2754-SDJRD,0.8475,Yes,High,No,Month-to-month,Fiber optic,Credit card (automatic),8,100.15
9578-VRMNM,0.4722,No,Medium,Yes,Month-to-month,DSL,Credit card (automatic),16,65.2
1587-FKLZB,0.5239,Yes,Medium,Yes,Month-to-month,Fiber optic,Credit card (automatic),66,99.5
6140-QNRQQ,0.8429,Yes,High,Yes,Month-to-month,Fiber optic,Mailed check,1,71.55
8963-JLGJT,0.5794,Yes,Medium,No,Month-to-month,DSL,Mailed check,3,55.9
4307-KTUMW,0.4094,No,Medium,Yes,Month-to-month,Fiber optic,Electronic check,53,93.9
1465-LNTLJ,0.4341,No,Medium,No,Month-to-month,DSL,Credit card (automatic),8,64.4
5440-FLBQG,0.252,No,Low,Yes,Two year,Fiber optic,Bank transfer (automatic),69,108.4
2135-DQWAQ,0.8149,Yes,High,No,Month-to-month,Fiber optic,Mailed check,5,85.3
4056-QHXHZ,0.1539,No,Low,No,Two year,Fiber optic,Mailed check,72,107.45
7470-MCQTK,0.5126,Yes,Medium,Yes,Month-to-month,DSL,Bank transfer (automatic),13,48.75
7488-MXJIV,0.8812,Yes,High,Yes,Month-to-month,Fiber optic,Electronic check,4,85.65
7401-JIXNM,0.0571,No,Low,No,Two year,DSL,Credit card (automatic),54,91.3
9339-FIIJL,0.0361,No,Low,No,Two year,DSL,Bank transfer (automatic),72,85.95
2027-FECZV,0.8511,Yes,High,Yes,Month-to-month,Fiber optic,Electronic check,12,106.7
2672-DZUOY,0.8353,Yes,High,Yes,Month-to-month,DSL,Electronic check,1,25.15
4706-DGAHW,0.8132,Yes,High,No,Month-to-month,DSL,Electronic check,1,45.2
3870-MQAMG,0.455,No,Medium,Yes,One year,Fiber optic,Electronic check,54,110.35
6670-MFRPK,0.1588,No,Low,No,Two year,Fiber optic,Credit card (automatic),69,79.2
6177-PEVRA,0.1079,No,Low,No,Two year,DSL,Credit card (automatic),48,55.5
4800-CZMPC,0.3441,No,Low,Yes,One year,Fiber optic,Credit card (automatic),48,103.25
4813-HQMGZ,0.8081,Yes,High,No,Month-to-month,Fiber optic,Electronic check,8,90.25
7579-KKLOE,0.0387,No,Low,No,Two year,DSL,Mailed check,71,91.25
7377-DMMRI,0.702,Yes,High,Yes,Month-to-month,DSL,Electronic check,2,47.8
8402-EIVQS,0.3029,No,Low,No,One year,Fiber optic,Credit card (automatic),67,100.9
4947-DSMXK,0.6697,Yes,Medium,No,Month-to-month,Fiber optic,Bank transfer (automatic),34,97.7
7245-NIIWQ,0.7607,Yes,High,No,Month-to-month,Fiber optic,Electronic check,3,69.85
0002-ORFBO,0.3512,No,Low,No,One year,DSL,Mailed check,9,65.6
3324-OIRTO,0.3023,No,Low,No,One year,Fiber optic,Bank transfer (automatic),71,104.65
5414-OFQCB,0.1978,No,Low,No,Two year,Fiber optic,Credit card (automatic),57,90.45
4967-WPNCF,0.0203,No,Low,No,Two year,DSL,Bank transfer (automatic),72,63.7
8552-OBVRU,0.545,Yes,Medium,No,Month-to-month,Fiber optic,Electronic check,48,104.5
8499-BRXTD,0.0481,No,Low,No,One year,No,Mailed check,18,20.1
9154-QDGTH,0.4471,No,Medium,No,One year,Fiber optic,Credit card (automatic),43,104.3
8197-BFWVU,0.0752,No,Low,No,Two year,DSL,Bank transfer (automatic),72,93.25
2577-GVSIL,0.3162,No,Low,No,One year,DSL,Bank transfer (automatic),35,73.45
9367-OIUXP,0.2169,No,Low,No,Month-to-month,No,Mailed check,4,20.7
6770-UAYGJ,0.0244,No,Low,No,Two year,No,Mailed check,49,25.25
6463-HHXJR,0.1163,No,Low,No,Two year,Fiber optic,Bank transfer (automatic),71,100.5
7928-VJYAB,0.8102,Yes,High,No,Month-to-month,Fiber optic,Electronic check,11,90.6
1187-WILMM,0.0373,No,Low,No,Two year,DSL,Credit card (automatic),63,89.4
9776-OJUZI,0.5004,Yes,Medium,No,Month-to-month,Fiber optic,Bank transfer (automatic),65,95.45
1306-RPWXZ,0.0362,No,Low,No,Two year,No,Credit card (automatic),49,20.45
8949-JTMAY,0.7167,Yes,High,Yes,Month-to-month,Fiber optic,Credit card (automatic),29,98.6
2774-LVQUS,0.7035,Yes,High,Yes,Month-to-month,Fiber optic,Electronic check,15,83.05
3097-PYWXL,0.3315,No,Low,No,Month-to-month,No,Electronic check,4,19.95
2266-SJNAT,0.3129,No,Low,No,One year,Fiber optic,Credit card (automatic),72,109.15
0869-PAPRP,0.5262,Yes,Medium,No,Month-to-month,Fiber optic,Credit card (automatic),26,85.7
4238-JSSWH,0.6538,Yes,Medium,No,Month-to-month,Fiber optic,Bank transfer (automatic),35,102.05
2972-YDYUW,0.3488,No,Low,No,One year,Fiber optic,Electronic check,57,94.7
1104-FEJAM,0.3234,No,Low,No,Month-to-month,DSL,Electronic check,28,64.4
2809-ILCYT,0.0937,No,Low,No,One year,No,Mailed check,25,26.8
5499-ECUTN,0.1919,No,Low,No,One year,DSL,Credit card (automatic),47,66.05
4981-FLTMF,0.1777,No,Low,No,Month-to-month,DSL,Bank transfer (automatic),57,65.2
9121-PHQSR,0.749,Yes,High,No,Month-to-month,Fiber optic,Credit card (automatic),16,85.05
3113-IWHLC,0.5148,Yes,Medium,No,Month-to-month,DSL,Mailed check,5,55.8
3211-ILJTT,0.6313,Yes,Medium,Yes,Month-to-month,Fiber optic,Bank transfer (automatic),17,70.4
4612-THJBS,0.4121,No,Medium,Yes,One year,Fiber optic,Bank transfer (automatic),56,104.75
4277-BWBML,0.0237,No,Low,No,Two year,No,Bank transfer (automatic),72,19.95
4094-NSEDU,0.7882,Yes,High,Yes,Month-to-month,Fiber optic,Electronic check,21,94.25
0234-TEVTT,0.2097,No,Low,No,One year,DSL,Credit card (automatic),48,45.0
4304-TSPVK,0.177,No,Low,No,Two year,Fiber optic,Bank transfer (automatic),68,114.9
1552-AAGRX,0.6193,Yes,Medium,No,Month-to-month,Fiber optic,Bank transfer (automatic),30,106.4
2637-FKFSY,0.7187,Yes,High,No,Month-to-month,DSL,Mailed check,3,46.1
9796-MVYXX,0.1459,No,Low,No,Two year,DSL,Mailed check,14,39.7
7874-ECPQJ,0.3497,No,Low,No,Month-to-month,No,Bank transfer (automatic),4,20.05
0020-INWCK,0.2406,No,Low,No,Two year,Fiber optic,Credit card (automatic),71,95.75
7089-RKVSZ,0.1241,No,Low,No,One year,No,Mailed check,8,24.4
2683-JXWQQ,0.2591,No,Low,No,Month-to-month,DSL,Bank transfer (automatic),61,33.6
9548-ZMVTX,0.0842,No,Low,No,Two year,Fiber optic,Bank transfer (automatic),72,90.45
8739-XNIKG,0.8738,Yes,High,No,Month-to-month,Fiber optic,Electronic check,5,84.0
9755-JHNMN,0.0612,No,Low,No,Two year,DSL,Bank transfer (automatic),49,67.4
3981-QSVQI,0.3073,No,Low,No,Month-to-month,No,Bank transfer (automatic),8,19.7
2789-HQBOU,0.8791,Yes,High,No,Month-to-month,Fiber optic,Electronic check,3,80.35
9424-CMPOG,0.0691,No,Low,No,Two year,No,Mailed check,9,19.6
5067-WJEUN,0.0702,No,Low,No,Two year,DSL,Bank transfer (automatic),67,54.2
3450-WXOAT,0.31,No,Low,No,Month-to-month,DSL,Credit card (automatic),46,45.2
9251-WNSOD,0.1327,No,Low,No,One year,DSL,Mailed check,67,75.1
6974-DAFLI,0.0899,No,Low,No,One year,No,Electronic check,55,19.7
2616-UUTFK,0.2981,No,Low,No,Month-to-month,DSL,Bank transfer (automatic),33,72.75
7064-JHXCE,0.0063,No,Low,No,Two year,No,Credit card (automatic),62,20.05
5103-MHMHY,0.7443,Yes,High,Yes,Month-to-month,DSL,Mailed check,1,45.95
7989-AWGEH,0.3468,No,Low,No,Month-to-month,DSL,Electronic check,49,39.2
4373-VVHQL,0.789,Yes,High,No,Month-to-month,DSL,Electronic check,1,44.75
4559-UWIHT,0.827,Yes,High,No,Month-to-month,Fiber optic,Electronic check,14,82.65
7268-IGMFD,0.6212,Yes,Medium,No,Month-to-month,Fiber optic,Bank transfer (automatic),18,93.9
1846-XWOQN,0.9047,Yes,High,Yes,Month-to-month,Fiber optic,Electronic check,1,70.15
0235-KGSLC,0.8784,Yes,High,Yes,Month-to-month,Fiber optic,Credit card (automatic),1,85.55
6650-BWFRT,0.087,No,Low,No,Two year,Fiber optic,Credit card (automatic),72,117.15
9570-KYEUA,0.1539,No,Low,No,Two year,Fiber optic,Credit card (automatic),64,99.25
6993-YGFJV,0.2374,No,Low,No,Two year,Fiber optic,Bank transfer (automatic),69,112.55
2712-SYWAY,0.4661,No,Medium,No,Month-to-month,No,Electronic check,1,25.7
0730-BGQGF,0.0094,No,Low,No,Two year,DSL,Credit card (automatic),71,90.3
5498-IBWPI,0.1463,No,Low,No,One year,DSL,Credit card (automatic),66,49.4
9101-NTIXF,0.3404,No,Low,No,Month-to-month,No,Mailed check,2,19.4
0013-SMEOE,0.1413,No,Low,No,Two year,Fiber optic,Bank transfer (automatic),71,109.7
9314-QDMDW,0.3231,No,Low,No,One year,DSL,Electronic check,11,61.25
9308-ANMVE,0.3312,No,Low,No,Month-to-month,DSL,Electronic check,47,55.3
2884-GBPFB,0.6573,Yes,Medium,Yes,Month-to-month,Fiber optic,Electronic check,35,70.3
3757-NJYBX,0.6115,Yes,Medium,Yes,Month-to-month,Fiber optic,Bank transfer (automatic),32,106.35
3413-DHLPB,0.3949,No,Low,No,Month-to-month,Fiber optic,Bank transfer (automatic),60,103.75
7649-PHJVR,0.1222,No,Low,No,One year,No,Mailed check,11,19.5
6114-TCFID,0.1518,No,Low,No,One year,DSL,Credit card (automatic),29,39.5
3787-TRIAL,0.4971,No,Medium,No,Month-to-month,DSL,Electronic check,21,26.05
2573-GYRUU,0.5969,Yes,Medium,No,Month-to-month,Fiber optic,Credit card (automatic),48,91.05
5156-UMKOW,0.6617,Yes,Medium,No,Month-to-month,DSL,Mailed check,3,29.65
1247-QBVSH,0.2612,No,Low,No,Month-to-month,DSL,Mailed check,43,50.2
6734-GMPVK,0.8832,Yes,High,No,Month-to-month,Fiber optic,Electronic check,5,105.3
9822-OAOVB,0.7881,Yes,High,No,Month-to-month,DSL,Electronic check,1,55.45
6161-ERDGD,0.2033,No,Low,No,One year,DSL,Electronic check,71,85.45
1226-JZNKR,0.1516,No,Low,No,One year,No,Electronic check,8,19.8
7318-EIVKO,0.5277,Yes,Medium,No,Month-to-month,DSL,Electronic check,8,59.25
3771-PZOBW,0.5695,Yes,Medium,No,Month-to-month,Fiber optic,Credit card (automatic),20,90.7
5136-KCKGI,0.3549,No,Low,Yes,One year,Fiber optic,Mailed check,33,103.7
8231-BSWXX,0.2235,No,Low,No,One year,Fiber optic,Credit card (automatic),71,79.05
6486-LHTMA,0.4719,No,Medium,No,One year,Fiber optic,Electronic check,31,90.7
4083-BFNYK,0.3334,No,Low,No,One year,Fiber optic,Credit card (automatic),38,95.0
3722-WPXTK,0.9193,Yes,High,Yes,Month-to-month,Fiber optic,Electronic check,1,88.35
7389-KBFIT,0.7053,Yes,High,No,Month-to-month,DSL,Mailed check,2,30.25
7176-WIONM,0.535,Yes,Medium,No,Month-to-month,DSL,Bank transfer (automatic),12,49.85
5141-ZUVBH,0.6976,Yes,Medium,No,Month-to-month,Fiber optic,Bank transfer (automatic),9,93.0
1089-HDMKP,0.4259,No,Medium,No,Month-to-month,DSL,Electronic check,11,54.55
7623-HKYRK,0.2613,No,Low,No,Month-to-month,No,Mailed check,6,19.7
0310-SUCIN,0.1255,No,Low,No,One year,DSL,Bank transfer (automatic),71,84.8
5197-PYEPU,0.2609,No,Low,No,One year,Fiber optic,Credit card (automatic),42,94.45
2929-ERCFZ,0.8467,Yes,High,Yes,Month-to-month,Fiber optic,Electronic check,8,94.2
7548-SEPYI,0.8776,Yes,High,Yes,Month-to-month,Fiber optic,Electronic check,5,96.25
8835-VSDSE,0.8267,Yes,High,Yes,Month-to-month,Fiber optic,Electronic check,2,70.7
6619-RPLQZ,0.0078,No,Low,No,Two year,No,Mailed check,45,20.85
3275-RHRNE,0.3088,No,Low,No,One year,DSL,Credit card (automatic),28,60.0
3503-TYDAY,0.6428,Yes,Medium,No,Month-to-month,Fiber optic,Electronic check,43,80.45
6901-GOGZG,0.1133,No,Low,No,Two year,DSL,Electronic check,60,84.95
1623-NLDOT,0.145,No,Low,Yes,One year,DSL,Mailed check,42,33.55
7021-XSNYE,0.1988,No,Low,No,Two year,DSL,Credit card (automatic),7,49.65
9621-OUPYD,0.0435,No,Low,No,One year,No,Bank transfer (automatic),25,20.2
9898-KZQDZ,0.6173,Yes,Medium,Yes,Month-to-month,Fiber optic,Credit card (automatic),40,94.55
8982-NHAVY,0.4685,No,Medium,No,One year,Fiber optic,Bank transfer (automatic),27,100.5
4307-KWMXE,0.4847,No,Medium,No,Month-to-month,DSL,Electronic check,10,35.75
0141-YEAYS,0.6857,Yes,Medium,No,Month-to-month,Fiber optic,Bank transfer (automatic),27,86.45
2450-ZKEED,0.2859,No,Low,No,One year,DSL,Bank transfer (automatic),11,53.8
3694-DELSO,0.5764,Yes,Medium,No,Month-to-month,DSL,Credit card (automatic),4,38.55
3893-JRNFS,0.3886,No,Low,No,Month-to-month,DSL,Bank transfer (automatic),68,39.9
9603-OAIHC,0.9086,Yes,High,No,Month-to-month,Fiber optic,Electronic check,1,70.05
1133-KXCGE,0.0321,No,Low,No,One year,No,Mailed check,18,20.1
5236-PERKL,0.2597,No,Low,Yes,Two year,Fiber optic,Bank transfer (automatic),57,112.95
0142-GVYSN,0.1671,No,Low,No,Month-to-month,No,Electronic check,26,20.3
1049-FYSYG,0.4811,No,Medium,No,Month-to-month,DSL,Credit card (automatic),17,35.65
7854-FOKSF,0.819,Yes,High,Yes,Month-to-month,DSL,Electronic check,1,35.9
2519-FAKOD,0.6293,Yes,Medium,Yes,Month-to-month,Fiber optic,Bank transfer (automatic),38,99.25
8406-LNMHF,0.1665,No,Low,No,One year,Fiber optic,Credit card (automatic),59,82.95
1821-BUCWY,0.0998,No,Low,No,Two year,DSL,Mailed check,30,55.65
8263-JQAIK,0.7584,Yes,High,Yes,Month-to-month,DSL,Mailed check,2,24.45
0023-UYUPN,0.131,No,Low,No,One year,No,Electronic check,50,25.2
8314-DPQHL,0.2499,No,Low,No,One year,DSL,Mailed check,9,50.8
1465-WCZVT,0.3717,No,Low,No,Month-to-month,No,Mailed check,3,19.65
9481-SFCQY,0.4796,No,Medium,No,Month-to-month,DSL,Credit card (automatic),14,59.8
6360-SVNWV,0.5198,Yes,Medium,No,Month-to-month,Fiber optic,Credit card (automatic),31,73.55
0567-GGCAC,0.4583,No,Medium,No,Month-to-month,DSL,Electronic check,7,61.4
7089-IVVAZ,0.793,Yes,High,Yes,Month-to-month,Fiber optic,Bank transfer (automatic),8,103.35
8884-MRNSU,0.0998,No,Low,No,One year,No,Bank transfer (automatic),17,19.9
2171-UDMFD,0.1724,No,Low,No,Month-to-month,No,Credit card (automatic),32,19.45
9050-IKDZA,0.8555,Yes,High,No,Month-to-month,Fiber optic,Mailed check,2,81.5
2205-YMZZJ,0.8637,Yes,High,Yes,Month-to-month,Fiber optic,Electronic check,7,84.8
9802-CAQUT,0.1426,No,Low,No,Two year,Fiber optic,Credit card (automatic),72,109.55
1254-IZEYF,0.7894,Yes,High,Yes,Month-to-month,Fiber optic,Electronic check,31,99.95
0187-WZNAB,0.4834,No,Medium,No,Month-to-month,Fiber optic,Mailed check,27,74.4
9492-TOKRI,0.6187,Yes,Medium,Yes,Month-to-month,Fiber optic,Credit card (automatic),18,90.0
1475-VWVDO,0.794,Yes,High,No,Month-to-month,Fiber optic,Electronic check,7,74.9
9221-OTIVJ,0.7884,Yes,High,Yes,Month-to-month,Fiber optic,Electronic check,14,104.85
1357-MVDOZ,0.4735,No,Medium,No,Month-to-month,DSL,Bank transfer (automatic),11,59.65
7602-MVRMB,0.1375,No,Low,No,Two year,Fiber optic,Bank transfer (automatic),72,110.45
3325-FUYCG,0.4284,No,Medium,Yes,One year,Fiber optic,Electronic check,28,106.1
5908-QMGOE,0.6703,Yes,Medium,Yes,Month-to-month,Fiber optic,Credit card (automatic),15,74.2
1197-BVMVG,0.8559,Yes,High,No,Month-to-month,Fiber optic,Electronic check,4,74.45
5406-KGRMX,0.0472,No,Low,No,Two year,No,Electronic check,71,24.55
8481-YYXWG,0.7936,Yes,High,Yes,Month-to-month,Fiber optic,Electronic check,5,89.35
5968-HYJRZ,0.0318,No,Low,No,Two year,No,Mailed check,47,24.55
5198-EFNBM,0.4033,No,Medium,No,One year,Fiber optic,Electronic check,57,90.65
7516-GMHUV,0.3342,No,Low,No,Two year,Fiber optic,Credit card (automatic),50,105.05
7140-ADSMJ,0.2745,No,Low,No,Month-to-month,No,Credit card (automatic),8,20.45
2230-XTUWL,0.0253,No,Low,No,Two year,No,Mailed check,48,19.55
7706-YLMQA,0.0672,No,Low,No,One year,No,Bank transfer (automatic),70,19.7
2585-KTFRE,0.5386,Yes,Medium,No,Month-to-month,DSL,Bank transfer (automatic),1,70.45
7994-UYIVZ,0.8719,Yes,High,No,Month-to-month,Fiber optic,Bank transfer (automatic),8,85.65
2609-IAICY,0.923,Yes,High,Yes,Month-to-month,Fiber optic,Electronic check,1,77.15
1740-CSDJP,0.7832,Yes,High,Yes,Month-to-month,DSL,Bank transfer (automatic),1,35.25
7717-BICXI,0.0114,No,Low,No,Two year,No,Mailed check,60,20.55
6559-RAKOZ,0.4796,No,Medium,No,One year,Fiber optic,Electronic check,49,97.95
2636-OHFMN,0.7094,Yes,High,Yes,Month-to-month,DSL,Electronic check,4,48.55
4716-MRVEN,0.0272,No,Low,No,One year,No,Mailed check,29,20.0
2143-LJULT,0.0237,No,Low,No,Two year,No,Credit card (automatic),67,25.25
1323-OOEPC,0.5724,Yes,Medium,Yes,Month-to-month,Fiber optic,Credit card (automatic),53,98.4
3200-MNQTF,0.061,No,Low,No,Two year,DSL,Credit card (automatic),67,70.9
6164-HXUGH,0.3107,No,Low,No,Month-to-month,No,Mailed check,6,19.85
5630-IXDXV,0.6955,Yes,Medium,No,Month-to-month,Fiber optic,Electronic check,47,106.35
0320-DWVTU,0.1377,No,Low,No,Two year,Fiber optic,Mailed check,53,99.5
9135-MGVPY,0.0214,No,Low,No,Two year,DSL,Mailed check,69,84.7
1212-GLHMD,0.7399,Yes,High,No,Month-to-month,Fiber optic,Mailed check,3,86.05
7878-JGDKK,0.6584,Yes,Medium,No,Month-to-month,DSL,Mailed check,4,44.55
1088-AUUZZ,0.0567,No,Low,No,Two year,DSL,Credit card (automatic),56,75.85
0397-GZBBC,0.5425,Yes,Medium,Yes,Month-to-month,Fiber optic,Bank transfer (automatic),59,93.85
6614-YWYSC,0.0231,No,Low,No,Two year,No,Bank transfer (automatic),61,25.0
9588-OZDMQ,0.7764,Yes,High,No,Month-to-month,DSL,Electronic check,2,45.0
7641-EUYET,0.6358,Yes,Medium,Yes,Month-to-month,Fiber optic,Electronic check,46,100.7
6476-EPYZR,0.2335,No,Low,No,Month-to-month,No,Mailed check,12,20.5
9921-ZVRHG,0.7658,Yes,High,Yes,Month-to-month,Fiber optic,Electronic check,14,80.45
1174-FGIFN,0.4764,No,Medium,No,One year,Fiber optic,Electronic check,28,90.45
6620-HVDUJ,0.2497,No,Low,No,Month-to-month,DSL,Bank transfer (automatic),24,60.45
4701-MLJPN,0.2745,No,Low,Yes,Month-to-month,DSL,Electronic check,31,55.25
1032-MAELW,0.1823,No,Low,No,One year,DSL,Electronic check,68,78.45
7641-TQFHN,0.3015,No,Low,No,Two year,Fiber optic,Mailed check,39,100.55
1552-TKMXS,0.1196,No,Low,No,Month-to-month,No,Credit card (automatic),42,20.35
9206-GVPEQ,0.502,Yes,Medium,Yes,Month-to-month,DSL,Electronic check,13,54.45
8622-ZLFKO,0.8954,Yes,High,No,Month-to-month,Fiber optic,Electronic check,6,90.75
1596-BBVTG,0.5708,Yes,Medium,Yes,Month-to-month,Fiber optic,Credit card (automatic),35,75.35
6188-UXBBR,0.042,No,Low,No,One year,No,Credit card (automatic),38,20.25
2333-KWEWW,0.0302,No,Low,No,Two year,No,Credit card (automatic),18,20.05
5702-SKUOB,0.3067,No,Low,No,Month-to-month,No,Mailed check,4,19.6
1134-YWTYF,0.2559,No,Low,No,Month-to-month,DSL,Electronic check,27,53.8
6061-GWWAV,0.1664,No,Low,No,One year,DSL,Mailed check,41,70.2
0679-TDGAK,0.2229,No,Low,No,One year,DSL,Electronic check,50,75.5
6585-WCEWR,0.0388,No,Low,No,Two year,No,Electronic check,72,20.35
9067-YGSCA,0.0672,No,Low,No,One year,No,Credit card (automatic),70,26.05
9067-SQTNS,0.0429,No,Low,No,One year,No,Bank transfer (automatic),44,20.6
8433-WXGNA,0.7663,Yes,High,Yes,Month-to-month,Fiber optic,Electronic check,2,75.7
1776-SPBWV,0.0423,No,Low,No,One year,No,Bank transfer (automatic),34,20.1
8735-SDUFN,0.0093,No,Low,No,Two year,No,Bank transfer (automatic),72,24.3
9668-PUGNU,0.0513,No,Low,No,Two year,No,Electronic check,71,24.5
9405-GPBBG,0.2826,No,Low,No,Two year,Fiber optic,Credit card (automatic),64,110.5
1926-QUZNN,0.007,No,Low,No,Two year,No,Bank transfer (automatic),72,25.25
3707-GNWHM,0.8875,Yes,High,Yes,Month-to-month,Fiber optic,Mailed check,1,74.25
7016-NVRIC,0.2844,No,Low,No,One year,Fiber optic,Bank transfer (automatic),29,90.1
5829-NVSQN,0.1878,No,Low,No,One year,DSL,Bank transfer (automatic),23,68.75
9565-AXSMR,0.0279,No,Low,No,Two year,No,Mailed check,52,19.2
8922-LIEGH,0.7458,Yes,High,Yes,Month-to-month,Fiber optic,Electronic check,25,89.7
8869-LIHMK,0.1805,No,Low,No,Two year,Fiber optic,Bank transfer (automatic),64,115.1
8245-UMPYT,0.8017,Yes,High,Yes,Month-to-month,Fiber optic,Electronic check,16,96.4
5186-SAMNZ,0.8818,Yes,High,Yes,Month-to-month,Fiber optic,Bank transfer (automatic),1,69.5
0447-RXSGD,0.691,Yes,Medium,No,Month-to-month,Fiber optic,Bank transfer (automatic),24,99.65
4927-WWOOZ,0.9058,Yes,High,No,Month-to-month,Fiber optic,Electronic check,2,91.45
5788-YPOEG,0.0995,No,Low,No,Two year,DSL,Mailed check,34,84.75
5373-SFODM,0.6319,Yes,Medium,Yes,Month-to-month,Fiber optic,Credit card (automatic),36,85.25
0661-KBKPA,0.2013,No,Low,No,One year,DSL,Mailed check,53,78.75
9081-WWXKP,0.0142,No,Low,No,Two year,No,Credit card (automatic),47,20.25
0784-ZQJZX,0.0174,No,Low,No,Two year,No,Credit card (automatic),72,19.9
3133-PZNSR,0.0849,No,Low,No,Two year,Fiber optic,Credit card (automatic),72,97.75
5766-ZJYBB,0.5403,Yes,Medium,Yes,Month-to-month,No,Mailed check,1,19.4
8931-GJJIQ,0.8634,Yes,High,Yes,Month-to-month,Fiber optic,Electronic check,9,83.3
4277-PVRAN,0.8289,Yes,High,Yes,Month-to-month,Fiber optic,Bank transfer (automatic),8,80.1
0022-TCJCI,0.1522,No,Low,Yes,One year,DSL,Credit card (automatic),45,62.7
0722-SVSFK,0.8257,Yes,High,No,Month-to-month,Fiber optic,Electronic check,7,100.4
3612-YVGSJ,0.0344,No,Low,No,Two year,No,Credit card (automatic),71,24.45
9825-YCXWZ,0.4063,No,Medium,No,One year,Fiber optic,Bank transfer (automatic),41,101.1
5397-NSKQG,0.124,No,Low,No,Two year,DSL,Credit card (automatic),67,50.9
8565-HBFNN,0.3181,No,Low,No,One year,Fiber optic,Credit card (automatic),69,107.2
2000-DHJUY,0.061,No,Low,No,Two year,DSL,Bank transfer (automatic),70,92.2
0203-HHYIJ,0.0583,No,Low,Yes,One year,No,Bank transfer (automatic),25,25.3
8670-ERCJH,0.1131,No,Low,No,Two year,Fiber optic,Bank transfer (automatic),72,113.4
7758-UJWYS,0.1689,No,Low,No,Two year,DSL,Electronic check,34,40.55
2050-ONYDQ,0.0154,No,Low,No,Two year,No,Credit card (automatic),65,26.0
7055-JCGNI,0.1739,No,Low,No,Two year,Fiber optic,Credit card (automatic),70,111.95
0739-UUAJR,0.1036,No,Low,No,Two year,DSL,Credit card (automatic),72,53.8
4826-DXMUP,0.2604,No,Low,No,One year,DSL,Mailed check,35,72.1
0952-KMEEH,0.6812,Yes,Medium,Yes,Month-to-month,Fiber optic,Mailed check,13,98.15
7285-KLOTR,0.3606,No,Low,No,One year,DSL,Electronic check,12,78.85
0654-PQKDW,0.073,No,Low,No,One year,DSL,Bank transfer (automatic),62,70.75
7175-NTIXE,0.3073,No,Low,No,Month-to-month,DSL,Credit card (automatic),25,76.15
7963-SHNDT,0.0642,No,Low,No,Two year,DSL,Mailed check,52,39.1
9796-BPKIW,0.7192,Yes,High,No,Month-to-month,Fiber optic,Credit card (automatic),8,69.95
0188-GWFLE,0.4108,No,Medium,No,Month-to-month,No,Mailed check,2,20.05
8129-GMVGI,0.0288,No,Low,No,Two year,No,Mailed check,56,20.05
2882-DDZPG,0.2873,No,Low,No,Month-to-month,No,Bank transfer (automatic),12,19.45
3547-LQRIK,0.0689,No,Low,No,One year,No,Electronic check,47,26.9
9137-NOQKA,0.3854,No,Low,No,Month-to-month,No,Electronic check,2,19.2
5843-TTHGI,0.4103,No,Medium,No,Month-to-month,DSL,Mailed check,18,50.0
1849-RJYIG,0.5083,Yes,Medium,No,Month-to-month,DSL,Electronic check,8,60.0
8868-GAGIO,0.4378,No,Medium,No,Month-to-month,Fiber optic,Mailed check,45,84.55
4061-UKJWL,0.6882,Yes,Medium,No,Month-to-month,DSL,Mailed check,3,45.45
5380-XPJNZ,0.0208,No,Low,No,One year,No,Mailed check,38,20.05
8263-QMNTJ,0.1578,No,Low,No,Two year,Fiber optic,Electronic check,72,115.55
8178-EYZUO,0.4571,No,Medium,Yes,Month-to-month,Fiber optic,Electronic check,46,93.7
3230-JCNZS,0.1327,No,Low,No,Two year,Fiber optic,Credit card (automatic),71,99.0
0277-ORXQS,0.1032,No,Low,No,Two year,DSL,Bank transfer (automatic),66,50.55
5130-IEKQT,0.6539,Yes,Medium,Yes,Month-to-month,Fiber optic,Mailed check,25,105.95
3230-WYKIR,0.2922,No,Low,Yes,One year,DSL,Credit card (automatic),18,82.0
7996-BPXHY,0.0598,No,Low,No,Two year,No,Bank transfer (automatic),13,25.0
3227-WLKLI,0.0391,No,Low,No,Two year,DSL,Bank transfer (automatic),65,91.55
0407-BDJKB,0.5622,Yes,Medium,Yes,Month-to-month,Fiber optic,Electronic check,60,95.75
2266-FUBDZ,0.0461,No,Low,No,Two year,No,Mailed check,15,19.35
8237-ULIXL,0.0222,No,Low,No,Two year,No,Credit card (automatic),72,24.85
9600-UDOPK,0.6821,Yes,Medium,Yes,Month-to-month,Fiber optic,Credit card (automatic),30,94.05
8216-AZUUZ,0.3885,No,Low,No,Two year,Fiber optic,Electronic check,42,100.4
9153-BTBVV,0.0117,No,Low,No,Two year,No,Bank transfer (automatic),71,25.0
4074-SJFFA,0.7297,Yes,High,Yes,Month-to-month,DSL,Mailed check,1,54.75
3269-ATYWD,0.6779,Yes,Medium,Yes,Month-to-month,Fiber optic,Bank transfer (automatic),39,95.65
5186-PEIZU,0.1705,No,Low,No,Month-to-month,No,Bank transfer (automatic),35,19.25
1074-AMIOH,0.4254,No,Medium,No,Month-to-month,Fiber optic,Bank transfer (automatic),53,108.25
4910-GMJOT,0.9483,Yes,High,Yes,Month-to-month,Fiber optic,Electronic check,1,94.6
0354-WYROK,0.6051,Yes,Medium,Yes,Month-to-month,Fiber optic,Electronic check,31,98.9
4361-FEBGN,0.016,No,Low,No,Two year,No,Credit card (automatic),48,20.15
7748-UMTRK,0.6805,Yes,Medium,No,Month-to-month,Fiber optic,Electronic check,30,101.3
0380-ZCSBI,0.2806,No,Low,No,Month-to-month,No,Credit card (automatic),10,20.0
7145-FEJWU,0.8703,Yes,High,No,Month-to-month,Fiber optic,Electronic check,12,105.3
6463-MVYRY,0.059,No,Low,No,Two year,DSL,Bank transfer (automatic),57,69.85
3969-JQABI,0.24,No,Low,No,Month-to-month,DSL,Credit card (automatic),58,65.25
9624-EGDEQ,0.02,No,Low,No,Two year,No,Mailed check,37,19.8
1051-EQPZR,0.1213,No,Low,No,Month-to-month,No,Mailed check,44,19.6
5849-ASHZJ,0.0137,No,Low,No,One year,No,Credit card (automatic),27,20.05
5780-INQIK,0.5721,Yes,Medium,No,Month-to-month,DSL,Electronic check,8,49.4
7576-OYWBN,0.8741,Yes,High,Yes,Month-to-month,Fiber optic,Electronic check,3,76.05
4526-ZJJTM,0.5954,Yes,Medium,No,Month-to-month,Fiber optic,Bank transfer (automatic),25,88.4
8384-FZBJK,0.662,Yes,Medium,No,Month-to-month,Fiber optic,Electronic check,57,100.6
3750-RNQKR,0.2739,No,Low,No,Month-to-month,No,Mailed check,12,19.45
0962-CQPWQ,0.0076,No,Low,No,Two year,No,Bank transfer (automatic),62,20.3
3096-YXENJ,0.2645,No,Low,No,Two year,Fiber optic,Bank transfer (automatic),65,107.65
1265-BCFEO,0.048,No,Low,No,Two year,DSL,Bank transfer (automatic),71,80.45
5837-LXSDN,0.2353,No,Low,No,One year,DSL,Credit card (automatic),21,58.85
5945-AZYHT,0.3845,No,Low,No,One year,Fiber optic,Electronic check,71,109.6
8325-QRPZR,0.791,Yes,High,No,Month-to-month,Fiber optic,Electronic check,7,75.15
6384-VMJHP,0.0427,No,Low,No,Two year,DSL,Credit card (automatic),72,73.0
2262-SLNVK,0.8894,Yes,High,No,Month-to-month,Fiber optic,Electronic check,1,70.1
7730-CLDSV,0.1503,No,Low,No,Two year,Fiber optic,Bank transfer (automatic),72,98.65
1135-HIORI,0.4089,No,Medium,No,One year,Fiber optic,Electronic check,64,111.45
0164-APGRB,0.1247,No,Low,No,Two year,Fiber optic,Electronic check,72,114.9
6481-ESCNL,0.6378,Yes,Medium,No,Month-to-month,Fiber optic,Bank transfer (automatic),29,100.55
1790-NESIO,0.0377,No,Low,No,Two year,No,Mailed check,13,20.4
1550-EENBN,0.6239,Yes,Medium,No,Month-to-month,Fiber optic,Electronic check,31,104.35
5539-TMZLF,0.9219,Yes,High,Yes,Month-to-month,Fiber optic,Electronic check,1,69.75
4323-SADQS,0.5194,Yes,Medium,Yes,Month-to-month,DSL,Electronic check,7,34.5
4446-BZKHU,0.6119,Yes,Medium,Yes,Month-to-month,Fiber optic,Electronic check,61,105.55
5202-IVJNU,0.3781,No,Low,Yes,Month-to-month,DSL,Credit card (automatic),39,30.1
5976-JCJRH,0.7183,Yes,High,Yes,Month-to-month,Fiber optic,Electronic check,10,70.3
8198-RKSZG,0.4446,No,Medium,No,Month-to-month,DSL,Credit card (automatic),14,80.45
0137-OCGAB,0.8622,Yes,High,Yes,Month-to-month,Fiber optic,Mailed check,1,80.2
3351-NQLDI,0.224,No,Low,Yes,One year,Fiber optic,Credit card (automatic),67,94.35
9297-EONCV,0.0502,No,Low,No,Two year,DSL,Bank transfer (automatic),72,91.35
7593-JNWRU,0.5219,Yes,Medium,Yes,Month-to-month,DSL,Bank transfer (automatic),6,44.6
4588-YBNIB,0.5454,Yes,Medium,Yes,Month-to-month,No,Mailed check,1,19.6
1069-QJOEE,0.0575,No,Low,No,One year,No,Electronic check,25,19.9
3336-JORSO,0.6116,Yes,Medium,Yes,Month-to-month,Fiber optic,Electronic check,33,110.45
7799-DSEWS,0.3699,No,Low,No,Month-to-month,DSL,Electronic check,18,68.35
8766-PAFNE,0.0359,No,Low,No,Two year,DSL,Credit card (automatic),71,79.1
5315-CKEQK,0.2836,No,Low,No,One year,DSL,Electronic check,28,51.0
3130-ICDUP,0.7205,Yes,High,No,Month-to-month,Fiber optic,Credit card (automatic),2,80.55
0820-FNRNX,0.3068,No,Low,No,Month-to-month,DSL,Mailed check,17,66.7
0880-FVFWF,0.4174,No,Medium,No,Month-to-month,Fiber optic,Electronic check,56,86.4
4611-ANLQC,0.2342,No,Low,No,One year,DSL,Electronic check,60,50.05
4213-HKBJO,0.0672,No,Low,No,Two year,No,Credit card (automatic),33,25.7
2792-LSHWX,0.7279,Yes,High,No,Month-to-month,Fiber optic,Mailed check,1,83.4
5028-GZLDO,0.7679,Yes,High,Yes,Month-to-month,Fiber optic,Credit card (automatic),2,70.7
0014-BMAQU,0.1409,No,Low,No,Two year,Fiber optic,Credit card (automatic),63,84.65
6861-XWTWQ,0.9183,Yes,High,Yes,Month-to-month,Fiber optic,Electronic check,7,99.25
9018-PCIOK,0.1301,No,Low,No,Two year,DSL,Mailed check,55,64.75
4837-QUSFT,0.2638,No,Low,No,One year,Fiber optic,Bank transfer (automatic),65,100.15
6877-TJMBR,0.8537,Yes,High,Yes,Month-to-month,Fiber optic,Electronic check,1,84.8
9953-ZMKSM,0.0184,No,Low,No,Two year,No,Mailed check,63,25.25
0907-HQNTS,0.1635,No,Low,No,Two year,Fiber optic,Credit card (automatic),70,113.0
7665-NKLAV,0.0793,No,Low,No,Two year,DSL,Credit card (automatic),36,40.65
6769-DCQLI,0.3809,No,Low,Yes,One year,Fiber optic,Bank transfer (automatic),52,105.0
2433-KMEAS,0.4689,No,Medium,Yes,Month-to-month,DSL,Electronic check,22,54.45
4391-LNRXK,0.5594,Yes,Medium,No,Month-to-month,Fiber optic,Bank transfer (automatic),22,94.95
8250-ZNGGW,0.5158,Yes,Medium,No,Month-to-month,DSL,Credit card (automatic),5,59.9
2195-ZRVAX,0.5756,Yes,Medium,Yes,Month-to-month,Fiber optic,Electronic check,47,85.3
3550-SAHFP,0.7223,Yes,High,Yes,Month-to-month,Fiber optic,Electronic check,33,83.35
2011-TRQYE,0.4974,No,Medium,Yes,Month-to-month,DSL,Credit card (automatic),18,33.5
8562-GHPPI,0.5068,Yes,Medium,No,Month-to-month,No,Credit card (automatic),1,19.8
5893-PYOLZ,0.0478,No,Low,No,Two year,DSL,Credit card (automatic),56,81.8
4986-MXSFP,0.3197,No,Low,No,Month-to-month,No,Mailed check,2,20.0
6131-FOYAS,0.3413,No,Low,No,Month-to-month,DSL,Electronic check,35,59.6
3027-YNWZU,0.0252,No,Low,No,Two year,No,Credit card (automatic),64,25.0
5609-IMCGG,0.6499,Yes,Medium,No,Month-to-month,Fiber optic,Credit card (automatic),15,84.35
4873-ILOLJ,0.713,Yes,High,Yes,Month-to-month,Fiber optic,Electronic check,24,90.35
4727-MCYZG,0.7376,Yes,High,No,Month-to-month,DSL,Mailed check,1,55.55
9481-WHGWY,0.0759,No,Low,No,Two year,DSL,Credit card (automatic),70,75.35
2725-KXXWT,0.9095,Yes,High,Yes,Month-to-month,Fiber optic,Electronic check,1,90.75
9565-DJPIB,0.8297,Yes,High,Yes,Month-to-month,Fiber optic,Mailed check,4,89.6
4328-VUFWD,0.2368,No,Low,No,One year,DSL,Electronic check,39,59.3
3301-LSLWQ,0.3374,No,Low,No,Month-to-month,DSL,Electronic check,29,66.1
7473-ZBDSN,0.0445,No,Low,No,Two year,No,Mailed check,14,18.8
3166-PNEOF,0.0565,No,Low,No,Two year,DSL,Credit card (automatic),61,86.45
5639-NTUPK,0.4556,No,Medium,No,Month-to-month,DSL,Credit card (automatic),13,52.1
8780-YRMTT,0.0597,No,Low,No,Two year,DSL,Mailed check,66,47.4
8348-HFYIV,0.8081,Yes,High,Yes,Month-to-month,DSL,Electronic check,2,49.25
5140-FOMCQ,0.3449,No,Low,No,One year,Fiber optic,Credit card (automatic),59,109.15
6242-SGYTS,0.2203,No,Low,No,One year,Fiber optic,Credit card (automatic),62,94.95
8166-ORCHU,0.3336,No,Low,No,One year,Fiber optic,Electronic check,33,93.55
8414-OOEEL,0.0649,No,Low,No,Two year,DSL,Credit card (automatic),66,79.5
8454-AATJP,0.0935,No,Low,No,Two year,Fiber optic,Credit card (automatic),72,115.05
6849-WLEYG,0.5156,Yes,Medium,Yes,Month-to-month,No,Mailed check,1,19.75
4659-NZRUF,0.6656,Yes,Medium,Yes,Month-to-month,Fiber optic,Electronic check,19,95.15
4531-AUZNK,0.3072,No,Low,No,One year,Fiber optic,Mailed check,51,95.15
4191-XOVOM,0.5503,Yes,Medium,No,Month-to-month,Fiber optic,Electronic check,63,105.4
2150-OEGBV,0.0744,No,Low,No,One year,No,Bank transfer (automatic),27,20.1
8429-XIBUM,0.6587,Yes,Medium,Yes,Month-to-month,Fiber optic,Bank transfer (automatic),22,101.35
1855-CFULU,0.2906,No,Low,No,Month-to-month,No,Mailed check,4,20.05
4878-BUNFV,0.0072,No,Low,No,Two year,No,Mailed check,42,20.7
1872-EBWSC,0.0256,No,Low,No,One year,No,Mailed check,29,20.35
2608-BHKFN,0.7413,Yes,High,Yes,Month-to-month,Fiber optic,Credit card (automatic),4,70.05
7026-YMSBE,0.0362,No,Low,No,One year,No,Mailed check,30,19.7
7341-LXCAF,0.8648,Yes,High,Yes,Month-to-month,Fiber optic,Electronic check,4,74.65
6997-UVGOX,0.0211,No,Low,No,Two year,DSL,Bank transfer (automatic),71,85.45
9674-EHPPG,0.0821,No,Low,No,Two year,DSL,Credit card (automatic),46,40.4
9462-MJUAW,0.6462,Yes,Medium,Yes,Month-to-month,DSL,Mailed check,4,50.4
8128-YVJRG,0.7006,Yes,High,Yes,Month-to-month,Fiber optic,Mailed check,7,79.65
5440-VHLUL,0.4381,No,Medium,No,One year,Fiber optic,Bank transfer (automatic),69,105.2
5781-BKHOP,0.1224,No,Low,No,Two year,Fiber optic,Bank transfer (automatic),72,100.65
4283-FUTGF,0.7372,Yes,High,Yes,Month-to-month,Fiber optic,Electronic check,19,79.85
5213-TWWJU,0.5495,Yes,Medium,No,Month-to-month,Fiber optic,Electronic check,28,91.0
1569-TTNYJ,0.8792,Yes,High,Yes,Month-to-month,Fiber optic,Electronic check,5,78.75
8628-MFKAX,0.0751,No,Low,No,Two year,Fiber optic,Credit card (automatic),72,116.75
2397-BRLOM,0.769,Yes,High,Yes,Month-to-month,Fiber optic,Credit card (automatic),8,80.45
7629-WIXZF,0.3351,No,Low,No,One year,DSL,Electronic check,7,59.1
5445-GLVOT,0.4539,No,Medium,No,Month-to-month,DSL,Electronic check,22,49.8
3976-HXHCE,0.0449,No,Low,No,Two year,No,Bank transfer (automatic),72,19.3
2466-NEJOJ,0.2496,No,Low,No,Month-to-month,No,Credit card (automatic),8,19.65
0254-KCJGT,0.2028,No,Low,No,One year,DSL,Credit card (automatic),52,81.4
5472-CVMDX,0.0743,No,Low,No,Two year,DSL,Mailed check,68,38.9
6461-SZMCV,0.0128,No,Low,No,Two year,DSL,Bank transfer (automatic),71,87.95
8150-QUDFX,0.3292,No,Low,No,Month-to-month,No,Mailed check,2,19.85
9508-ILZDG,0.6334,Yes,Medium,No,Month-to-month,Fiber optic,Electronic check,34,96.35
2346-DJQTB,0.4761,No,Medium,No,Month-to-month,DSL,Electronic check,35,24.15
1697-LYYYX,0.0471,No,Low,No,One year,No,Credit card (automatic),61,19.1
1942-OQFRW,0.7701,Yes,High,No,Month-to-month,DSL,Electronic check,1,44.0
4749-VFKVB,0.7546,Yes,High,Yes,Month-to-month,DSL,Mailed check,1,50.1
9640-ZSLDC,0.1597,No,Low,No,One year,DSL,Credit card (automatic),53,60.6
4231-LZUYM,0.0077,No,Low,No,Two year,No,Bank transfer (automatic),72,25.65
7598-UAASY,0.8127,Yes,High,Yes,Month-to-month,Fiber optic,Electronic check,2,76.4
7938-OUHIO,0.837,Yes,High,Yes,Month-to-month,Fiber optic,Electronic check,3,98.7
8510-AWCXC,0.8222,Yes,High,Yes,Month-to-month,Fiber optic,Electronic check,13,100.8
6128-AQBMT,0.4993,No,Medium,No,Month-to-month,DSL,Electronic check,41,53.95
3594-BDSOA,0.0243,No,Low,No,One year,No,Credit card (automatic),24,20.4
0431-APWVY,0.4512,No,Medium,Yes,One year,Fiber optic,Bank transfer (automatic),28,90.1
5133-VRSAB,0.5092,Yes,Medium,No,Month-to-month,DSL,Mailed check,8,29.35
5996-DAOQL,0.5591,Yes,Medium,No,Month-to-month,No,Mailed check,1,20.45
6838-YAUVY,0.2308,No,Low,No,Two year,Fiber optic,Bank transfer (automatic),54,95.1
0484-JPBRU,0.158,No,Low,No,Month-to-month,No,Bank transfer (automatic),41,25.25
7883-ROJOC,0.3542,No,Low,No,Month-to-month,DSL,Mailed check,19,44.9
0244-LGNFY,0.085,No,Low,No,Two year,DSL,Bank transfer (automatic),72,92.65
7274-CGTOD,0.0511,No,Low,No,Two year,DSL,Bank transfer (automatic),62,43.7
4295-YURET,0.1182,No,Low,No,Two year,DSL,Credit card (automatic),56,72.6
3426-NIYYL,0.4959,No,Medium,Yes,Month-to-month,DSL,Electronic check,15,51.55
8225-BTJAU,0.8057,Yes,High,Yes,Month-to-month,Fiber optic,Electronic check,10,79.25
4635-EJYPD,0.0271,No,Low,No,Two year,No,Mailed check,32,18.95
1866-ZSLJM,0.1285,No,Low,No,Month-to-month,No,Credit card (automatic),21,20.5
4636-TVXVG,0.0232,No,Low,No,One year,No,Bank transfer (automatic),62,19.95
4236-UJPWO,0.7874,Yes,High,No,Month-to-month,DSL,Electronic check,2,24.5
9392-XBGTD,0.013,No,Low,No,Two year,No,Mailed check,27,20.6
3387-VATUS,0.9088,Yes,High,Yes,Month-to-month,Fiber optic,Bank transfer (automatic),5,94.85
6402-SSEJG,0.2309,No,Low,No,One year,DSL,Electronic check,25,61.05
1143-NMNQJ,0.9129,Yes,High,Yes,Month-to-month,Fiber optic,Electronic check,2,85.7
1169-SAOCL,0.4865,No,Medium,No,One year,Fiber optic,Bank transfer (automatic),49,106.65
1110-KYLGQ,0.4184,No,Medium,No,Month-to-month,Fiber optic,Credit card (automatic),63,108.25
9929-PLVPA,0.2325,No,Low,No,Month-to-month,No,Credit card (automatic),4,20.4
3518-PZXZQ,0.7442,Yes,High,No,Month-to-month,DSL,Mailed check,1,55.3
2371-JUNGC,0.2406,No,Low,No,Month-to-month,No,Mailed check,11,20.25
7693-QPEFS,0.4952,No,Medium,No,Month-to-month,Fiber optic,Bank transfer (automatic),52,72.95
0924-BJCRC,0.458,No,Medium,No,Month-to-month,Fiber optic,Electronic check,60,89.45
5074-FBGHB,0.4765,No,Medium,No,One year,Fiber optic,Credit card (automatic),64,104.65
2351-BKRZW,0.0973,No,Low,No,Two year,DSL,Bank transfer (automatic),43,75.2
4455-BFSPD,0.437,No,Medium,No,One year,Fiber optic,Bank transfer (automatic),61,101.15
0415-MOSGF,0.6935,Yes,Medium,Yes,Month-to-month,DSL,Mailed check,1,44.4
1724-BQUHA,0.8782,Yes,High,Yes,Month-to-month,Fiber optic,Electronic check,5,89.5
3948-KXDUF,0.0377,No,Low,No,Two year,DSL,Bank transfer (automatic),66,68.75
2323-ARSVR,0.2355,No,Low,No,Two year,Fiber optic,Electronic check,67,111.05
0815-MFZGM,0.2712,No,Low,No,Two year,Fiber optic,Credit card (automatic),42,99.0
4826-XTSOH,0.9252,Yes,High,Yes,Month-to-month,Fiber optic,Electronic check,1,86.05
5480-XTFFL,0.0384,No,Low,No,Two year,No,Mailed check,31,21.0
8295-FHIVV,0.3122,No,Low,No,Month-to-month,No,Mailed check,7,19.4
2495-INZWQ,0.7638,Yes,High,Yes,Month-to-month,DSL,Electronic check,4,44.55
9086-YJYXS,0.288,No,Low,No,One year,DSL,Bank transfer (automatic),34,77.2
1179-INLAT,0.1804,No,Low,No,One year,No,Mailed check,3,19.45
7909-FIOIY,0.4045,No,Medium,No,Month-to-month,DSL,Mailed check,19,24.85
4139-SUGLD,0.2918,No,Low,Yes,Month-to-month,DSL,Bank transfer (automatic),31,35.4
6857-VWJDT,0.894,Yes,High,Yes,Month-to-month,Fiber optic,Mailed check,1,95.65
6351-SCJKT,0.5855,Yes,Medium,No,Month-to-month,DSL,Mailed check,3,41.35
5468-BPMMO,0.1481,No,Low,No,Month-to-month,No,Electronic check,46,19.6
5624-BQSSA,0.5208,Yes,Medium,Yes,Month-to-month,No,Mailed check,1,20.95
0197-PNKNK,0.1785,No,Low,No,One year,Fiber optic,Bank transfer (automatic),69,84.45
2439-QKJUL,0.2978,No,Low,No,Month-to-month,No,Mailed check,5,20.25
1194-SPVSP,0.5413,Yes,Medium,No,Month-to-month,No,Bank transfer (automatic),1,19.65
9534-NSXEM,0.0479,No,Low,No,One year,No,Credit card (automatic),26,20.65
2408-WITXK,0.6847,Yes,Medium,Yes,Month-to-month,DSL,Electronic check,10,34.7
8929-KSWIH,0.2796,No,Low,No,Two year,Fiber optic,Bank transfer (automatic),25,99.3
2250-IVBWA,0.3792,No,Low,No,Month-to-month,Fiber optic,Electronic check,64,81.05
1810-MVMAI,0.269,No,Low,No,Month-to-month,DSL,Electronic check,30,67.6
9506-UXUSK,0.7531,Yes,High,No,Month-to-month,Fiber optic,Electronic check,13,70.15
1229-RCALF,0.3556,No,Low,No,One year,Fiber optic,Electronic check,64,115.0
3572-UOLYZ,0.4717,No,Medium,No,Month-to-month,Fiber optic,Bank transfer (automatic),46,84.8
1429-UYJSV,0.0955,No,Low,No,One year,No,Mailed check,12,19.7
5577-OTWWW,0.2278,No,Low,Yes,Month-to-month,No,Bank transfer (automatic),15,19.75
6100-QQHEB,0.801,Yes,High,Yes,Month-to-month,Fiber optic,Electronic check,17,92.55
6366-XIVKZ,0.3902,No,Low,No,Month-to-month,DSL,Mailed check,13,63.15
3470-OBUET,0.1027,No,Low,No,Two year,DSL,Credit card (automatic),67,74.0
2770-NSVDG,0.4666,No,Medium,No,Month-to-month,DSL,Electronic check,24,29.1
9375-MHRRS,0.5873,Yes,Medium,No,Month-to-month,DSL,Mailed check,6,50.05
2634-HCZGT,0.1124,No,Low,Yes,One year,DSL,Electronic check,53,60.05
7503-QQRVF,0.678,Yes,Medium,Yes,Month-to-month,Fiber optic,Credit card (automatic),16,74.3
4860-YZGZM,0.2817,No,Low,No,Month-to-month,No,Electronic check,10,20.0
6599-GZWCM,0.4031,No,Medium,No,One year,Fiber optic,Mailed check,13,74.65
2691-NZETQ,0.8554,Yes,High,Yes,Month-to-month,Fiber optic,Electronic check,9,85.35
4404-HIBDJ,0.1756,No,Low,Yes,One year,DSL,Mailed check,25,74.3
5533-NHFRF,0.6374,Yes,Medium,No,Month-to-month,DSL,Electronic check,7,44.4
7037-MTYVW,0.0847,No,Low,No,Two year,DSL,Bank transfer (automatic),38,85.4
4760-THGOT,0.6203,Yes,Medium,No,Month-to-month,Fiber optic,Electronic check,43,94.1
7295-JOMMD,0.8143,Yes,High,Yes,Month-to-month,Fiber optic,Bank transfer (automatic),4,98.1
4016-BJKTZ,0.3947,No,Low,No,Two year,Fiber optic,Electronic check,25,108.9
6584-VQMYT,0.111,No,Low,No,One year,DSL,Mailed check,27,56.2
9838-BFCQT,0.0078,No,Low,No,Two year,No,Mailed check,72,26.1
2790-XUYMV,0.1879,No,Low,No,One year,Fiber optic,Credit card (automatic),71,85.45
0581-MDMPW,0.6461,Yes,Medium,No,Month-to-month,Fiber optic,Credit card (automatic),24,88.95
5013-SBUIH,0.282,No,Low,Yes,Two year,Fiber optic,Electronic check,50,109.65
1023-BQXZE,0.1059,No,Low,No,Two year,DSL,Bank transfer (automatic),57,74.35
9163-GHAYE,0.4381,No,Medium,No,Month-to-month,DSL,Electronic check,15,48.85
3904-UKFRE,0.769,Yes,High,No,Month-to-month,Fiber optic,Electronic check,4,80.1
5353-WILCI,0.2891,No,Low,No,Month-to-month,DSL,Electronic check,28,56.05
0709-TVGUR,0.7763,Yes,High,Yes,Month-to-month,Fiber optic,Electronic check,9,74.55
0058-EVZWM,0.4429,No,Medium,No,Month-to-month,Fiber optic,Bank transfer (automatic),55,89.8
6023-YEBUP,0.917,Yes,High,Yes,Month-to-month,Fiber optic,Electronic check,3,100.95
7209-JCUDS,0.8541,Yes,High,Yes,Month-to-month,Fiber optic,Electronic check,10,94.9
7009-PCARS,0.082,No,Low,No,One year,No,Bank transfer (automatic),55,19.1
0519-DRGTI,0.1475,No,Low,No,Month-to-month,No,Mailed check,20,20.35
1017-FBQMM,0.3959,No,Low,No,One year,Fiber optic,Credit card (automatic),62,106.05
3001-CBHLQ,0.7037,Yes,High,Yes,Month-to-month,Fiber optic,Electronic check,32,104.9
1985-MBRYP,0.0401,No,Low,No,Two year,No,Bank transfer (automatic),43,19.65
6158-DWPZT,0.3635,No,Low,Yes,One year,DSL,Bank transfer (automatic),9,24.1
9372-TXXPS,0.0792,No,Low,No,Two year,DSL,Bank transfer (automatic),60,59.85
3259-QMXUN,0.1281,No,Low,No,Two year,DSL,Electronic check,58,86.1
1015-JPFYW,0.1601,No,Low,No,One year,No,Mailed check,7,19.45
6645-MXQJT,0.8195,Yes,High,No,Month-to-month,Fiber optic,Electronic check,2,97.1
4360-QRAVE,0.453,No,Medium,No,Month-to-month,DSL,Electronic check,37,36.65
8433-WPJTV,0.4149,No,Medium,No,One year,Fiber optic,Bank transfer (automatic),65,103.9
5804-JMYIO,0.0097,No,Low,No,Two year,No,Mailed check,39,19.75
3763-GCZHZ,0.4159,No,Medium,Yes,One year,Fiber optic,Electronic check,66,104.05
6484-LATFU,0.0104,No,Low,No,Two year,No,Mailed check,68,24.55
7599-NTMDP,0.0587,No,Low,No,Two year,DSL,Bank transfer (automatic),62,48.7
0772-GYEQQ,0.7779,Yes,High,Yes,Month-to-month,Fiber optic,Mailed check,3,88.35
0536-ACXIP,0.1854,No,Low,No,Two year,Fiber optic,Electronic check,72,109.55
0936-NQLJU,0.0154,No,Low,No,Two year,No,Credit card (automatic),41,20.65
4831-EOBFE,0.5565,Yes,Medium,Yes,Month-to-month,Fiber optic,Credit card (automatic),29,94.65
1575-KRZZE,0.5924,Yes,Medium,No,Month-to-month,DSL,Electronic check,4,55.2
3251-YMVWZ,0.0521,No,Low,No,One year,No,Bank transfer (automatic),53,24.05
4102-OQUPX,0.9087,Yes,High,Yes,Month-to-month,Fiber optic,Electronic check,1,74.4
9170-GYZJC,0.2204,No,Low,Yes,Month-to-month,DSL,Credit card (automatic),41,79.9
4884-LEVMQ,0.0173,No,Low,No,Two year,No,Bank transfer (automatic),39,20.45
8857-CUPFQ,0.0478,No,Low,No,Two year,No,Mailed check,63,19.25
7610-TVOPG,0.2457,No,Low,No,Month-to-month,No,Electronic check,15,26.35
3638-DIMPH,0.3318,No,Low,No,One year,DSL,Electronic check,13,43.8
1845-ZLLIG,0.683,Yes,Medium,No,Month-to-month,DSL,Mailed check,1,50.15
8559-WNQZS,0.2082,No,Low,No,Two year,No,Mailed check,1,20.45
3999-QGRJH,0.7622,Yes,High,Yes,Month-to-month,Fiber optic,Electronic check,8,69.7
1699-UOTXU,0.1184,No,Low,No,Two year,DSL,Electronic check,60,61.4
2454-RPBRZ,0.8369,Yes,High,Yes,Month-to-month,Fiber optic,Electronic check,12,98.1
0635-WKOLD,0.251,No,Low,No,One year,DSL,Credit card (automatic),40,70.75
5993-JSUWV,0.0304,No,Low,No,Two year,DSL,Bank transfer (automatic),66,61.15
4518-FZBSX,0.0175,No,Low,No,One year,No,Mailed check,42,20.25
5387-ASZNZ,0.1279,No,Low,No,One year,DSL,Credit card (automatic),66,63.85
6988-CJEYV,0.6495,Yes,Medium,No,Month-to-month,Fiber optic,Electronic check,49,98.7
2002-MZHWP,0.5145,Yes,Medium,Yes,Month-to-month,No,Mailed check,1,20.5
3097-FQTVJ,0.0105,No,Low,No,Two year,No,Mailed check,41,20.0
5465-BUBFA,0.0314,No,Low,No,Two year,No,Bank transfer (automatic),41,19.3
7299-GNVPL,0.4391,No,Medium,No,Month-to-month,Fiber optic,Mailed check,23,84.4
9743-DQKQW,0.7998,Yes,High,No,Month-to-month,DSL,Electronic check,3,25.1
1215-VFYVK,0.5366,Yes,Medium,No,Month-to-month,DSL,Mailed check,4,48.25
9371-BITHB,0.0156,No,Low,No,Two year,No,Mailed check,52,19.85
2265-CYWIV,0.8071,Yes,High,Yes,Month-to-month,Fiber optic,Electronic check,4,99.6
9093-FPDLG,0.775,Yes,High,No,Month-to-month,Fiber optic,Electronic check,11,94.2
0541-FITGH,0.5793,Yes,Medium,No,Month-to-month,DSL,Mailed check,2,62.15
6985-HAYWX,0.6088,Yes,Medium,No,Month-to-month,Fiber optic,Bank transfer (automatic),26,79.3
7508-KBIMB,0.1615,No,Low,No,One year,DSL,Credit card (automatic),24,56.25
6838-HVLXG,0.2783,No,Low,No,Month-to-month,No,Mailed check,12,20.3
2277-DJJDL,0.5863,Yes,Medium,No,Month-to-month,Fiber optic,Electronic check,60,99.0
1897-OKVMW,0.0367,No,Low,No,Two year,DSL,Mailed check,64,90.6
5485-ITNPC,0.0422,No,Low,No,Two year,DSL,Bank transfer (automatic),66,85.9
0233-FTHAV,0.1586,No,Low,No,One year,Fiber optic,Bank transfer (automatic),60,79.2
4644-PIZRT,0.2657,No,Low,No,One year,DSL,Bank transfer (automatic),17,70.35
8922-NPKBJ,0.0086,No,Low,No,Two year,No,Mailed check,42,19.35
2740-TVLFN,0.786,Yes,High,No,Month-to-month,DSL,Electronic check,1,50.15
7771-CFQRQ,0.1443,No,Low,No,Two year,DSL,Bank transfer (automatic),47,63.8
9512-PHSMG,0.255,No,Low,No,Month-to-month,No,Mailed check,10,20.55
6963-EZQEE,0.0675,No,Low,No,Two year,DSL,Credit card (automatic),70,88.55
2452-KDRRH,0.6385,Yes,Medium,No,Month-to-month,Fiber optic,Credit card (automatic),67,101.4
2004-OCQXK,0.9279,Yes,High,Yes,Month-to-month,Fiber optic,Electronic check,1,81.95
5027-QPKTE,0.7082,Yes,High,Yes,Month-to-month,Fiber optic,Electronic check,7,69.35
4146-SVFUD,0.6977,Yes,Medium,No,Month-to-month,DSL,Mailed check,1,44.6
1564-HJUVY,0.4565,No,Medium,No,Month-to-month,DSL,Bank transfer (automatic),4,63.75
3617-XLSGQ,0.2626,No,Low,No,Two year,Fiber optic,Bank transfer (automatic),66,109.25
7517-LDMPS,0.8087,Yes,High,No,Month-to-month,Fiber optic,Electronic check,12,84.6
7244-KXYZN,0.028,No,Low,No,One year,No,Credit card (automatic),24,20.45
5226-NOZFC,0.6802,Yes,Medium,No,Month-to-month,Fiber optic,Electronic check,26,85.75
2672-HUYVI,0.8673,Yes,High,Yes,Month-to-month,Fiber optic,Electronic check,6,91.1
1400-WIVLL,0.3219,No,Low,No,Two year,Fiber optic,Electronic check,57,107.95
7508-MYBOG,0.7932,Yes,High,Yes,Month-to-month,Fiber optic,Electronic check,14,86.1
8148-NLEGT,0.0492,No,Low,No,Two year,No,Electronic check,42,22.95
0148-DCDOS,0.6822,Yes,Medium,Yes,Month-to-month,Fiber optic,Bank transfer (automatic),25,94.7
8347-GDTMP,0.0259,No,Low,No,Two year,No,Credit card (automatic),64,19.45
9992-RRAMN,0.753,Yes,High,Yes,Month-to-month,Fiber optic,Electronic check,22,85.1
6746-WAUWT,0.0495,No,Low,No,One year,No,Credit card (automatic),19,19.7
0310-MVLET,0.5671,Yes,Medium,Yes,Month-to-month,Fiber optic,Electronic check,61,99.15
0428-IKYCP,0.5853,Yes,Medium,No,Month-to-month,Fiber optic,Bank transfer (automatic),22,87.0
4550-VBOFE,0.6457,Yes,Medium,Yes,Month-to-month,Fiber optic,Electronic check,70,102.95
2187-PKZAY,0.8059,Yes,High,No,Month-to-month,Fiber optic,Bank transfer (automatic),12,79.95
4003-OCTMP,0.2144,No,Low,No,One year,DSL,Electronic check,31,64.0
6652-YFFJO,0.4745,No,Medium,No,Month-to-month,DSL,Electronic check,11,64.9
7225-IILWY,0.0063,No,Low,No,Two year,No,Mailed check,68,25.75
5248-RPYWW,0.0689,No,Low,No,Two year,DSL,Bank transfer (automatic),72,90.15
7923-IYJWY,0.1518,No,Low,No,Two year,Fiber optic,Credit card (automatic),67,116.1
3170-GWYKC,0.3899,No,Low,No,Month-to-month,Fiber optic,Bank transfer (automatic),60,104.95
5696-QURRL,0.7405,Yes,High,Yes,Month-to-month,DSL,Mailed check,1,45.05
7409-KIUTL,0.9,Yes,High,Yes,Month-to-month,Fiber optic,Electronic check,1,71.0
9830-ECLEN,0.1305,No,Low,No,One year,DSL,Mailed check,58,50.0
1732-VHUBQ,0.4497,No,Medium,Yes,Month-to-month,Fiber optic,Bank transfer (automatic),47,70.55
0495-RVCBF,0.9327,Yes,High,Yes,Month-to-month,Fiber optic,Electronic check,1,79.7
2668-TZSPS,0.5528,Yes,Medium,No,Month-to-month,No,Mailed check,1,20.45
7854-EDSSA,0.347,No,Low,Yes,Month-to-month,DSL,Electronic check,22,59.0
8869-TORSS,0.1648,No,Low,Yes,One year,DSL,Credit card (automatic),48,60.35
7446-SFAOA,0.0317,No,Low,No,One year,No,Bank transfer (automatic),37,19.85
9522-ZSINC,0.1029,No,Low,No,One year,No,Electronic check,13,19.95
8234-GSZYK,0.0618,No,Low,No,Two year,No,Bank transfer (automatic),43,26.45
6505-OZNPG,0.1956,No,Low,No,Two year,DSL,Mailed check,6,63.4
6164-HAQTX,0.0358,No,Low,No,Two year,DSL,Bank transfer (automatic),71,53.95
0679-IDSTG,0.8946,Yes,High,Yes,Month-to-month,Fiber optic,Electronic check,1,69.25
7765-LWVVH,0.1714,No,Low,No,Two year,Fiber optic,Electronic check,72,95.1
1658-TJVOA,0.7357,Yes,High,No,Month-to-month,Fiber optic,Electronic check,6,74.1
0953-LGOVU,0.4718,No,Medium,No,Month-to-month,DSL,Mailed check,12,35.5
2115-BFTIW,0.4769,No,Medium,Yes,Month-to-month,Fiber optic,Mailed check,25,70.95
4692-NNQRU,0.3644,No,Low,No,One year,Fiber optic,Electronic check,21,79.2
7742-MYPGI,0.5108,Yes,Medium,No,Month-to-month,DSL,Mailed check,6,48.8
0611-DFXKO,0.6733,Yes,Medium,Yes,Month-to-month,Fiber optic,Mailed check,20,89.0
7780-OTDSO,0.7502,Yes,High,Yes,Month-to-month,Fiber optic,Electronic check,18,99.4
9619-GSATL,0.2248,No,Low,No,One year,DSL,Electronic check,43,55.45
5622-UEJFI,0.0688,No,Low,No,Two year,No,Credit card (automatic),35,25.4
9747-DDZOS,0.8854,Yes,High,Yes,Month-to-month,Fiber optic,Bank transfer (automatic),1,73.5
0674-DGMAQ,0.708,Yes,High,No,Month-to-month,Fiber optic,Electronic check,32,93.5
6203-HBZPA,0.0532,No,Low,No,Two year,DSL,Credit card (automatic),52,63.9
0484-FFVBJ,0.3143,No,Low,No,One year,DSL,Bank transfer (automatic),32,64.85
0301-FIDRB,0.0291,No,Low,No,Two year,DSL,Bank transfer (automatic),72,63.8
4139-JPIAM,0.2554,No,Low,No,Month-to-month,DSL,Credit card (automatic),51,44.45
2181-TIDSV,0.0179,No,Low,No,Two year,No,Bank transfer (automatic),68,19.95
2761-XECQW,0.5906,Yes,Medium,No,Month-to-month,DSL,Mailed check,8,43.35
1936-CZAKF,0.2006,No,Low,No,Two year,DSL,Credit card (automatic),49,49.65
9453-PATOS,0.0109,No,Low,No,Two year,DSL,Mailed check,72,85.1
0564-JJHGS,0.9012,Yes,High,Yes,Month-to-month,Fiber optic,Electronic check,9,95.5
3348-CFRNX,0.5734,Yes,Medium,Yes,Month-to-month,Fiber optic,Mailed check,28,92.35
4402-FTBXC,0.3702,No,Low,No,Month-to-month,Fiber optic,Mailed check,54,89.8
1428-GTBJJ,0.7312,Yes,High,Yes,Month-to-month,Fiber optic,Electronic check,11,74.55
2931-XIQBR,0.3073,No,Low,No,One year,Fiber optic,Mailed check,50,103.05
0106-UGRDO,0.191,No,Low,No,Two year,Fiber optic,Electronic check,69,116.0
5542-TBBWB,0.9295,Yes,High,No,Month-to-month,Fiber optic,Electronic check,1,69.9
1930-QPBVZ,0.1663,No,Low,No,Two year,Fiber optic,Bank transfer (automatic),68,95.1
2606-PKWJB,0.1468,No,Low,No,One year,DSL,Mailed check,40,40.25
5322-ZSMZY,0.057,No,Low,No,Two year,No,Mailed check,31,25.75
8059-UDZFY,0.7151,Yes,High,No,Month-to-month,Fiber optic,Bank transfer (automatic),33,105.35
7740-BTPUX,0.3192,No,Low,No,Two year,Fiber optic,Electronic check,55,113.6
5220-AGAAX,0.013,No,Low,No,Two year,No,Bank transfer (automatic),68,24.0
0208-BPQEJ,0.3033,No,Low,No,Month-to-month,No,Bank transfer (automatic),12,19.4
9435-JMLSX,0.0214,No,Low,No,Two year,DSL,Bank transfer (automatic),71,86.1
3352-ALMCK,0.7163,Yes,High,No,Month-to-month,Fiber optic,Mailed check,40,102.65
5312-IRCFR,0.396,No,Low,No,One year,Fiber optic,Electronic check,64,92.85
5294-IMHHT,0.3157,No,Low,No,One year,Fiber optic,Bank transfer (automatic),53,97.75
8802-UNOJF,0.7135,Yes,High,Yes,Month-to-month,Fiber optic,Mailed check,12,83.8
6313-GIDIT,0.4699,No,Medium,Yes,Month-to-month,DSL,Electronic check,53,54.45
6176-YJWAS,0.092,No,Low,No,Two year,Fiber optic,Credit card (automatic),72,97.95
5310-NOOVA,0.049,No,Low,No,Two year,No,Electronic check,46,19.95
4526-EXKKN,0.0705,No,Low,No,Two year,No,Mailed check,40,24.6
5311-IHLEI,0.4234,No,Medium,No,Month-to-month,DSL,Bank transfer (automatic),12,50.95
3987-KQDDU,0.6976,Yes,Medium,No,Month-to-month,Fiber optic,Electronic check,9,75.6
3404-JNXAX,0.5357,Yes,Medium,No,Month-to-month,Fiber optic,Electronic check,51,80.75
5131-PONJI,0.4601,No,Medium,No,Month-to-month,Fiber optic,Credit card (automatic),49,90.4
2845-AFFTX,0.7453,Yes,High,Yes,Month-to-month,Fiber optic,Electronic check,41,99.8
3489-VSFRD,0.0998,No,Low,No,One year,DSL,Credit card (automatic),56,60.25
3345-JHUEO,0.3296,No,Low,No,Month-to-month,No,Electronic check,4,20.2
5815-HGGHV,0.1849,No,Low,No,One year,DSL,Mailed check,20,64.15
5260-UMPWX,0.1345,No,Low,No,Month-to-month,No,Credit card (automatic),26,20.25
2249-YPRNG,0.7087,Yes,High,Yes,Month-to-month,Fiber optic,Bank transfer (automatic),20,105.85
7410-YTJIK,0.7941,Yes,High,Yes,Month-to-month,Fiber optic,Mailed check,7,75.45
4626-GYCZP,0.8896,Yes,High,Yes,Month-to-month,Fiber optic,Electronic check,7,93.85
5649-RXQTV,0.5942,Yes,Medium,No,Month-to-month,Fiber optic,Electronic check,51,99.0
2674-MIAHT,0.8536,Yes,High,No,Month-to-month,Fiber optic,Mailed check,4,80.3
2576-HXMPA,0.5141,Yes,Medium,No,Month-to-month,No,Credit card (automatic),1,19.55
7587-AOVVU,0.5422,Yes,Medium,No,Month-to-month,Fiber optic,Electronic check,27,100.75
5590-BYNII,0.7577,Yes,High,Yes,Month-to-month,Fiber optic,Electronic check,22,100.75
6898-MDLZW,0.4072,No,Medium,No,Month-to-month,DSL,Mailed check,12,53.75
3237-AJGEH,0.605,Yes,Medium,Yes,Month-to-month,DSL,Mailed check,3,31.0
4707-YNOQA,0.064,No,Low,No,One year,No,Credit card (automatic),34,25.6
9357-UJRUN,0.2216,No,Low,No,One year,DSL,Electronic check,24,58.35
1591-NFNLQ,0.3951,No,Low,Yes,Month-to-month,Fiber optic,Credit card (automatic),51,80.0
8648-PFRMP,0.607,Yes,Medium,No,Month-to-month,DSL,Electronic check,14,46.35
7663-CUXZB,0.264,No,Low,No,Two year,Fiber optic,Electronic check,59,113.75
0258-NOKBL,0.8063,Yes,High,No,Month-to-month,Fiber optic,Electronic check,3,90.4
1163-VIPRI,0.2745,No,Low,No,Two year,Fiber optic,Electronic check,65,109.3
2815-CPTUL,0.7645,Yes,High,Yes,Month-to-month,Fiber optic,Mailed check,5,70.25
9348-ROUAI,0.0592,No,Low,No,Two year,DSL,Credit card (automatic),59,90.3
9443-JUBUO,0.0322,No,Low,No,Two year,DSL,Credit card (automatic),72,65.25
0596-BQCEQ,0.576,Yes,Medium,Yes,Month-to-month,Fiber optic,Electronic check,62,100.15
1481-ZUWZA,0.5689,Yes,Medium,Yes,Month-to-month,Fiber optic,Credit card (automatic),28,94.5
3043-TYBNO,0.5963,Yes,Medium,No,Month-to-month,DSL,Mailed check,3,60.65
4830-FAXFM,0.1489,No,Low,No,Month-to-month,No,Credit card (automatic),19,24.1
5906-BFOZT,0.5977,Yes,Medium,No,Month-to-month,No,Mailed check,1,19.5
2960-NKRSO,0.5945,Yes,Medium,No,Month-to-month,Fiber optic,Electronic check,24,85.95
8996-ZROXE,0.205,No,Low,No,One year,DSL,Electronic check,57,53.5
5598-IKHQQ,0.0189,No,Low,No,Two year,No,Credit card (automatic),72,25.45
0397-ZXWQF,0.0241,No,Low,No,Two year,No,Bank transfer (automatic),67,20.5
5266-PFRQK,0.0295,No,Low,No,One year,No,Credit card (automatic),52,20.85
4674-HGNUA,0.0502,No,Low,No,Two year,DSL,Credit card (automatic),71,89.9
6765-MBQNU,0.056,No,Low,No,One year,No,Mailed check,26,26.0
9786-IJYDL,0.2914,No,Low,No,Two year,Fiber optic,Mailed check,35,113.2
1303-SRDOK,0.1685,No,Low,No,Two year,Fiber optic,Credit card (automatic),55,69.05
3769-MHZNV,0.0141,No,Low,No,Two year,No,Mailed check,33,20.1
6295-OSINB,0.1855,No,Low,No,Two year,Fiber optic,Electronic check,72,109.65
3308-MHOOC,0.5656,Yes,Medium,No,Month-to-month,No,Mailed check,1,19.2
2309-OSFEU,0.6327,Yes,Medium,Yes,Month-to-month,DSL,Mailed check,10,33.9
2207-QPJED,0.54,Yes,Medium,No,Month-to-month,Fiber optic,Electronic check,37,90.0
4177-JPDFU,0.443,No,Medium,No,Month-to-month,DSL,Mailed check,12,34.0
2239-CFOUJ,0.29,No,Low,No,One year,No,Mailed check,1,20.4
8046-DNVTL,0.0495,No,Low,No,Two year,DSL,Credit card (automatic),62,38.6
2209-XADXF,0.7529,Yes,High,No,Month-to-month,DSL,Bank transfer (automatic),1,25.25
6620-JDYNW,0.3981,No,Low,No,Month-to-month,DSL,Mailed check,18,60.6
1891-FZYSA,0.5341,Yes,Medium,Yes,Month-to-month,Fiber optic,Electronic check,69,89.95
4770-UEZOX,0.8408,Yes,High,No,Month-to-month,Fiber optic,Electronic check,2,74.75
1038-RQOST,0.1404,No,Low,No,Month-to-month,No,Mailed check,19,20.6
7613-LLQFO,0.8358,Yes,High,Yes,Month-to-month,Fiber optic,Electronic check,12,84.45
4568-TTZRT,0.265,No,Low,No,Month-to-month,No,Mailed check,9,20.4
9513-DXHDA,0.2564,No,Low,No,One year,DSL,Electronic check,27,81.7
2640-PMGFL,0.578,Yes,Medium,Yes,Month-to-month,Fiber optic,Electronic check,27,79.5
3801-HMYNL,0.8813,Yes,High,Yes,Month-to-month,Fiber optic,Mailed check,1,89.15
0516-QREYC,0.1523,No,Low,No,Month-to-month,No,Mailed check,24,20.3
9685-WKZGT,0.7834,Yes,High,Yes,Month-to-month,Fiber optic,Electronic check,14,74.95
6022-UGGSO,0.624,Yes,Medium,Yes,Month-to-month,Fiber optic,Electronic check,32,74.4
8084-OIVBS,0.1151,No,Low,No,One year,No,Mailed check,11,20.0
8896-BQTTI,0.3768,No,Low,No,Month-to-month,No,Mailed check,1,25.0
3865-QBWSJ,0.5318,Yes,Medium,No,Month-to-month,Fiber optic,Mailed check,38,80.45
3352-RICWQ,0.0778,No,Low,No,Two year,No,Mailed check,9,19.75
2160-GPFXD,0.0657,No,Low,No,Two year,DSL,Credit card (automatic),54,65.65
2065-MMKGR,0.3359,No,Low,No,One year,DSL,Credit card (automatic),29,71.0
5857-TYBCJ,0.6728,Yes,Medium,No,Month-to-month,Fiber optic,Electronic check,44,89.2
1498-NHTLT,0.0752,No,Low,No,Two year,DSL,Electronic check,59,86.75
4484-CGXFK,0.6637,Yes,Medium,Yes,Month-to-month,DSL,Electronic check,3,55.3
1402-PTHGN,0.1916,No,Low,No,One year,DSL,Mailed check,18,61.5
4176-RELJR,0.0276,No,Low,No,Two year,No,Credit card (automatic),67,25.1
6214-EDAKZ,0.2874,No,Low,Yes,Month-to-month,DSL,Electronic check,22,55.15
5199-FPUSP,0.1185,No,Low,No,One year,DSL,Credit card (automatic),33,34.05
6377-KSLXC,0.3144,No,Low,No,Month-to-month,No,Mailed check,5,19.95
1796-JANOW,0.3362,No,Low,No,Month-to-month,No,Mailed check,2,19.95
0238-WHBIQ,0.0346,No,Low,No,Two year,DSL,Credit card (automatic),72,89.7
8735-NBLWT,0.2101,No,Low,No,Month-to-month,No,Mailed check,9,20.4
6651-RLGGM,0.0137,No,Low,No,Two year,No,Mailed check,67,26.3
6127-ISGTU,0.7908,Yes,High,Yes,Month-to-month,Fiber optic,Electronic check,16,84.95
1614-JBEBI,0.29,No,Low,No,Month-to-month,No,Mailed check,8,20.7
8740-XLHDR,0.4679,No,Medium,Yes,Month-to-month,DSL,Mailed check,5,43.25
1208-DNHLN,0.292,No,Low,Yes,One year,DSL,Credit card (automatic),23,48.35
1761-AEZZR,0.9326,Yes,High,Yes,Month-to-month,Fiber optic,Electronic check,1,79.55
3923-CSIHK,0.4798,No,Medium,Yes,Month-to-month,Fiber optic,Electronic check,50,71.05
5696-EXCYS,0.046,No,Low,No,Two year,No,Credit card (automatic),17,19.45
5795-KTGUD,0.2248,No,Low,No,Two year,Fiber optic,Bank transfer (automatic),68,110.8
7120-RFMVS,0.9074,Yes,High,Yes,Month-to-month,Fiber optic,Electronic check,1,84.5
7924-GJZFI,0.6584,Yes,Medium,No,Month-to-month,Fiber optic,Electronic check,25,69.3
4702-HDRKD,0.0833,No,Low,No,One year,DSL,Bank transfer (automatic),67,49.35
8512-WIWYV,0.0344,No,Low,No,One year,No,Credit card (automatic),32,20.35
5897-ZYEKH,0.3913,No,Low,No,One year,Fiber optic,Electronic check,67,105.6
5456-ITGIC,0.0366,No,Low,No,Two year,DSL,Credit card (automatic),72,64.45
7317-GGVPB,0.1993,No,Low,Yes,Two year,Fiber optic,Credit card (automatic),71,108.6
1406-PUQVY,0.7107,Yes,High,No,Month-to-month,DSL,Electronic check,1,49.9
1322-AGOQM,0.3303,No,Low,Yes,Month-to-month,DSL,Bank transfer (automatic),46,30.3
3677-IYRBF,0.8169,Yes,High,Yes,Month-to-month,DSL,Electronic check,2,30.4
5692-FPTAH,0.7471,Yes,High,Yes,Month-to-month,DSL,Mailed check,1,45.4
9114-AAFQH,0.2603,No,Low,No,One year,DSL,Electronic check,48,65.65
8715-KKTFG,0.4084,No,Medium,No,One year,Fiber optic,Bank transfer (automatic),61,103.3
1550-LOAHA,0.5028,Yes,Medium,Yes,Month-to-month,Fiber optic,Bank transfer (automatic),32,84.15
1728-BQDMA,0.7446,Yes,High,No,Month-to-month,DSL,Electronic check,2,44.45
0268-QKIWO,0.3527,No,Low,Yes,Month-to-month,No,Electronic check,3,19.75
0876-WDUUZ,0.7531,Yes,High,Yes,Month-to-month,Fiber optic,Credit card (automatic),5,85.4
5117-ZSMHQ,0.0296,No,Low,No,Two year,DSL,Bank transfer (automatic),71,89.9
5151-HQRDG,0.3019,No,Low,No,Month-to-month,DSL,Mailed check,37,55.05
0960-HUWBM,0.2464,No,Low,No,Two year,Fiber optic,Bank transfer (automatic),65,104.1
6465-GSRCL,0.3814,No,Low,No,One year,Fiber optic,Bank transfer (automatic),67,106.6
0617-FHSGK,0.4255,No,Medium,Yes,Month-to-month,Fiber optic,Credit card (automatic),49,75.2
0263-FJTQO,0.0839,No,Low,No,Two year,DSL,Credit card (automatic),50,70.5
7319-ZNRTR,0.0594,No,Low,No,One year,No,Electronic check,25,19.6
2858-MOFSQ,0.2909,No,Low,Yes,One year,DSL,Mailed check,17,55.85
7503-EPSZW,0.0054,No,Low,No,Two year,No,Mailed check,64,24.05
7089-XXAYG,0.2989,No,Low,No,One year,DSL,Credit card (automatic),25,38.1
8118-LSUEL,0.7808,Yes,High,Yes,Month-to-month,Fiber optic,Electronic check,23,106.4
8070-AAWZP,0.3973,No,Low,No,Month-to-month,DSL,Mailed check,24,34.25
1666-JXLKU,0.7583,Yes,High,No,Month-to-month,Fiber optic,Electronic check,37,100.05
7855-DIWPO,0.641,Yes,Medium,No,Month-to-month,Fiber optic,Electronic check,21,68.65
5133-POWUA,0.8071,Yes,High,No,Month-to-month,DSL,Mailed check,1,45.8
5652-MSDEY,0.8194,Yes,High,No,Month-to-month,Fiber optic,Mailed check,10,75.75
7005-CCBKV,0.8411,Yes,High,Yes,Month-to-month,Fiber optic,Electronic check,6,84.4
1810-BOHSY,0.3022,No,Low,No,One year,Fiber optic,Credit card (automatic),51,96.4
1784-BXEFA,0.2745,No,Low,No,Month-to-month,No,Mailed check,10,20.55
7351-MHQVU,0.4497,No,Medium,No,Month-to-month,DSL,Credit card (automatic),6,50.95
9224-VTYID,0.0836,No,Low,No,Two year,DSL,Mailed check,47,90.5
9500-IWPXQ,0.1557,No,Low,No,One year,DSL,Electronic check,61,79.4
5762-TJXGK,0.0923,No,Low,No,Two year,DSL,Bank transfer (automatic),52,58.75
4504-YOULA,0.3091,No,Low,No,Month-to-month,DSL,Credit card (automatic),35,59.45
5569-IDSEY,0.3651,No,Low,No,One year,Fiber optic,Bank transfer (automatic),71,105.7
4250-FDVOU,0.4541,No,Medium,Yes,Month-to-month,DSL,Electronic check,6,56.25
7284-ZZLOH,0.1036,No,Low,No,Two year,DSL,Credit card (automatic),45,53.3
5277-ZLOOR,0.9129,Yes,High,Yes,Month-to-month,Fiber optic,Electronic check,2,85.55
2141-RRYGO,0.5144,Yes,Medium,Yes,Month-to-month,DSL,Bank transfer (automatic),4,68.65
1777-JYQPJ,0.7025,Yes,High,No,Month-to-month,DSL,Mailed check,2,24.3
6376-GAHQE,0.846,Yes,High,Yes,Month-to-month,Fiber optic,Electronic check,4,77.85
3401-URHDA,0.1178,No,Low,No,One year,DSL,Credit card (automatic),51,59.9
1599-EAHXY,0.0492,No,Low,No,One year,No,Credit card (automatic),60,23.95
8631-XVRZL,0.1268,No,Low,No,One year,No,Mailed check,9,20.15
5052-PNLOS,0.8873,Yes,High,Yes,Month-to-month,Fiber optic,Bank transfer (automatic),3,105.35
3853-LYGAM,0.6844,Yes,Medium,No,Month-to-month,Fiber optic,Bank transfer (automatic),17,95.65
6979-ZNSFF,0.8595,Yes,High,Yes,Month-to-month,Fiber optic,Electronic check,8,87.05
5751-USDBL,0.0889,No,Low,No,Two year,DSL,Mailed check,46,81.0
5680-LQOGP,0.0371,No,Low,No,Two year,DSL,Credit card (automatic),68,82.45
2386-LAHRK,0.7547,Yes,High,Yes,Month-to-month,DSL,Mailed check,1,53.5
8189-DUKMV,0.2,No,Low,No,One year,No,Bank transfer (automatic),4,20.5
6032-IGALN,0.7417,Yes,High,Yes,Month-to-month,DSL,Mailed check,1,25.1
9931-DCEZH,0.2457,No,Low,No,One year,DSL,Credit card (automatic),28,54.4
1898-JSNDC,0.2559,No,Low,No,One year,DSL,Credit card (automatic),39,58.6
0315-LVCRK,0.7652,Yes,High,No,Month-to-month,Fiber optic,Electronic check,11,84.8
3911-RSNHI,0.041,No,Low,No,Two year,DSL,Credit card (automatic),71,61.4
2410-CIYFZ,0.277,No,Low,No,Month-to-month,No,Mailed check,2,20.4
4248-HCETZ,0.5408,Yes,Medium,Yes,Month-to-month,Fiber optic,Mailed check,30,79.65
5505-OVWQW,0.0347,No,Low,No,One year,No,Mailed check,17,20.15
7271-AJDTL,0.4875,No,Medium,No,Month-to-month,Fiber optic,Credit card (automatic),55,94.45
1867-TJHTS,0.3577,No,Low,No,Month-to-month,Fiber optic,Bank transfer (automatic),58,79.8
0516-WJVXC,0.5576,Yes,Medium,Yes,Month-to-month,DSL,Electronic check,5,54.2
9174-FKWZE,0.5788,Yes,Medium,Yes,Month-to-month,No,Electronic check,1,19.45
6860-YRJZP,0.783,Yes,High,No,Month-to-month,Fiber optic,Electronic check,9,74.05
4429-WYGFR,0.2954,No,Low,No,Month-to-month,DSL,Bank transfer (automatic),26,49.15
2817-LVCPP,0.0366,No,Low,No,Two year,No,Credit card (automatic),50,19.4
5038-ETMLM,0.0963,No,Low,No,Two year,Fiber optic,Bank transfer (automatic),72,113.65
5056-FIMPT,0.5032,Yes,Medium,No,One year,Fiber optic,Credit card (automatic),43,106.0
4521-WFJAI,0.0514,No,Low,No,Two year,No,Bank transfer (automatic),56,25.95
6569-KTMDU,0.4992,No,Medium,No,Month-to-month,No,Mailed check,1,19.1
8809-RIHDD,0.2543,No,Low,Yes,Two year,Fiber optic,Electronic check,72,103.4
8809-XKHMD,0.0912,No,Low,No,Two year,Fiber optic,Bank transfer (automatic),72,100.55
0396-YCHWO,0.7809,Yes,High,No,Month-to-month,Fiber optic,Electronic check,36,95.4
0867-LDTTC,0.544,Yes,Medium,No,Month-to-month,DSL,Bank transfer (automatic),5,75.15
4822-NGOCH,0.8014,Yes,High,Yes,Month-to-month,Fiber optic,Electronic check,13,84.45
9391-DXGGG,0.3196,No,Low,No,One year,Fiber optic,Credit card (automatic),44,89.15
9844-FELAJ,0.3742,No,Low,No,One year,Fiber optic,Electronic check,70,107.9
2122-SZZZD,0.0317,No,Low,No,One year,No,Credit card (automatic),44,19.5
5307-DZCVC,0.6438,Yes,Medium,Yes,Month-to-month,Fiber optic,Credit card (automatic),32,85.95
3148-AOIQT,0.0087,No,Low,No,Two year,No,Credit card (automatic),69,24.95
8679-JOEVF,0.4634,No,Medium,Yes,Month-to-month,DSL,Electronic check,16,59.4
8395-ETZKQ,0.0541,No,Low,No,One year,No,Bank transfer (automatic),68,19.5
6692-YQHXC,0.6526,Yes,Medium,No,Month-to-month,Fiber optic,Credit card (automatic),16,69.95
3889-VWBID,0.0535,No,Low,No,Two year,DSL,Bank transfer (automatic),68,82.85
5222-JCXZT,0.3502,No,Low,No,Month-to-month,No,Mailed check,4,19.0
9754-CLVZW,0.3225,No,Low,No,Month-to-month,DSL,Credit card (automatic),26,38.85
1432-FPAXX,0.4099,No,Medium,Yes,Month-to-month,DSL,Electronic check,29,30.6
2739-CCZMB,0.2203,No,Low,No,Month-to-month,No,Credit card (automatic),5,20.35
7080-TNUWP,0.2754,No,Low,No,One year,Fiber optic,Bank transfer (automatic),70,95.0
0496-AHOOK,0.2329,No,Low,No,One year,DSL,Bank transfer (automatic),24,74.4
8336-TAVKX,0.0598,No,Low,No,Two year,DSL,Bank transfer (automatic),72,78.45
2468-SJFLM,0.7644,Yes,High,No,Month-to-month,Fiber optic,Mailed check,1,74.3
3181-VTHOE,0.2039,No,Low,No,One year,DSL,Bank transfer (automatic),70,51.05
7168-HDQHG,0.1648,No,Low,No,Month-to-month,No,Bank transfer (automatic),36,19.2
4803-AXVYP,0.6586,Yes,Medium,Yes,Month-to-month,Fiber optic,Electronic check,38,99.55
3884-HCSWG,0.6499,Yes,Medium,Yes,Month-to-month,Fiber optic,Electronic check,17,70.0
4567-AKPIA,0.4314,No,Medium,No,One year,Fiber optic,Bank transfer (automatic),41,109.1
5077-DXTCG,0.7848,Yes,High,Yes,Month-to-month,DSL,Electronic check,1,45.3
1142-WACZW,0.6008,Yes,Medium,Yes,Month-to-month,DSL,Bank transfer (automatic),2,29.85
7901-HXJVA,0.745,Yes,High,No,Month-to-month,Fiber optic,Electronic check,14,76.45
5649-ANRML,0.7685,Yes,High,Yes,Month-to-month,Fiber optic,Credit card (automatic),2,95.1
4892-VLANZ,0.5758,Yes,Medium,Yes,Month-to-month,No,Mailed check,1,19.8
5924-IFQTT,0.4256,No,Medium,No,Month-to-month,DSL,Electronic check,13,72.8
7968-QUXNS,0.2284,No,Low,No,Month-to-month,No,Mailed check,6,18.95
2919-HBCJO,0.7954,Yes,High,Yes,Month-to-month,Fiber optic,Bank transfer (automatic),4,76.65
4236-XPXAV,0.7699,Yes,High,Yes,Month-to-month,Fiber optic,Mailed check,5,99.15
8903-WMRNW,0.7384,Yes,High,No,Month-to-month,Fiber optic,Electronic check,15,101.75
2452-SNHFZ,0.4509,No,Medium,No,Month-to-month,Fiber optic,Credit card (automatic),47,75.45
3629-WEAAM,0.4212,No,Medium,No,Month-to-month,DSL,Mailed check,8,64.1
6029-CSMJE,0.4688,No,Medium,No,Month-to-month,DSL,Mailed check,17,25.65
7993-NQLJE,0.6042,Yes,Medium,No,Month-to-month,Fiber optic,Mailed check,15,75.1
9909-DFRJA,0.3569,No,Low,No,One year,Fiber optic,Bank transfer (automatic),26,95.85
9099-FTUHS,0.4017,No,Medium,No,Month-to-month,DSL,Electronic check,23,54.4
0581-BXBUB,0.7622,Yes,High,No,Month-to-month,Fiber optic,Electronic check,4,72.75
4962-CHQPW,0.0344,No,Low,No,One year,No,Mailed check,29,19.85
9467-ROOLM,0.0918,No,Low,No,Month-to-month,No,Mailed check,25,19.05
3030-YZADT,0.4508,No,Medium,Yes,Month-to-month,DSL,Mailed check,9,44.95
7410-KTVFV,0.3696,No,Low,Yes,Month-to-month,DSL,Mailed check,18,49.55
5150-ITWWB,0.9332,Yes,High,No,Month-to-month,Fiber optic,Electronic check,3,94.85
2253-KPMNB,0.0322,No,Low,No,Two year,DSL,Bank transfer (automatic),69,46.25
1345-ZUKID,0.0696,No,Low,No,One year,No,Mailed check,14,19.35
6429-SHBCB,0.4373,No,Medium,No,Month-to-month,DSL,Mailed check,19,69.6
9281-OFDMF,0.6662,Yes,Medium,No,Month-to-month,Fiber optic,Electronic check,39,90.7
2603-HVKCG,0.7005,Yes,High,No,Month-to-month,Fiber optic,Electronic check,31,101.4
1834-WULEG,0.024,No,Low,No,One year,No,Mailed check,24,20.25
9097-ZUBYC,0.3997,No,Low,No,Month-to-month,DSL,Bank transfer (automatic),14,48.8
5148-ORICT,0.0463,No,Low,No,Two year,DSL,Mailed check,64,74.35
4893-GYUJU,0.0471,No,Low,No,One year,No,Mailed check,50,19.35
4578-PHJYZ,0.1397,No,Low,No,One year,DSL,Electronic check,52,68.75
7272-QDCKA,0.4868,No,Medium,No,One year,Fiber optic,Electronic check,28,100.2
8908-SLFCJ,0.0302,No,Low,No,Two year,No,Credit card (automatic),21,20.85
8393-DLHGA,0.6912,Yes,Medium,Yes,Month-to-month,Fiber optic,Electronic check,25,95.9
9766-HGEDE,0.075,No,Low,No,One year,No,Mailed check,17,19.35
6968-MHOMU,0.3329,No,Low,No,One year,DSL,Credit card (automatic),58,45.0
7395-IGJOS,0.6325,Yes,Medium,Yes,Month-to-month,Fiber optic,Bank transfer (automatic),17,81.5
5044-XDPYX,0.0145,No,Low,No,Two year,No,Mailed check,51,25.5
1814-WFGVS,0.0592,No,Low,No,Two year,DSL,Mailed check,72,48.9
2834-SPCJV,0.4151,No,Medium,Yes,Month-to-month,Fiber optic,Electronic check,52,84.1
3721-WKIIL,0.0334,No,Low,No,Two year,No,Mailed check,27,19.6
6734-CKRSM,0.3128,No,Low,No,Month-to-month,No,Mailed check,3,20.0
1265-ZFOSD,0.0379,No,Low,No,Two year,DSL,Mailed check,64,81.3
6568-POCUI,0.2438,No,Low,No,Two year,Fiber optic,Credit card (automatic),45,95.2
7890-VYYWG,0.7385,Yes,High,Yes,Month-to-month,DSL,Mailed check,3,36.45
5197-LQXXH,0.0415,No,Low,No,Two year,DSL,Credit card (automatic),71,83.3
9907-SWKKF,0.7295,Yes,High,Yes,Month-to-month,DSL,Mailed check,1,25.05
3457-PQBYH,0.0149,No,Low,No,Two year,No,Credit card (automatic),58,20.3
7682-AZNDK,0.6531,Yes,Medium,No,Month-to-month,Fiber optic,Electronic check,34,89.85
0587-DMGBH,0.5352,Yes,Medium,Yes,Month-to-month,DSL,Electronic check,8,49.85
5384-ZTTWP,0.2262,No,Low,No,Month-to-month,No,Mailed check,15,19.8
3745-HRPHI,0.0983,No,Low,No,Two year,DSL,Bank transfer (automatic),66,54.65
7636-OWBPG,0.5423,Yes,Medium,No,Month-to-month,DSL,Credit card (automatic),12,29.35
1231-YNDEK,0.0855,No,Low,No,Two year,No,Bank transfer (automatic),58,19.15
1407-DIGZV,0.1463,No,Low,No,Two year,No,Mailed check,3,19.1
6397-JNZZG,0.4094,No,Medium,Yes,Month-to-month,DSL,Credit card (automatic),43,55.55
0570-BFQHT,0.7904,Yes,High,No,Month-to-month,Fiber optic,Electronic check,9,80.55
4393-OBCRR,0.1638,No,Low,No,One year,No,Mailed check,3,20.25
3523-QRQLL,0.2999,No,Low,Yes,One year,DSL,Bank transfer (automatic),22,69.5
8564-LDKFL,0.498,No,Medium,No,One year,Fiber optic,Bank transfer (automatic),40,106.0
3696-DFHHB,0.0304,No,Low,No,Two year,No,Bank transfer (automatic),68,25.5
0895-DQHEW,0.6511,Yes,Medium,Yes,Month-to-month,Fiber optic,Electronic check,54,104.3
4717-GHADL,0.0742,No,Low,No,Two year,DSL,Mailed check,50,79.6
5501-TVMGM,0.7804,Yes,High,No,Month-to-month,DSL,Electronic check,1,55.25
5879-HMFFH,0.0325,No,Low,No,Two year,DSL,Bank transfer (automatic),72,88.05
6772-WFQRD,0.0304,No,Low,No,One year,No,Bank transfer (automatic),40,20.4
3810-DVDQQ,0.0948,No,Low,No,Two year,Fiber optic,Bank transfer (automatic),72,117.6
6972-SNKKW,0.2588,No,Low,No,Month-to-month,No,Mailed check,6,20.0
3694-GLTJM,0.3303,No,Low,No,Month-to-month,No,Credit card (automatic),5,19.65
8550-XSXUQ,0.2219,No,Low,No,One year,DSL,Credit card (automatic),48,70.55
8149-RSOUN,0.9434,Yes,High,Yes,Month-to-month,Fiber optic,Electronic check,1,93.85
9055-MOJJJ,0.0703,No,Low,No,One year,DSL,Mailed check,64,65.8
4359-INNWN,0.0803,No,Low,No,One year,No,Credit card (automatic),17,20.05
0585-EGDDA,0.6,Yes,Medium,No,Month-to-month,Fiber optic,Electronic check,40,80.0
4032-RMHCI,0.1275,No,Low,No,One year,DSL,Credit card (automatic),41,35.4
0549-CYCQN,0.2546,No,Low,No,One year,Fiber optic,Bank transfer (automatic),51,79.6
3481-JHUZH,0.6801,Yes,Medium,No,Month-to-month,Fiber optic,Electronic check,41,80.25
7250-EQKIY,0.682,Yes,Medium,Yes,Month-to-month,DSL,Mailed check,1,50.45
3594-IVHJZ,0.3544,No,Low,No,Month-to-month,No,Mailed check,2,20.45
6869-FGJJC,0.1998,No,Low,No,One year,Fiber optic,Credit card (automatic),68,79.6
3896-ZVNET,0.068,No,Low,No,Two year,No,Mailed check,24,24.7
8205-VSLRB,0.0484,No,Low,No,Two year,DSL,Credit card (automatic),70,77.3
5960-MVTUK,0.7446,Yes,High,No,Month-to-month,DSL,Electronic check,3,29.75
6817-WTYHE,0.6913,Yes,Medium,No,Month-to-month,DSL,Bank transfer (automatic),2,44.9
3082-VQXNH,0.6628,Yes,Medium,No,Month-to-month,DSL,Credit card (automatic),3,29.8
4013-UBXWQ,0.6003,Yes,Medium,Yes,Month-to-month,DSL,Electronic check,7,74.65
4931-TRZWN,0.4859,No,Medium,No,Month-to-month,DSL,Electronic check,13,71.95
0750-EKNGL,0.2567,No,Low,No,Month-to-month,No,Mailed check,7,20.75
7669-LCRSD,0.4904,No,Medium,No,Month-to-month,DSL,Mailed check,12,56.3
3567-PQTSO,0.5309,Yes,Medium,No,One year,Fiber optic,Electronic check,53,105.25
5519-NPHVG,0.8591,Yes,High,Yes,Month-to-month,Fiber optic,Electronic check,12,94.2
8043-PNYSD,0.0176,No,Low,No,Two year,No,Mailed check,63,19.55
9938-EKRGF,0.3659,No,Low,No,Month-to-month,DSL,Mailed check,15,84.45
2703-AMTUL,0.1106,No,Low,No,One year,DSL,Mailed check,36,53.65
0928-JMXNP,0.8006,Yes,High,No,Month-to-month,DSL,Electronic check,4,29.9
8173-RXAYP,0.0089,No,Low,No,Two year,No,Mailed check,24,19.7
4825-XJGDM,0.1169,No,Low,No,One year,DSL,Credit card (automatic),61,43.7
5402-HTOTQ,0.4243,No,Medium,No,Month-to-month,DSL,Electronic check,16,55.3
6734-JDTTV,0.0078,No,Low,No,Two year,No,Credit card (automatic),65,19.85
7850-THJMU,0.0225,No,Low,No,Two year,No,Credit card (automatic),26,19.65
3890-RTCMS,0.3851,No,Low,No,Month-to-month,DSL,Mailed check,16,49.45
8849-GYOKR,0.4251,No,Medium,Yes,One year,Fiber optic,Bank transfer (automatic),54,106.55
3148-BLQJT,0.5981,Yes,Medium,Yes,Month-to-month,No,Mailed check,1,20.1
3717-FDJFU,0.0858,No,Low,No,Two year,No,Mailed check,5,20.45
3665-JATSN,0.595,Yes,Medium,No,Month-to-month,DSL,Electronic check,19,39.7
7966-YOTQW,0.4395,No,Medium,No,Month-to-month,DSL,Credit card (automatic),10,54.5
0461-CVKMU,0.4971,No,Medium,Yes,Month-to-month,Fiber optic,Electronic check,23,83.8
8806-EAGWC,0.6621,Yes,Medium,Yes,Month-to-month,DSL,Mailed check,3,55.15
8853-TZDGH,0.2259,No,Low,No,Two year,Fiber optic,Bank transfer (automatic),72,111.6
7779-LGOVN,0.8463,Yes,High,Yes,Month-to-month,Fiber optic,Electronic check,10,86.65
4324-BZCKL,0.4321,No,Medium,No,Month-to-month,DSL,Mailed check,10,55.55
6924-TDGMT,0.1348,No,Low,No,One year,No,Mailed check,11,20.55
9710-ZUSHQ,0.5776,Yes,Medium,Yes,Month-to-month,Fiber optic,Bank transfer (automatic),37,106.75
1536-YHDOE,0.2028,No,Low,No,One year,DSL,Mailed check,17,62.1
8123-QBNAZ,0.6177,Yes,Medium,No,Month-to-month,Fiber optic,Credit card (automatic),36,104.5
3629-ZNKXA,0.7689,Yes,High,No,Month-to-month,Fiber optic,Electronic check,17,101.8
4827-LTQRJ,0.3568,No,Low,No,One year,Fiber optic,Credit card (automatic),66,110.6
7711-YIJWC,0.1424,No,Low,No,One year,DSL,Bank transfer (automatic),61,84.9
5482-VXSXJ,0.6453,Yes,Medium,No,Month-to-month,Fiber optic,Mailed check,22,93.2
7365-BVCJH,0.8336,Yes,High,No,Month-to-month,DSL,Electronic check,1,24.4
9620-ENEJV,0.7247,Yes,High,No,Month-to-month,Fiber optic,Credit card (automatic),6,70.55
4183-WCSEP,0.5072,Yes,Medium,Yes,Month-to-month,Fiber optic,Electronic check,31,78.45
2378-YIZKA,0.0336,No,Low,No,Two year,DSL,Credit card (automatic),68,85.0
5498-TXHLF,0.5907,Yes,Medium,Yes,Month-to-month,Fiber optic,Electronic check,34,87.45
0689-DSXGL,0.352,No,Low,No,Month-to-month,Fiber optic,Bank transfer (automatic),52,85.8
6818-DJXAA,0.7747,Yes,High,No,Month-to-month,Fiber optic,Electronic check,10,91.1
9722-UJOJR,0.618,Yes,Medium,Yes,Month-to-month,Fiber optic,Electronic check,29,70.75
0464-WJTKO,0.0071,No,Low,No,Two year,No,Bank transfer (automatic),72,20.1
8902-ZEOVF,0.0263,No,Low,No,One year,No,Mailed check,47,20.05
6778-EICRF,0.2359,No,Low,No,One year,DSL,Mailed check,24,74.8
2662-NNTDK,0.0644,No,Low,No,One year,No,Credit card (automatic),65,24.8
4132-KALRO,0.8397,Yes,High,No,Month-to-month,Fiber optic,Mailed check,4,100.85
3902-FOIGH,0.8662,Yes,High,Yes,Month-to-month,Fiber optic,Electronic check,12,101.35
6772-KSATR,0.7748,Yes,High,Yes,Month-to-month,Fiber optic,Electronic check,1,81.7
7112-OPOTK,0.5209,Yes,Medium,Yes,Month-to-month,Fiber optic,Electronic check,33,68.25
2874-YXVVA,0.6293,Yes,Medium,No,Month-to-month,Fiber optic,Electronic check,34,105.1
1245-HARPS,0.0297,No,Low,No,Two year,No,Mailed check,14,20.4
4210-QFJMF,0.8512,Yes,High,Yes,Month-to-month,Fiber optic,Electronic check,4,79.15
4323-ELYYB,0.0527,No,Low,No,One year,No,Mailed check,13,20.0
4293-ETKAP,0.0946,No,Low,No,Two year,DSL,Bank transfer (automatic),65,79.4
6064-PUPMC,0.1525,No,Low,No,One year,DSL,Credit card (automatic),23,57.2
6504-VBLFL,0.1313,No,Low,No,Two year,DSL,Electronic check,55,58.6
6322-PJJDJ,0.3582,No,Low,No,Two year,Fiber optic,Electronic check,49,94.8
0330-BGYZE,0.4446,No,Medium,No,One year,Fiber optic,Bank transfer (automatic),60,102.5
1085-LDWAM,0.0316,No,Low,No,One year,No,Credit card (automatic),69,20.35
7586-ZATGZ,0.6906,Yes,Medium,No,Month-to-month,Fiber optic,Electronic check,40,84.9
7197-VOJMM,0.0594,No,Low,No,Two year,DSL,Credit card (automatic),67,69.2
3318-OSATS,0.7581,Yes,High,Yes,Month-to-month,Fiber optic,Electronic check,35,95.45
5828-AVIPD,0.5488,Yes,Medium,Yes,One year,Fiber optic,Electronic check,19,100.95
1843-TLSGD,0.0287,No,Low,No,Two year,No,Mailed check,13,20.85
9626-VFRGG,0.6003,Yes,Medium,No,Month-to-month,Fiber optic,Bank transfer (automatic),41,88.5
7075-BNDVQ,0.5383,Yes,Medium,No,Month-to-month,DSL,Mailed check,4,35.0
9143-CANJF,0.3797,No,Low,No,Month-to-month,DSL,Electronic check,24,55.15
7284-BUYEC,0.6661,Yes,Medium,No,Month-to-month,DSL,Credit card (automatic),5,50.95
2041-JIJCI,0.5309,Yes,Medium,No,Month-to-month,DSL,Electronic check,5,64.0
1086-LXKFY,0.8824,Yes,High,Yes,Month-to-month,Fiber optic,Mailed check,1,69.1
4900-MSOMT,0.0468,No,Low,No,Two year,DSL,Bank transfer (automatic),72,80.2
2229-VWQJH,0.405,No,Medium,No,Month-to-month,DSL,Credit card (automatic),24,49.3
9194-GFVOI,0.0991,No,Low,No,Two year,DSL,Credit card (automatic),42,84.35
1336-EZFZY,0.3273,No,Low,No,Month-to-month,No,Mailed check,4,20.05
4282-MSACW,0.3681,No,Low,No,One year,Fiber optic,Credit card (automatic),68,117.2
1403-LKLIK,0.0351,No,Low,No,One year,No,Mailed check,33,20.1
2636-ALXXZ,0.9208,Yes,High,Yes,Month-to-month,Fiber optic,Electronic check,1,69.6
7774-OJSXI,0.5133,Yes,Medium,Yes,One year,Fiber optic,Electronic check,31,103.45
7786-WBJYI,0.8067,Yes,High,Yes,Month-to-month,Fiber optic,Bank transfer (automatic),4,77.95
0136-IFMYD,0.284,No,Low,No,Two year,Fiber optic,Electronic check,69,109.95
5144-TVGLP,0.6764,Yes,Medium,No,Month-to-month,Fiber optic,Electronic check,38,94.75
9643-AVVWI,0.7732,Yes,High,No,Month-to-month,Fiber optic,Electronic check,3,80.0
0253-ZTEOB,0.1448,No,Low,No,Two year,DSL,Electronic check,48,79.65
2706-QZIHY,0.0795,No,Low,No,Two year,No,Mailed check,15,25.2
6061-PQHMK,0.0353,No,Low,No,One year,No,Credit card (automatic),25,19.9
9885-CSMWE,0.9075,Yes,High,Yes,Month-to-month,Fiber optic,Electronic check,1,78.45
6137-MFAJN,0.4151,No,Medium,No,Month-to-month,DSL,Electronic check,48,44.8
9122-UMROB,0.5307,Yes,Medium,No,Month-to-month,No,Mailed check,1,20.3
4232-JGKIY,0.5048,Yes,Medium,No,Month-to-month,No,Electronic check,1,19.2
2402-TAIRZ,0.3399,No,Low,No,One year,Fiber optic,Electronic check,37,80.05
9659-ZTWSM,0.404,No,Medium,No,One year,Fiber optic,Bank transfer (automatic),66,107.35
9139-TWBAS,0.211,No,Low,No,One year,DSL,Bank transfer (automatic),26,47.85
6685-GBWJZ,0.098,No,Low,No,One year,DSL,Credit card (automatic),63,70.8
5016-ETTFF,0.5874,Yes,Medium,Yes,Month-to-month,DSL,Mailed check,10,29.5
3866-MDTUB,0.6254,Yes,Medium,Yes,Month-to-month,DSL,Electronic check,2,70.75
2195-VVRJF,0.417,No,Medium,No,Month-to-month,DSL,Credit card (automatic),18,59.1
3913-RDSJZ,0.0144,No,Low,No,Two year,No,Mailed check,64,25.55
8058-JMEQO,0.847,Yes,High,Yes,Month-to-month,Fiber optic,Electronic check,9,84.45
4203-QGNZA,0.1249,No,Low,No,Month-to-month,No,Mailed check,28,20.25
5043-TRZWM,0.8997,Yes,High,No,Month-to-month,Fiber optic,Electronic check,1,75.55
0697-ZMSWS,0.8908,Yes,High,Yes,Month-to-month,Fiber optic,Electronic check,4,85.65
7657-DYEPJ,0.2335,No,Low,Yes,One year,DSL,Credit card (automatic),38,70.15
9494-BDNNC,0.4108,No,Medium,No,One year,Fiber optic,Electronic check,66,95.3
1640-PLFMP,0.9073,Yes,High,No,Month-to-month,Fiber optic,Electronic check,1,70.25
5366-OBVMR,0.3877,No,Low,No,Month-to-month,DSL,Mailed check,18,50.3
8276-MQBYC,0.6724,Yes,Medium,Yes,Month-to-month,Fiber optic,Electronic check,51,97.8
7644-OMVMY,0.2406,No,Low,No,Two year,No,Mailed check,0,19.85
7593-XFKDI,0.7218,Yes,High,Yes,Month-to-month,DSL,Mailed check,1,46.3
4573-JKNAE,0.087,No,Low,No,Two year,No,Bank transfer (automatic),12,19.35
0337-CNPZE,0.7092,Yes,High,Yes,Month-to-month,Fiber optic,Electronic check,41,106.3
9817-APLHW,0.2569,No,Low,No,Month-to-month,No,Electronic check,12,25.0
8380-MQINP,0.0177,No,Low,No,Two year,No,Mailed check,55,20.3
0840-DFEZH,0.8567,Yes,High,No,Month-to-month,Fiber optic,Electronic check,7,75.35
1513-XNPPH,0.7676,Yes,High,Yes,Month-to-month,Fiber optic,Electronic check,12,89.4
8690-ZVLCL,0.0365,No,Low,No,Two year,DSL,Credit card (automatic),68,88.0
6015-VVHHE,0.8542,Yes,High,Yes,Month-to-month,Fiber optic,Credit card (automatic),5,83.15
1125-SNVCK,0.2853,No,Low,No,Month-to-month,DSL,Mailed check,49,43.8
0384-LPITE,0.2307,No,Low,No,One year,DSL,Credit card (automatic),40,62.05
4616-EWBNJ,0.0648,No,Low,No,One year,No,Bank transfer (automatic),16,20.1
6347-DCUIK,0.7587,Yes,High,Yes,Month-to-month,Fiber optic,Mailed check,10,74.15
1335-HQMKX,0.4529,No,Medium,No,One year,Fiber optic,Electronic check,72,101.35
2545-EBUPK,0.9253,Yes,High,No,Month-to-month,Fiber optic,Electronic check,2,84.05
6923-AQONU,0.0092,No,Low,No,Two year,No,Mailed check,23,20.9
2172-EJXVF,0.4616,No,Medium,No,One year,Fiber optic,Electronic check,71,105.9
0897-FEGMU,0.8892,Yes,High,Yes,Month-to-month,Fiber optic,Electronic check,11,99.5
7663-RGWBC,0.7532,Yes,High,Yes,Month-to-month,DSL,Mailed check,1,44.15
1120-BMWUB,0.3606,No,Low,Yes,Month-to-month,DSL,Mailed check,16,53.9
9124-LHCJQ,0.8894,Yes,High,Yes,Month-to-month,Fiber optic,Mailed check,1,85.45
4536-PLEQY,0.784,Yes,High,No,Month-to-month,Fiber optic,Credit card (automatic),12,85.05
7029-IJEJK,0.1095,No,Low,No,One year,DSL,Bank transfer (automatic),54,44.1
8871-JLMHM,0.1291,No,Low,No,Two year,Fiber optic,Credit card (automatic),68,90.2
2235-ZGKPT,0.6126,Yes,Medium,Yes,Month-to-month,DSL,Mailed check,4,50.85
3891-PUQOD,0.7328,Yes,High,Yes,Month-to-month,DSL,Electronic check,1,59.2
5447-VYTKW,0.2468,No,Low,No,Month-to-month,DSL,Mailed check,27,53.45
3623-FQBOX,0.18,No,Low,No,Month-to-month,No,Mailed check,21,19.95
0689-NKYLF,0.7949,Yes,High,Yes,Month-to-month,Fiber optic,Electronic check,13,83.2
8659-HDIYE,0.2419,No,Low,No,Month-to-month,DSL,Credit card (automatic),64,74.65
3658-KIBGF,0.6394,Yes,Medium,Yes,Month-to-month,DSL,Electronic check,1,54.9
3474-BAFSJ,0.0895,No,Low,No,Two year,DSL,Bank transfer (automatic),57,57.5
5519-YLDGW,0.7429,Yes,High,Yes,Month-to-month,Fiber optic,Electronic check,21,103.9
3865-ZFZIB,0.0338,No,Low,No,Two year,No,Mailed check,19,19.65
1855-AGAWH,0.5102,Yes,Medium,No,One year,Fiber optic,Electronic check,31,93.8
7109-CQYUZ,0.0622,No,Low,No,Two year,DSL,Mailed check,52,89.25
1370-GGAWX,0.4137,No,Medium,No,One year,Fiber optic,Electronic check,46,94.15
4680-KUTAJ,0.5209,Yes,Medium,No,Month-to-month,DSL,Electronic check,11,55.6
5307-UVGNB,0.3261,No,Low,No,Month-to-month,DSL,Bank transfer (automatic),53,48.7
4946-EDSEW,0.2402,No,Low,Yes,Month-to-month,No,Mailed check,11,19.25
2883-ILGWO,0.4852,No,Medium,No,Month-to-month,Fiber optic,Bank transfer (automatic),57,104.9
2516-VQRRV,0.8575,Yes,High,Yes,Month-to-month,Fiber optic,Mailed check,2,75.45
7580-UGXNC,0.5713,Yes,Medium,Yes,Month-to-month,DSL,Mailed check,2,54.85
3642-BYHDO,0.0092,No,Low,No,Two year,No,Bank transfer (automatic),71,19.9
9629-NHXFW,0.5452,Yes,Medium,No,Month-to-month,No,Mailed check,1,19.4
2696-RZVZW,0.006,No,Low,No,Two year,No,Credit card (automatic),68,25.05
5766-FTRTS,0.0171,No,Low,No,Two year,DSL,Mailed check,72,84.45
0396-HUJBP,0.3548,No,Low,No,Month-to-month,No,Mailed check,2,19.3
5178-LMXOP,0.9425,Yes,High,Yes,Month-to-month,Fiber optic,Electronic check,1,95.1
8879-ZKJOF,0.2385,No,Low,No,One year,DSL,Bank transfer (automatic),41,79.85
6285-FTQBF,0.0127,No,Low,No,Two year,No,Credit card (automatic),72,25.55
8185-UPYBR,0.8121,Yes,High,Yes,Month-to-month,Fiber optic,Electronic check,6,75.5
4585-HETAI,0.8195,Yes,High,Yes,Month-to-month,Fiber optic,Electronic check,4,73.75
7526-BEZQB,0.881,Yes,High,Yes,Month-to-month,Fiber optic,Electronic check,12,96.05
1474-JUWSM,0.1977,No,Low,No,One year,DSL,Electronic check,58,68.4
3530-CRZSB,0.2906,No,Low,No,Month-to-month,No,Mailed check,7,20.65
8498-XXGWA,0.2067,No,Low,No,Month-to-month,DSL,Mailed check,65,55.15
9617-INGJY,0.8767,Yes,High,No,Month-to-month,Fiber optic,Mailed check,1,70.6
0621-TSSMU,0.066,No,Low,No,One year,No,Credit card (automatic),56,19.95
7234-KMNRQ,0.2868,No,Low,No,Month-to-month,No,Mailed check,4,19.0
7636-PEPNS,0.1824,No,Low,No,One year,DSL,Mailed check,58,44.1
4683-WYDOU,0.3225,No,Low,No,Two year,Fiber optic,Bank transfer (automatic),62,107.6
9052-DHNKM,0.1595,No,Low,No,One year,DSL,Electronic check,26,61.55
6794-HKIAJ,0.2911,No,Low,No,Month-to-month,Fiber optic,Bank transfer (automatic),62,90.7
5578-NKCXI,0.3331,No,Low,No,One year,Fiber optic,Credit card (automatic),58,99.25
1642-HMARX,0.0979,No,Low,No,Two year,DSL,Electronic check,68,91.7
3096-WPXBT,0.2858,No,Low,No,One year,Fiber optic,Credit card (automatic),61,100.7
8434-PNQZX,0.1131,No,Low,No,Two year,DSL,Credit card (automatic),42,78.45
5950-AAAGJ,0.5631,Yes,Medium,No,Month-to-month,Fiber optic,Bank transfer (automatic),18,84.3
4299-OPXEJ,0.0465,No,Low,No,Two year,No,Bank transfer (automatic),56,19.55
4951-UKAAQ,0.8826,Yes,High,Yes,Month-to-month,Fiber optic,Electronic check,4,88.95
9618-LFJRU,0.3351,No,Low,No,Month-to-month,No,Credit card (automatic),4,20.45
6693-DJWTY,0.1185,No,Low,No,One year,DSL,Credit card (automatic),35,55.6
0744-GKNGE,0.2423,No,Low,No,Month-to-month,Fiber optic,Bank transfer (automatic),64,86.8
6447-EGDIV,0.0476,No,Low,No,One year,No,Mailed check,31,20.95
1167-OYZJF,0.0224,No,Low,No,Two year,No,Bank transfer (automatic),67,20.05
2108-YKQTY,0.6312,Yes,Medium,Yes,Month-to-month,DSL,Credit card (automatic),4,50.7
4806-DXQCE,0.1629,No,Low,No,Two year,Fiber optic,Electronic check,70,113.65
4918-QLLIW,0.6243,Yes,Medium,Yes,Month-to-month,DSL,Credit card (automatic),3,53.4
7056-IMHCC,0.6701,Yes,Medium,Yes,Month-to-month,Fiber optic,Electronic check,53,101.9
4854-SSLTN,0.2233,No,Low,No,Two year,DSL,Mailed check,2,59.5
5294-DMSFH,0.6583,Yes,Medium,No,Month-to-month,Fiber optic,Credit card (automatic),29,87.8
4837-PZTIC,0.0891,No,Low,No,Two year,DSL,Mailed check,47,41.9
1625-JAIIY,0.2913,No,Low,Yes,One year,Fiber optic,Electronic check,68,83.0
0603-OLQDC,0.472,No,Medium,No,Month-to-month,DSL,Mailed check,12,69.85
3272-VUHPV,0.4252,No,Medium,No,Month-to-month,DSL,Bank transfer (automatic),8,56.3
4176-FXYBO,0.5564,Yes,Medium,No,Month-to-month,Fiber optic,Electronic check,54,109.55
1063-DHQJF,0.1679,No,Low,No,Two year,Fiber optic,Mailed check,69,92.15
8663-UPDGF,0.2795,No,Low,No,Month-to-month,DSL,Bank transfer (automatic),26,69.5
6719-FGEDO,0.1055,No,Low,No,Two year,Fiber optic,Bank transfer (automatic),72,97.0
1837-YQUCE,0.0479,No,Low,No,Two year,DSL,Bank transfer (automatic),70,58.35
2947-DOMLJ,0.6023,Yes,Medium,Yes,Month-to-month,DSL,Mailed check,1,50.6
4112-LUEIZ,0.8234,Yes,High,Yes,Month-to-month,Fiber optic,Electronic check,10,89.5
0369-ZGOVK,0.3548,No,Low,No,One year,Fiber optic,Bank transfer (automatic),28,70.4
4510-HIMLV,0.9043,Yes,High,Yes,Month-to-month,Fiber optic,Electronic check,1,69.8
9919-KNPOO,0.7555,Yes,High,No,Month-to-month,Fiber optic,Electronic check,21,94.3
8749-JMNKX,0.4052,No,Medium,Yes,Month-to-month,Fiber optic,Bank transfer (automatic),51,93.8
7872-BAAZR,0.0836,No,Low,No,One year,No,Bank transfer (automatic),53,19.55
9391-LMANN,0.2931,No,Low,No,One year,Fiber optic,Electronic check,53,95.95
2430-USGXP,0.8087,Yes,High,Yes,Month-to-month,Fiber optic,Electronic check,24,101.05
8174-TBVCF,0.075,No,Low,No,Two year,DSL,Credit card (automatic),70,94.8
1698-XFZCI,0.4867,No,Medium,No,One year,Fiber optic,Electronic check,61,107.75
1877-HKBQX,0.285,No,Low,No,One year,DSL,Mailed check,11,54.6
4450-DLLMH,0.8114,Yes,High,No,Month-to-month,Fiber optic,Credit card (automatic),2,71.3
0428-AXXLJ,0.0573,No,Low,No,One year,No,Bank transfer (automatic),25,19.5
2746-DIJLO,0.2198,No,Low,No,One year,DSL,Credit card (automatic),41,56.3
5955-ERIHD,0.7668,Yes,High,Yes,Month-to-month,Fiber optic,Electronic check,18,94.7
0917-EZOLA,0.276,No,Low,Yes,Two year,Fiber optic,Bank transfer (automatic),72,104.15
3508-VLHCZ,0.0355,No,Low,No,Two year,DSL,Credit card (automatic),71,90.55
4086-ATNFV,0.1579,No,Low,No,One year,DSL,Mailed check,34,60.8
0468-YRPXN,0.5357,Yes,Medium,No,Month-to-month,Fiber optic,Credit card (automatic),29,98.8
5996-NRVXR,0.3796,No,Low,No,One year,Fiber optic,Credit card (automatic),40,98.15
3739-YBWAB,0.1899,No,Low,No,One year,DSL,Mailed check,36,35.35
7047-FWEYA,0.4991,No,Medium,No,One year,Fiber optic,Electronic check,46,103.15
2000-MPKCA,0.4987,No,Medium,No,One year,Fiber optic,Electronic check,58,107.75
9762-YAQAA,0.3254,No,Low,No,One year,Fiber optic,Credit card (automatic),39,81.4
5949-EBSQK,0.5395,Yes,Medium,Yes,Month-to-month,DSL,Credit card (automatic),4,61.45
5473-KHBPS,0.2681,No,Low,No,One year,Fiber optic,Credit card (automatic),52,95.7
0100-DUVFC,0.4424,No,Medium,No,One year,Fiber optic,Electronic check,70,104.8
5397-TUPSH,0.2383,No,Low,No,One year,Fiber optic,Bank transfer (automatic),65,70.95
8950-MTZNV,0.7647,Yes,High,No,Month-to-month,DSL,Mailed check,1,44.95
0326-VDYXE,0.4766,No,Medium,No,One year,Fiber optic,Electronic check,70,97.65
6773-LQTVT,0.4204,No,Medium,No,Month-to-month,DSL,Mailed check,29,35.65
7274-RTAPZ,0.9338,Yes,High,Yes,Month-to-month,Fiber optic,Electronic check,1,90.55
0436-TWFFZ,0.041,No,Low,No,Two year,DSL,Mailed check,67,85.25
8566-YPRGL,0.5886,Yes,Medium,No,Month-to-month,No,Mailed check,1,19.5
0311-UNPFF,0.6161,Yes,Medium,Yes,Month-to-month,Fiber optic,Bank transfer (automatic),26,88.8
6609-MXJHJ,0.0337,No,Low,No,Two year,No,Mailed check,30,25.1
2669-OIDSD,0.535,Yes,Medium,No,Month-to-month,Fiber optic,Credit card (automatic),48,100.05
8400-WZICQ,0.2773,No,Low,No,Month-to-month,DSL,Electronic check,55,55.7
3834-XUIFC,0.8181,Yes,High,Yes,Month-to-month,Fiber optic,Mailed check,7,85.2
9576-SYUHJ,0.6532,Yes,Medium,No,Month-to-month,Fiber optic,Electronic check,37,91.15
0410-IPFTY,0.6474,Yes,Medium,No,Month-to-month,Fiber optic,Bank transfer (automatic),31,83.85
2831-EBWRN,0.7499,Yes,High,No,Month-to-month,DSL,Electronic check,4,45.9
9430-NKQLY,0.0061,No,Low,No,Two year,No,Credit card (automatic),72,25.1
8414-MYSHR,0.8461,Yes,High,Yes,Month-to-month,Fiber optic,Electronic check,5,91.4
0247-SLUJI,0.5096,Yes,Medium,No,Month-to-month,No,Mailed check,1,19.7
9402-ORRAH,0.7512,Yes,High,No,Month-to-month,Fiber optic,Electronic check,15,91.5
6483-OATDN,0.4377,No,Medium,No,Month-to-month,DSL,Credit card (automatic),8,51.3
1293-HHSHJ,0.0355,No,Low,No,One year,No,Mailed check,35,21.1
4840-ORQXB,0.6371,Yes,Medium,No,Month-to-month,Fiber optic,Electronic check,56,104.75
7599-FKVXZ,0.5991,Yes,Medium,Yes,Month-to-month,Fiber optic,Bank transfer (automatic),42,106.15
3982-DQLUS,0.35,No,Low,No,Month-to-month,Fiber optic,Electronic check,65,85.75
8610-ZIKJJ,0.2105,No,Low,No,One year,No,Mailed check,2,20.3
3756-VNWDH,0.3872,No,Low,No,One year,Fiber optic,Electronic check,65,100.75
7801-KICAO,0.7424,Yes,High,No,Month-to-month,Fiber optic,Electronic check,18,74.15
7673-LPRNY,0.3106,No,Low,No,One year,DSL,Electronic check,23,78.55
8229-TNIQA,0.6947,Yes,Medium,Yes,Month-to-month,DSL,Mailed check,4,45.3
6060-QBMGV,0.0049,No,Low,No,Two year,No,Credit card (automatic),70,19.85
7339-POGZN,0.7202,Yes,High,No,Month-to-month,DSL,Electronic check,4,50.7
2828-SLQPF,0.4561,No,Medium,No,Month-to-month,DSL,Bank transfer (automatic),19,45.0
4465-VDKIQ,0.7012,Yes,High,No,Month-to-month,Fiber optic,Electronic check,18,77.8
2921-XWDJH,0.6306,Yes,Medium,No,Month-to-month,Fiber optic,Electronic check,38,83.45
6221-AVQYL,0.8069,Yes,High,Yes,Month-to-month,Fiber optic,Credit card (automatic),2,73.25
2558-BUOZZ,0.2854,No,Low,No,One year,Fiber optic,Bank transfer (automatic),47,94.8
9257-AZMTZ,0.0171,No,Low,No,Two year,No,Bank transfer (automatic),52,20.1
0003-MKNFE,0.5102,Yes,Medium,No,Month-to-month,DSL,Mailed check,9,59.9
0975-UYDTX,0.322,No,Low,No,One year,DSL,Credit card (automatic),26,90.1
7743-EXURX,0.5182,Yes,Medium,Yes,Month-to-month,DSL,Electronic check,8,51.05
4682-BLBUC,0.2562,No,Low,No,One year,DSL,Electronic check,44,70.95
0975-VOOVL,0.6683,Yes,Medium,No,Month-to-month,DSL,Mailed check,3,29.2
5968-VXZLG,0.7544,Yes,High,No,Month-to-month,DSL,Bank transfer (automatic),2,46.6
5569-KGJHX,0.8353,Yes,High,Yes,Month-to-month,Fiber optic,Bank transfer (automatic),9,85.35
4988-IQIGL,0.9311,Yes,High,Yes,Month-to-month,Fiber optic,Electronic check,1,75.35
5201-FRKKS,0.4768,No,Medium,No,Month-to-month,Fiber optic,Bank transfer (automatic),25,74.3
9799-CAYJJ,0.8003,Yes,High,No,Month-to-month,Fiber optic,Electronic check,2,69.3
7730-IUTDZ,0.5233,Yes,Medium,Yes,Month-to-month,Fiber optic,Electronic check,43,75.2
0426-TIRNE,0.4877,No,Medium,Yes,Month-to-month,No,Mailed check,1,20.9
5443-SCMKX,0.382,No,Low,No,One year,Fiber optic,Electronic check,58,94.3
8295-KMENE,0.069,No,Low,No,Two year,DSL,Mailed check,59,76.45
6738-ISCBM,0.2318,No,Low,No,One year,DSL,Electronic check,44,54.0
9821-BESNZ,0.456,No,Medium,No,One year,Fiber optic,Electronic check,66,104.25
3678-MNGZX,0.0076,No,Low,No,Two year,No,Bank transfer (automatic),68,19.95
1335-NTIUC,0.7177,Yes,High,No,Month-to-month,DSL,Electronic check,9,24.95
2916-BQZLN,0.6723,Yes,Medium,No,Month-to-month,Fiber optic,Electronic check,19,84.75
4558-CGYCZ,0.3633,No,Low,No,Month-to-month,No,Mailed check,4,19.75
2368-GAKKQ,0.1826,No,Low,No,Two year,Fiber optic,Bank transfer (automatic),70,113.65
8710-YGLWG,0.7581,Yes,High,No,Month-to-month,DSL,Mailed check,1,44.9
3199-XGZCY,0.8113,Yes,High,No,Month-to-month,Fiber optic,Electronic check,8,75.25
3785-KTYSH,0.0236,No,Low,No,Two year,No,Mailed check,53,24.6
6814-ZPWFQ,0.1229,No,Low,No,One year,No,Bank transfer (automatic),51,25.0
4063-EIKNQ,0.2256,No,Low,No,Month-to-month,No,Bank transfer (automatic),11,20.95
6993-YCOBK,0.2748,No,Low,No,Two year,Fiber optic,Electronic check,60,110.6
5206-HPJKM,0.3991,No,Low,No,Month-to-month,DSL,Credit card (automatic),17,55.5
7587-RZNME,0.755,Yes,High,Yes,Month-to-month,DSL,Electronic check,3,43.3
0748-RDGGM,0.2705,No,Low,Yes,One year,Fiber optic,Bank transfer (automatic),70,109.5
8393-JMVMB,0.5457,Yes,Medium,No,Month-to-month,No,Mailed check,1,19.45
5019-GQVCR,0.7183,Yes,High,No,Month-to-month,Fiber optic,Electronic check,43,84.85
6036-TTFYU,0.2534,No,Low,No,Month-to-month,No,Mailed check,16,19.6
2550-AEVRU,0.1497,No,Low,No,One year,DSL,Electronic check,57,53.45
0969-RGKCU,0.0236,No,Low,No,One year,No,Credit card (automatic),37,19.8
0378-CJKPV,0.0658,No,Low,No,Two year,Fiber optic,Credit card (automatic),72,112.1
4706-AXVKM,0.8382,Yes,High,Yes,Month-to-month,Fiber optic,Credit card (automatic),11,84.8
5889-JTMUL,0.6148,Yes,Medium,Yes,Month-to-month,Fiber optic,Electronic check,50,95.05
9026-RNUJS,0.6936,Yes,Medium,Yes,Month-to-month,DSL,Electronic check,5,50.35
3746-EUBYR,0.9028,Yes,High,Yes,Month-to-month,Fiber optic,Bank transfer (automatic),1,74.6
2332-EFBJY,0.1339,No,Low,Yes,Month-to-month,No,Mailed check,16,19.7
2880-FPNAE,0.8518,Yes,High,No,Month-to-month,Fiber optic,Electronic check,2,74.2
1703-MGIAB,0.4079,No,Medium,No,Month-to-month,DSL,Mailed check,17,69.0
4311-QTTAI,0.0754,No,Low,No,One year,No,Credit card (automatic),16,19.35
9474-PHLYD,0.4568,No,Medium,Yes,Month-to-month,DSL,Electronic check,15,59.45
4318-RAJVY,0.1149,No,Low,No,One year,No,Mailed check,10,19.8
2165-VOEGB,0.3947,No,Low,Yes,One year,Fiber optic,Bank transfer (automatic),46,105.2
3612-YUNGG,0.2538,No,Low,No,Two year,Fiber optic,Credit card (automatic),64,109.2
2254-DLXRI,0.8984,Yes,High,No,Month-to-month,Fiber optic,Mailed check,1,79.15
5062-CJJKH,0.2068,No,Low,No,One year,DSL,Mailed check,25,53.65
9028-LIHRP,0.1257,No,Low,No,Two year,Fiber optic,Credit card (automatic),71,100.2
2219-MVUSO,0.4736,No,Medium,Yes,Month-to-month,DSL,Mailed check,8,45.15
1053-MXTTK,0.1308,No,Low,No,Two year,Fiber optic,Bank transfer (automatic),72,108.65
1530-ZTDOZ,0.317,No,Low,No,Month-to-month,DSL,Bank transfer (automatic),49,40.65
1301-LOPVR,0.2001,No,Low,No,One year,DSL,Credit card (automatic),29,55.35
0853-TWRVK,0.1351,No,Low,No,Two year,Fiber optic,Bank transfer (automatic),72,105.6
8914-RBTSB,0.6688,Yes,Medium,Yes,Month-to-month,Fiber optic,Electronic check,31,93.8
6212-ATMLK,0.689,Yes,Medium,No,Month-to-month,Fiber optic,Electronic check,50,95.7
8200-LGKSR,0.0742,No,Low,No,Two year,DSL,Electronic check,71,83.2
1568-BEKZM,0.0481,No,Low,No,Two year,DSL,Credit card (automatic),70,90.05
0670-ANMUU,0.2864,No,Low,No,One year,Fiber optic,Credit card (automatic),71,97.65
6897-RWMUB,0.0557,No,Low,No,Two year,DSL,Bank transfer (automatic),61,68.05
0963-ZBDRN,0.6373,Yes,Medium,Yes,Month-to-month,Fiber optic,Electronic check,32,96.2
7594-RQHXR,0.9246,Yes,High,Yes,Month-to-month,Fiber optic,Electronic check,1,79.6
6999-CHVCF,0.1981,No,Low,No,Two year,Fiber optic,Bank transfer (automatic),68,102.1
6134-KWTBV,0.0267,No,Low,No,Two year,No,Bank transfer (automatic),62,23.4
1077-HUUJM,0.7429,Yes,High,No,Month-to-month,Fiber optic,Electronic check,7,71.05
6331-EWIEB,0.7572,Yes,High,Yes,Month-to-month,Fiber optic,Electronic check,20,85.25
0895-LNKRC,0.1281,No,Low,No,One year,No,Mailed check,6,19.45
2045-BMBTJ,0.3842,No,Low,No,Month-to-month,DSL,Bank transfer (automatic),33,59.45
8417-GSODA,0.4708,No,Medium,No,One year,Fiber optic,Bank transfer (automatic),28,92.2
5171-EPLKN,0.0354,No,Low,No,Two year,No,Credit card (automatic),27,19.85
4452-QIIEB,0.5885,Yes,Medium,No,Month-to-month,DSL,Mailed check,7,43.9
5998-VVEJY,0.5881,Yes,Medium,Yes,Month-to-month,Fiber optic,Electronic check,26,80.5
1624-NALOJ,0.875,Yes,High,Yes,Month-to-month,Fiber optic,Electronic check,5,89.8
6741-EGCBI,0.6559,Yes,Medium,No,Month-to-month,Fiber optic,Credit card (automatic),30,90.5
7820-ZYGNY,0.3634,No,Low,No,One year,Fiber optic,Credit card (automatic),63,90.45
4317-VTEOA,0.7463,Yes,High,Yes,Month-to-month,DSL,Electronic check,1,50.75
9677-AVKED,0.2405,No,Low,No,One year,DSL,Electronic check,53,84.6
1670-SVOWZ,0.6506,Yes,Medium,Yes,Month-to-month,Fiber optic,Credit card (automatic),14,89.65
2227-JRSJX,0.5847,Yes,Medium,No,Month-to-month,Fiber optic,Bank transfer (automatic),21,99.15
9847-HNVGP,0.0437,No,Low,No,One year,No,Mailed check,17,19.95
6696-YDAYZ,0.0377,No,Low,No,Two year,No,Mailed check,16,20.5
8980-WQFWL,0.4339,No,Medium,No,Month-to-month,DSL,Electronic check,35,62.1
1730-ZMAME,0.7375,Yes,High,No,Month-to-month,Fiber optic,Electronic check,32,79.5
6506-EYCNH,0.1877,No,Low,No,Month-to-month,No,Bank transfer (automatic),28,19.55
4634-JLRJT,0.561,Yes,Medium,No,Month-to-month,No,Mailed check,1,20.35
9501-UKKNL,0.3607,No,Low,No,Month-to-month,DSL,Electronic check,59,51.7
2560-QTSBS,0.0354,No,Low,No,One year,No,Bank transfer (automatic),72,23.3
7541-YLXCL,0.2751,No,Low,Yes,One year,DSL,Mailed check,36,65.4
4795-WRNVT,0.2675,No,Low,No,Month-to-month,DSL,Mailed check,40,65.1
6080-TCMYC,0.6323,Yes,Medium,No,Month-to-month,Fiber optic,Electronic check,40,81.2
0260-ZDLGK,0.4836,No,Medium,Yes,Month-to-month,DSL,Mailed check,9,72.9
7860-UXCRM,0.0774,No,Low,No,Two year,DSL,Credit card (automatic),63,74.5
6357-JJPQT,0.861,Yes,High,No,Month-to-month,Fiber optic,Electronic check,3,80.5
2292-XQWSV,0.2776,No,Low,No,One year,DSL,Mailed check,40,60.3
9552-TGUZV,0.6551,Yes,Medium,No,Month-to-month,Fiber optic,Mailed check,8,75.0
5913-INRQV,0.3007,No,Low,No,One year,Fiber optic,Mailed check,34,90.15
8722-NGNBH,0.5059,Yes,Medium,Yes,Month-to-month,DSL,Mailed check,5,40.0
6210-KBBPI,0.8488,Yes,High,Yes,Month-to-month,Fiber optic,Credit card (automatic),9,99.45
9643-YBLUR,0.4929,No,Medium,No,Month-to-month,DSL,Credit card (automatic),9,69.05
8734-FNWVH,0.3311,No,Low,No,Month-to-month,DSL,Bank transfer (automatic),31,59.7
9447-YPTBX,0.0748,No,Low,No,One year,No,Bank transfer (automatic),50,19.85
0133-BMFZO,0.6996,Yes,Medium,Yes,Month-to-month,Fiber optic,Electronic check,2,86.25
6128-CZOMY,0.7888,Yes,High,Yes,Month-to-month,DSL,Electronic check,1,45.65
9540-JYROE,0.6893,Yes,Medium,Yes,Month-to-month,Fiber optic,Mailed check,8,70.1
9026-LHEVG,0.6029,Yes,Medium,No,Month-to-month,DSL,Electronic check,9,40.75
2260-USTRB,0.8048,Yes,High,Yes,Month-to-month,Fiber optic,Bank transfer (automatic),2,70.2
3656-TKRVZ,0.5365,Yes,Medium,Yes,Month-to-month,DSL,Electronic check,3,55.35
7011-CVEUC,0.5793,Yes,Medium,No,Month-to-month,Fiber optic,Credit card (automatic),25,95.7
6185-TASNN,0.8192,Yes,High,No,Month-to-month,DSL,Electronic check,1,46.3
7925-PNRGI,0.2579,No,Low,No,Month-to-month,DSL,Mailed check,45,81.3
8623-TMRBY,0.5656,Yes,Medium,Yes,Month-to-month,Fiber optic,Electronic check,51,84.2
1552-CZCLL,0.1592,No,Low,No,Month-to-month,No,Credit card (automatic),55,20.0
3038-PQIUY,0.2851,No,Low,No,Month-to-month,DSL,Bank transfer (automatic),38,66.15
1501-SGHBW,0.7164,Yes,High,Yes,Month-to-month,DSL,Mailed check,2,45.85
9313-CDOGY,0.1349,No,Low,No,Month-to-month,No,Electronic check,38,19.6
8148-BPLZQ,0.3064,No,Low,No,Month-to-month,DSL,Electronic check,34,49.8
2623-DRYAM,0.4993,No,Medium,No,One year,Fiber optic,Electronic check,70,101.75
9987-LUTYD,0.1768,No,Low,No,One year,DSL,Mailed check,13,55.15
3208-YPIOE,0.611,Yes,Medium,Yes,Month-to-month,Fiber optic,Electronic check,39,75.25
4488-KQFDT,0.5362,Yes,Medium,No,One year,Fiber optic,Electronic check,61,103.95
2612-RANWT,0.8621,Yes,High,Yes,Month-to-month,Fiber optic,Bank transfer (automatic),12,100.15
5693-PIPCS,0.2725,No,Low,No,Two year,Fiber optic,Credit card (automatic),41,99.65
0491-KAPQG,0.7292,Yes,High,No,Month-to-month,Fiber optic,Electronic check,21,73.7
1925-LFCZZ,0.2479,No,Low,No,One year,DSL,Bank transfer (automatic),55,50.05
8039-EQPIM,0.0442,No,Low,No,Two year,DSL,Bank transfer (automatic),69,60.25
6900-PXRMS,0.7414,Yes,High,Yes,Month-to-month,Fiber optic,Electronic check,26,105.75
8707-RMEZH,0.279,No,Low,No,One year,Fiber optic,Credit card (automatic),69,87.3
3346-BRMIS,0.5729,Yes,Medium,Yes,Month-to-month,DSL,Electronic check,18,48.35
3209-ZPKFI,0.3627,No,Low,No,Month-to-month,DSL,Electronic check,47,54.25
6479-VDGRK,0.0197,No,Low,No,Two year,DSL,Bank transfer (automatic),72,85.3
9373-WSLOY,0.3309,No,Low,No,Month-to-month,DSL,Electronic check,33,50.0
2933-FILNV,0.7477,Yes,High,Yes,Month-to-month,DSL,Mailed check,2,24.4
3569-JFODW,0.014,No,Low,No,Two year,DSL,Credit card (automatic),72,90.95
9819-FBNSV,0.5633,Yes,Medium,No,Month-to-month,Fiber optic,Bank transfer (automatic),37,72.25
9544-PYPSJ,0.517,Yes,Medium,No,Month-to-month,Fiber optic,Credit card (automatic),62,96.1
1591-XWLGB,0.0074,No,Low,No,Two year,No,Credit card (automatic),71,19.85
0396-UKGAI,0.2625,No,Low,No,Month-to-month,DSL,Bank transfer (automatic),23,55.3
3243-ZHOHY,0.0427,No,Low,No,One year,No,Mailed check,16,20.1
5186-EJEGL,0.4627,No,Medium,No,Month-to-month,DSL,Mailed check,9,69.5
7527-QNRUS,0.0365,No,Low,No,Two year,No,Mailed check,17,25.15
9986-BONCE,0.2987,No,Low,Yes,Month-to-month,No,Bank transfer (automatic),4,20.95
2722-JMONI,0.6897,Yes,Medium,Yes,Month-to-month,DSL,Electronic check,1,49.55
2203-GHNWN,0.6367,Yes,Medium,No,Month-to-month,Fiber optic,Mailed check,24,79.65
3878-AVSOQ,0.9184,Yes,High,No,Month-to-month,Fiber optic,Electronic check,1,71.25
3258-SYSWS,0.1365,No,Low,No,Two year,Fiber optic,Bank transfer (automatic),72,113.8
5296-PSYVW,0.043,No,Low,No,Two year,No,Electronic check,72,24.55
6319-QSUSR,0.3031,No,Low,No,Month-to-month,No,Credit card (automatic),11,19.7
4083-EUGRJ,0.2579,No,Low,Yes,Month-to-month,No,Mailed check,9,20.25
7579-OOPEC,0.6517,Yes,Medium,Yes,Month-to-month,DSL,Credit card (automatic),2,50.15
0512-FLFDW,0.4101,No,Medium,No,One year,Fiber optic,Credit card (automatic),60,100.5
1771-OADNZ,0.7635,Yes,High,Yes,Month-to-month,Fiber optic,Electronic check,29,95.9
0487-CRLZF,0.0664,No,Low,No,Two year,DSL,Bank transfer (automatic),49,74.45
2107-FBPTK,0.7903,Yes,High,No,Month-to-month,Fiber optic,Electronic check,30,104.1
9451-WLYRI,0.065,No,Low,No,One year,No,Credit card (automatic),53,19.05
8219-VYBVI,0.0568,No,Low,No,Two year,No,Mailed check,39,25.0
1991-VOPLL,0.2581,No,Low,No,Month-to-month,No,Mailed check,9,19.05
9738-QLWTP,0.3006,No,Low,No,One year,Fiber optic,Electronic check,39,81.9
1016-DJTSV,0.7602,Yes,High,No,Month-to-month,Fiber optic,Electronic check,8,69.7
9419-IPPBE,0.3719,No,Low,No,One year,Fiber optic,Electronic check,51,90.15
0174-QRVVY,0.0167,No,Low,No,Two year,No,Credit card (automatic),71,25.35
5699-BNCAS,0.0182,No,Low,No,Two year,No,Mailed check,71,24.65
2900-PHPLN,0.018,No,Low,No,Two year,No,Credit card (automatic),70,19.55
0612-RTZZA,0.7873,Yes,High,Yes,Month-to-month,DSL,Electronic check,1,25.25
8106-GWQOK,0.09,No,Low,No,Two year,DSL,Bank transfer (automatic),38,60.0
8751-EDEKA,0.576,Yes,Medium,No,Month-to-month,Fiber optic,Credit card (automatic),28,89.9
6878-GGDWG,0.1667,No,Low,No,Month-to-month,No,Bank transfer (automatic),32,19.4
4039-PIMHX,0.1163,No,Low,No,Two year,DSL,Mailed check,49,49.8
8450-LUGUK,0.0626,No,Low,No,Two year,No,Bank transfer (automatic),37,24.1
3604-WLABM,0.4881,No,Medium,No,Month-to-month,DSL,Electronic check,10,54.25
0795-GMVQO,0.3276,No,Low,No,One year,Fiber optic,Credit card (automatic),67,109.9
2259-OUUSZ,0.4066,No,Medium,No,One year,DSL,Credit card (automatic),7,35.5
1142-IHLOO,0.3779,No,Low,No,One year,Fiber optic,Credit card (automatic),51,87.55
6410-LEFEN,0.5383,Yes,Medium,Yes,Month-to-month,DSL,Electronic check,9,45.15
4633-MKHYU,0.8461,Yes,High,No,Month-to-month,Fiber optic,Mailed check,9,88.4
6257-RJOHI,0.6081,Yes,Medium,No,Month-to-month,DSL,Mailed check,4,50.8
1545-JFUML,0.19,No,Low,No,Two year,Fiber optic,Electronic check,71,99.0
3194-ORPIK,0.4822,No,Medium,Yes,Month-to-month,Fiber optic,Bank transfer (automatic),50,84.4
7826-VVKWT,0.4412,No,Medium,No,Two year,Fiber optic,Electronic check,24,96.55
1353-GHZOS,0.2254,No,Low,No,One year,DSL,Bank transfer (automatic),22,59.75
2587-EKXTS,0.5998,Yes,Medium,No,Month-to-month,Fiber optic,Electronic check,44,111.5
5442-BXVND,0.1359,No,Low,No,Month-to-month,No,Bank transfer (automatic),33,24.25
8816-VXNZD,0.927,Yes,High,Yes,Month-to-month,Fiber optic,Electronic check,1,75.1
9378-FXTIZ,0.223,No,Low,Yes,One year,DSL,Credit card (automatic),54,70.15
1723-HKXJQ,0.7574,Yes,High,Yes,Month-to-month,Fiber optic,Electronic check,42,101.75
7825-GKXMW,0.753,Yes,High,Yes,Month-to-month,DSL,Electronic check,1,45.8
9753-OYLBX,0.5884,Yes,Medium,No,Month-to-month,No,Mailed check,1,20.5
2364-UFROM,0.2008,No,Low,No,One year,DSL,Electronic check,30,70.4
6656-JWRQX,0.6802,Yes,Medium,No,Month-to-month,DSL,Mailed check,1,30.55
6473-ULUHT,0.403,No,Medium,No,Month-to-month,DSL,Electronic check,16,84.9
1240-KNSEZ,0.5931,Yes,Medium,Yes,Month-to-month,No,Mailed check,1,20.1
0836-SEYLU,0.5292,Yes,Medium,Yes,Month-to-month,DSL,Mailed check,9,40.65
4433-JCGCG,0.7654,Yes,High,Yes,Month-to-month,Fiber optic,Electronic check,46,101.0
3716-BDVDB,0.8887,Yes,High,Yes,Month-to-month,Fiber optic,Electronic check,1,69.1
7688-AWMDX,0.0703,No,Low,No,Two year,DSL,Bank transfer (automatic),71,54.5
2842-BCQGE,0.5802,Yes,Medium,No,Month-to-month,Fiber optic,Credit card (automatic),43,75.35
7244-QWYHG,0.095,No,Low,No,One year,DSL,Bank transfer (automatic),50,44.45
5899-MQZZL,0.7123,Yes,High,Yes,Month-to-month,Fiber optic,Mailed check,13,75.0
6849-OYAMU,0.4209,No,Medium,Yes,One year,Fiber optic,Bank transfer (automatic),19,100.0
5312-UXESG,0.6218,Yes,Medium,No,Month-to-month,Fiber optic,Bank transfer (automatic),41,98.05
9488-HGMJH,0.901,Yes,High,Yes,Month-to-month,Fiber optic,Electronic check,1,71.15
6038-GCYEC,0.4446,No,Medium,Yes,Month-to-month,DSL,Credit card (automatic),24,54.15
2150-WLKUW,0.233,No,Low,No,One year,DSL,Bank transfer (automatic),40,63.9
7159-FVYPK,0.6299,Yes,Medium,No,Month-to-month,DSL,Bank transfer (automatic),3,69.15
7032-LMBHI,0.1521,No,Low,No,One year,DSL,Bank transfer (automatic),37,64.65
1150-WFARN,0.2439,No,Low,Yes,Two year,Fiber optic,Credit card (automatic),67,108.75
6088-BXMRG,0.7413,Yes,High,No,Month-to-month,Fiber optic,Electronic check,32,98.85
3144-AUDBS,0.5755,Yes,Medium,Yes,Month-to-month,DSL,Electronic check,6,49.15
4821-SJHJV,0.593,Yes,Medium,No,Month-to-month,Fiber optic,Electronic check,32,89.6
7346-MEDWM,0.5005,Yes,Medium,No,Month-to-month,Fiber optic,Electronic check,59,83.25
1137-DGOWI,0.2572,No,Low,No,One year,DSL,Bank transfer (automatic),30,70.25
5616-PRTNT,0.1579,No,Low,Yes,Month-to-month,No,Electronic check,20,19.4
3812-LRZIR,0.103,No,Low,No,Two year,No,Electronic check,27,24.5
4818-QIUFN,0.6829,Yes,Medium,Yes,Month-to-month,Fiber optic,Electronic check,20,79.15
9483-GCPWE,0.0934,No,Low,No,One year,No,Mailed check,9,20.1
4227-OJHAL,0.1421,No,Low,No,One year,DSL,Credit card (automatic),68,73.0
9220-CXRSC,0.0571,No,Low,No,Two year,DSL,Credit card (automatic),69,61.4
4993-JCRGJ,0.5106,Yes,Medium,No,Month-to-month,Fiber optic,Mailed check,26,84.3
9537-JALFH,0.0129,No,Low,No,Two year,No,Bank transfer (automatic),69,19.9
6698-OXETB,0.0618,No,Low,No,Two year,No,Mailed check,11,20.4
2103-ZRXFN,0.7899,Yes,High,No,Month-to-month,DSL,Mailed check,1,50.75
3724-BSCVH,0.0974,No,Low,No,One year,No,Mailed check,10,20.45
4877-TSOFF,0.116,No,Low,No,One year,DSL,Bank transfer (automatic),55,75.75
9209-NWPGU,0.1805,No,Low,No,One year,DSL,Electronic check,44,65.4
6961-VCPMC,0.5834,Yes,Medium,Yes,Month-to-month,Fiber optic,Electronic check,46,80.4
7306-YDSOI,0.0523,No,Low,No,Two year,DSL,Bank transfer (automatic),69,59.75
5288-AHOUP,0.7915,Yes,High,No,Month-to-month,Fiber optic,Electronic check,11,78.5
6688-UZPWD,0.884,Yes,High,Yes,Month-to-month,Fiber optic,Electronic check,11,102.0
0655-YDGFJ,0.2946,No,Low,No,Month-to-month,DSL,Bank transfer (automatic),29,48.95
8468-EHYJA,0.5273,Yes,Medium,No,Month-to-month,Fiber optic,Electronic check,57,99.65
6823-SIDFQ,0.0356,No,Low,No,One year,No,Credit card (automatic),28,18.25
1097-FSPVW,0.3326,No,Low,No,Month-to-month,DSL,Credit card (automatic),42,54.55
2839-RFSQE,0.3634,No,Low,Yes,Month-to-month,No,Mailed check,2,20.65
8328-SKJNO,0.1295,No,Low,No,One year,DSL,Bank transfer (automatic),23,40.65
7010-ZMVBF,0.166,No,Low,No,Month-to-month,No,Mailed check,18,20.45
5201-CBWYG,0.0732,No,Low,No,One year,No,Bank transfer (automatic),62,24.8
0968-GSIKN,0.8494,Yes,High,Yes,Month-to-month,Fiber optic,Mailed check,1,70.8
1965-DDBWU,0.6258,Yes,Medium,Yes,Month-to-month,Fiber optic,Credit card (automatic),16,89.05
9057-SIHCH,0.9164,Yes,High,Yes,Month-to-month,Fiber optic,Electronic check,3,96.6
6352-GIGGQ,0.1759,No,Low,No,One year,DSL,Bank transfer (automatic),67,88.8
3635-QQRQD,0.0183,No,Low,No,Two year,No,Credit card (automatic),62,20.05
6771-XWBDM,0.6151,Yes,Medium,Yes,Month-to-month,Fiber optic,Credit card (automatic),57,104.5
2897-DOVND,0.8551,Yes,High,No,Month-to-month,Fiber optic,Electronic check,2,69.8
3082-YVEKW,0.1203,No,Low,No,Two year,DSL,Bank transfer (automatic),23,77.15
0191-EQUUH,0.1156,No,Low,No,Two year,DSL,Bank transfer (automatic),25,35.05
7134-HBPBS,0.2183,No,Low,No,Two year,Fiber optic,Bank transfer (automatic),72,108.1
3489-HHPFY,0.8621,Yes,High,No,Month-to-month,Fiber optic,Electronic check,2,84.05
2926-JEJJC,0.1645,No,Low,No,One year,No,Bank transfer (automatic),8,20.2
8601-QACRS,0.6231,Yes,Medium,Yes,Month-to-month,DSL,Mailed check,5,50.6
4950-BDEUX,0.4415,No,Medium,No,Month-to-month,DSL,Electronic check,35,49.2
5789-LDFXO,0.1157,No,Low,No,One year,No,Electronic check,24,24.6
0508-OOLTO,0.7717,Yes,High,No,Month-to-month,Fiber optic,Electronic check,2,71.65
2984-TBYKU,0.1128,No,Low,No,Two year,Fiber optic,Credit card (automatic),72,104.9
9822-WMWVG,0.5821,Yes,Medium,No,Month-to-month,Fiber optic,Electronic check,41,106.5
2391-SOORI,0.5579,Yes,Medium,Yes,Month-to-month,DSL,Electronic check,4,49.35
9040-KZVWO,0.333,No,Low,No,One year,Fiber optic,Bank transfer (automatic),26,75.5
2645-QTLMB,0.8578,Yes,High,Yes,Month-to-month,Fiber optic,Electronic check,7,94.25
4806-HIPDW,0.9076,Yes,High,Yes,Month-to-month,Fiber optic,Electronic check,1,68.95
1548-ARAGG,0.5797,Yes,Medium,No,Month-to-month,DSL,Mailed check,4,58.5
6339-RZCBJ,0.1211,No,Low,No,Two year,DSL,Credit card (automatic),48,78.9
4424-TKOPW,0.923,Yes,High,Yes,Month-to-month,Fiber optic,Electronic check,2,93.85
4415-WNGVR,0.3697,No,Low,No,One year,DSL,Electronic check,12,79.2
2522-AHJXR,0.4011,No,Medium,No,Month-to-month,Fiber optic,Bank transfer (automatic),60,109.45
0412-UCCNP,0.1173,No,Low,No,Two year,DSL,Electronic check,55,59.2
1816-FLZDK,0.6521,Yes,Medium,No,Month-to-month,DSL,Mailed check,1,29.15
7096-UCLNH,0.5828,Yes,Medium,No,Month-to-month,No,Mailed check,1,20.05
8443-ZRDBZ,0.8549,Yes,High,Yes,Month-to-month,Fiber optic,Electronic check,4,76.05
9136-ALYBR,0.7542,Yes,High,Yes,Month-to-month,DSL,Mailed check,1,24.45
4615-PIVVU,0.1466,No,Low,No,Two year,DSL,Credit card (automatic),42,66.5
8885-QSQBX,0.6044,Yes,Medium,No,Month-to-month,DSL,Bank transfer (automatic),1,49.55
7479-NITWS,0.8405,Yes,High,Yes,Month-to-month,Fiber optic,Credit card (automatic),7,89.35
8617-ENBDS,0.7713,Yes,High,No,Month-to-month,Fiber optic,Credit card (automatic),3,73.6
9385-NXKDA,0.0737,No,Low,No,Two year,DSL,Credit card (automatic),72,82.65
0430-IHCDJ,0.5581,Yes,Medium,No,Month-to-month,DSL,Electronic check,15,49.0
2959-MJHIC,0.8364,Yes,High,Yes,Month-to-month,Fiber optic,Electronic check,4,80.35
6674-KVJHG,0.1594,No,Low,No,One year,No,Electronic check,11,25.2
1814-DKOLC,0.2771,No,Low,No,Month-to-month,No,Mailed check,5,25.45
4201-JMNGR,0.6903,Yes,Medium,Yes,Month-to-month,DSL,Electronic check,1,55.8
9351-HXDMR,0.1437,No,Low,No,Two year,Fiber optic,Credit card (automatic),72,110.9
3537-HPKQT,0.4511,No,Medium,No,Month-to-month,Fiber optic,Credit card (automatic),55,77.75
2129-ALKBS,0.1927,No,Low,No,Month-to-month,No,Electronic check,40,26.2
5821-MMEIL,0.0171,No,Low,No,Two year,No,Bank transfer (automatic),57,19.9
5960-WPXQM,0.923,Yes,High,Yes,Month-to-month,Fiber optic,Electronic check,1,79.05
0684-AOSIH,0.8111,Yes,High,Yes,Month-to-month,Fiber optic,Electronic check,1,95.0
8260-NGFNY,0.7105,Yes,High,Yes,Month-to-month,DSL,Mailed check,1,25.2
1309-XGFSN,0.286,No,Low,No,One year,DSL,Electronic check,52,80.85
1866-RZZQS,0.7506,Yes,High,Yes,Month-to-month,Fiber optic,Electronic check,41,98.4
6968-URWQU,0.2328,No,Low,No,One year,DSL,Mailed check,43,56.35
4742-TXUEX,0.0221,No,Low,No,Two year,No,Bank transfer (automatic),47,19.3
9631-XEYKE,0.7147,Yes,High,No,Month-to-month,DSL,Bank transfer (automatic),3,50.4
8631-NBHFZ,0.0404,No,Low,Yes,Two year,DSL,Credit card (automatic),66,79.4
1335-MXCSE,0.0999,No,Low,No,Two year,DSL,Credit card (automatic),55,55.25
8873-TMKGR,0.0351,No,Low,No,One year,No,Mailed check,29,19.1
8800-JOOCF,0.8336,Yes,High,No,Month-to-month,Fiber optic,Electronic check,12,84.05
1469-LBJQJ,0.5969,Yes,Medium,No,Month-to-month,Fiber optic,Electronic check,66,105.2
4958-XCBDQ,0.7679,Yes,High,Yes,Month-to-month,Fiber optic,Electronic check,35,101.4
8337-UPOAQ,0.8685,Yes,High,Yes,Month-to-month,Fiber optic,Electronic check,10,89.8
0064-YIJGF,0.564,Yes,Medium,No,Month-to-month,Fiber optic,Bank transfer (automatic),27,75.75
2386-OWURY,0.5543,Yes,Medium,No,Month-to-month,Fiber optic,Electronic check,58,95.3
1725-IQNIY,0.2179,No,Low,Yes,Two year,Fiber optic,Bank transfer (automatic),54,109.75
0310-VQXAM,0.3039,No,Low,No,Month-to-month,No,Mailed check,9,19.85
6598-RFFVI,0.1821,No,Low,Yes,One year,No,Credit card (automatic),2,19.3
3453-RTHJQ,0.773,Yes,High,No,Month-to-month,Fiber optic,Electronic check,6,69.1
6712-OAWRH,0.7088,Yes,High,Yes,Month-to-month,Fiber optic,Electronic check,26,91.25
6278-FEPBZ,0.256,No,Low,No,Month-to-month,No,Mailed check,9,20.25
4280-DLSHD,0.4154,No,Medium,No,Month-to-month,DSL,Mailed check,8,54.75
1508-DFXCU,0.7878,Yes,High,No,Month-to-month,Fiber optic,Electronic check,12,81.45
8614-VGMMV,0.5563,Yes,Medium,Yes,Month-to-month,DSL,Electronic check,15,49.1
7868-BGSZA,0.2919,No,Low,No,One year,DSL,Electronic check,43,80.2
2800-QQUSO,0.7077,Yes,High,No,Month-to-month,Fiber optic,Electronic check,42,100.3
2930-UOTMB,0.2087,No,Low,Yes,Month-to-month,DSL,Credit card (automatic),31,65.25
7973-DZRKH,0.1281,No,Low,No,Two year,Fiber optic,Credit card (automatic),66,90.95
5914-DVBWJ,0.6608,Yes,Medium,Yes,Month-to-month,Fiber optic,Electronic check,18,85.45
7698-YFGEZ,0.5835,Yes,Medium,No,Month-to-month,No,Mailed check,1,20.0
2533-QVMSK,0.1854,No,Low,Yes,Two year,Fiber optic,Electronic check,61,94.1
9773-PEQBZ,0.7948,Yes,High,No,Month-to-month,Fiber optic,Electronic check,10,79.85
8644-XLFBW,0.89,Yes,High,Yes,Month-to-month,Fiber optic,Electronic check,1,71.65
0650-BWOZN,0.7256,Yes,High,No,Month-to-month,Fiber optic,Electronic check,18,73.55
8625-AZYZY,0.7806,Yes,High,Yes,Month-to-month,Fiber optic,Electronic check,24,104.65
7785-RDVIG,0.345,No,Low,No,Month-to-month,No,Mailed check,3,19.3
9602-WCXPI,0.0579,No,Low,No,One year,No,Credit card (automatic),50,20.15
2903-YYTBW,0.7683,Yes,High,No,Month-to-month,DSL,Electronic check,1,44.55
3620-MWJNE,0.6377,Yes,Medium,No,Month-to-month,DSL,Mailed check,2,54.45
8573-JGCZW,0.1022,No,Low,No,One year,No,Bank transfer (automatic),17,19.65
6837-HAEVO,0.3576,No,Low,No,Two year,Fiber optic,Electronic check,69,105.0
6701-YVNQG,0.0214,No,Low,No,Two year,DSL,Credit card (automatic),72,88.7
9306-CPCBC,0.8522,Yes,High,Yes,Month-to-month,Fiber optic,Electronic check,3,74.25
4304-XUMGI,0.0849,No,Low,No,Two year,DSL,Bank transfer (automatic),50,75.15
9504-YAZWB,0.0471,No,Low,No,Two year,No,Mailed check,53,20.25
8819-ZBYNA,0.2617,No,Low,No,Two year,Fiber optic,Credit card (automatic),58,109.1
6174-NRBTZ,0.2053,No,Low,No,One year,DSL,Bank transfer (automatic),46,30.75
9481-IEBZY,0.3642,No,Low,No,Month-to-month,Fiber optic,Credit card (automatic),72,112.9
1833-VGRUM,0.9099,Yes,High,Yes,Month-to-month,Fiber optic,Electronic check,1,74.2
6137-NICCO,0.8411,Yes,High,No,Month-to-month,Fiber optic,Mailed check,6,94.05
9065-ZCPQX,0.0369,No,Low,No,Two year,DSL,Bank transfer (automatic),72,78.85
6402-EJMWF,0.62,Yes,Medium,No,Month-to-month,DSL,Mailed check,4,55.3
3620-EHIMZ,0.0283,No,Low,No,Two year,No,Mailed check,52,19.35
3213-VVOLG,0.2021,No,Low,No,Two year,No,Mailed check,0,25.35
6870-ECSHE,0.1783,No,Low,No,One year,No,Mailed check,2,20.45
8747-UDCOI,0.0246,No,Low,No,Two year,No,Bank transfer (automatic),65,19.35
8374-XGEJJ,0.7478,Yes,High,Yes,Month-to-month,Fiber optic,Electronic check,43,101.0
2656-TABEH,0.9196,Yes,High,Yes,Month-to-month,Fiber optic,Electronic check,4,100.2
6946-LMSQS,0.4041,No,Medium,Yes,One year,Fiber optic,Electronic check,25,89.05
4626-OZDTJ,0.2101,No,Low,No,One year,DSL,Credit card (automatic),51,78.65
9169-BSVIN,0.567,Yes,Medium,No,Month-to-month,DSL,Bank transfer (automatic),12,74.75
2325-ZUSFD,0.1397,No,Low,Yes,One year,DSL,Bank transfer (automatic),57,70.1
8194-PEEBY,0.0397,No,Low,No,One year,No,Mailed check,24,19.9
6872-HXFNF,0.096,No,Low,No,One year,DSL,Bank transfer (automatic),64,58.35
3932-CMDTD,0.6572,Yes,Medium,Yes,One year,Fiber optic,Electronic check,4,105.65
7714-YXSMB,0.7237,Yes,High,No,Month-to-month,Fiber optic,Bank transfer (automatic),26,100.5
8387-UGUSU,0.1794,No,Low,No,Month-to-month,No,Mailed check,15,20.05
1080-BWSYE,0.0298,No,Low,No,Two year,No,Credit card (automatic),64,25.65
4039-HEUNW,0.7224,Yes,High,Yes,Month-to-month,Fiber optic,Electronic check,36,96.5
1194-HVAIF,0.6496,Yes,Medium,No,Month-to-month,Fiber optic,Credit card (automatic),27,95.0
0812-WUPTB,0.8591,Yes,High,Yes,Month-to-month,Fiber optic,Mailed check,1,70.85
3594-UVONA,0.2309,No,Low,Yes,One year,DSL,Credit card (automatic),35,85.95
0004-TLHLJ,0.7742,Yes,High,Yes,Month-to-month,Fiber optic,Electronic check,4,73.9
1767-TGTKO,0.6036,Yes,Medium,No,Month-to-month,DSL,Electronic check,8,45.45
8439-LTUGF,0.2985,No,Low,No,Month-to-month,No,Credit card (automatic),10,20.0
8805-JNRAZ,0.6416,Yes,Medium,No,Month-to-month,DSL,Mailed check,2,49.2
5089-IFSDP,0.2895,No,Low,Yes,Two year,Fiber optic,Bank transfer (automatic),58,109.45
6418-HNFED,0.0308,No,Low,No,Two year,DSL,Credit card (automatic),51,83.25
0206-OYVOC,0.0103,No,Low,No,Two year,No,Mailed check,46,19.25
7291-CDTMJ,0.5779,Yes,Medium,No,Month-to-month,No,Bank transfer (automatic),1,19.65
7128-GGCNO,0.5236,Yes,Medium,No,Month-to-month,Fiber optic,Bank transfer (automatic),46,72.8
0237-YFUTL,0.4069,No,Medium,No,Month-to-month,Fiber optic,Bank transfer (automatic),50,109.65
7691-KGKGP,0.238,No,Low,No,Month-to-month,DSL,Credit card (automatic),53,65.0
6710-HSJRD,0.5199,Yes,Medium,No,Month-to-month,Fiber optic,Electronic check,61,114.1
3675-EQOZA,0.2601,No,Low,No,Month-to-month,No,Bank transfer (automatic),5,20.65
0840-DCNZE,0.2798,No,Low,No,One year,DSL,Bank transfer (automatic),47,86.95
1732-FEKLD,0.3384,No,Low,No,One year,Fiber optic,Bank transfer (automatic),54,94.75
9862-KJTYK,0.4264,No,Medium,No,Month-to-month,DSL,Credit card (automatic),19,25.35
0479-HMSWA,0.3529,No,Low,No,Two year,Fiber optic,Electronic check,26,105.45
5854-KSRBJ,0.012,No,Low,No,Two year,No,Mailed check,70,25.4
0365-BZUWY,0.8291,Yes,High,No,Month-to-month,Fiber optic,Electronic check,17,102.55
4817-VYYWS,0.7759,Yes,High,Yes,Month-to-month,Fiber optic,Electronic check,30,100.2
5701-SVCWR,0.4591,No,Medium,No,Month-to-month,No,Mailed check,1,24.0
3129-AAQOU,0.0623,No,Low,No,Two year,No,Mailed check,19,25.6
4922-CVPDX,0.1786,No,Low,No,Two year,DSL,Credit card (automatic),26,73.5
1396-QWFBJ,0.557,Yes,Medium,Yes,Month-to-month,Fiber optic,Bank transfer (automatic),21,74.05
1357-BIJKI,0.4377,No,Medium,No,One year,Fiber optic,Electronic check,50,98.25
1099-BTKWT,0.1693,No,Low,No,One year,DSL,Electronic check,68,54.4
5299-SJCZT,0.9119,Yes,High,Yes,Month-to-month,Fiber optic,Bank transfer (automatic),3,101.55
2018-PZKMU,0.7778,Yes,High,No,Month-to-month,Fiber optic,Electronic check,9,103.1
7340-KEFQE,0.0809,No,Low,No,Two year,DSL,Bank transfer (automatic),51,34.2
4570-QHXHL,0.623,Yes,Medium,No,Month-to-month,DSL,Electronic check,9,43.75
2403-BCASL,0.4998,No,Medium,Yes,One year,Fiber optic,Electronic check,41,111.95
7392-YYPYJ,0.7907,Yes,High,No,Month-to-month,Fiber optic,Electronic check,22,100.65
2898-LSJGD,0.2739,No,Low,Yes,One year,DSL,Electronic check,21,55.95
2223-GDSHL,0.1034,No,Low,No,Two year,Fiber optic,Bank transfer (automatic),71,116.05
7359-PTSXY,0.7578,Yes,High,Yes,Month-to-month,DSL,Electronic check,1,45.75
9470-RTWDV,0.2073,No,Low,No,One year,DSL,Credit card (automatic),26,82.0
2176-OSJUV,0.039,No,Low,No,Two year,DSL,Bank transfer (automatic),71,65.15
9348-YVOMK,0.707,Yes,High,No,Month-to-month,DSL,Credit card (automatic),4,44.8
8104-OSKWT,0.7298,Yes,High,No,Month-to-month,Fiber optic,Electronic check,12,79.8
4521-YEEHE,0.703,Yes,High,No,Month-to-month,Fiber optic,Electronic check,18,88.85
4090-KPJIP,0.8605,Yes,High,No,Month-to-month,Fiber optic,Electronic check,3,74.95
3786-WOVKF,0.3508,No,Low,No,One year,Fiber optic,Bank transfer (automatic),72,106.85
4503-BDXBD,0.7154,Yes,High,Yes,Month-to-month,Fiber optic,Electronic check,11,74.95
6086-ESGRL,0.8724,Yes,High,Yes,Month-to-month,Fiber optic,Credit card (automatic),1,80.15
2592-HODOV,0.0779,No,Low,No,One year,No,Credit card (automatic),13,19.3
3886-CERTZ,0.3506,No,Low,Yes,One year,Fiber optic,Electronic check,72,109.25
7995-ZHHNZ,0.1564,No,Low,No,One year,DSL,Credit card (automatic),42,56.1
3824-RHKVR,0.223,No,Low,No,Month-to-month,No,Credit card (automatic),17,19.7
5816-SCGFC,0.4887,No,Medium,No,Month-to-month,DSL,Mailed check,7,51.3
5989-AXPUC,0.178,No,Low,No,Two year,Fiber optic,Mailed check,68,118.6
4979-HPRFL,0.028,No,Low,No,Two year,No,Bank transfer (automatic),56,24.15
8590-OHDIW,0.0224,No,Low,No,One year,No,Mailed check,38,20.3
8015-IHCGW,0.1431,No,Low,No,Two year,Fiber optic,Electronic check,72,115.5
2332-TODQS,0.0517,No,Low,No,One year,No,Credit card (automatic),48,25.05
9278-VZKCD,0.4876,No,Medium,No,Month-to-month,Fiber optic,Electronic check,52,109.1
8008-OTEZX,0.0283,No,Low,No,One year,No,Mailed check,35,19.65
2773-OVBPK,0.2872,No,Low,No,Two year,Fiber optic,Bank transfer (automatic),67,111.3
5999-LCXAO,0.6997,Yes,Medium,No,Month-to-month,DSL,Mailed check,1,29.9
5206-XZZQI,0.3838,No,Low,No,Month-to-month,Fiber optic,Mailed check,53,80.6
4803-LBYPN,0.1172,No,Low,No,Month-to-month,No,Mailed check,34,20.8
5759-RCVCB,0.6836,Yes,Medium,Yes,Month-to-month,DSL,Credit card (automatic),3,35.2
6372-RFVNS,0.9207,Yes,High,Yes,Month-to-month,Fiber optic,Electronic check,1,78.8
2139-FQHLM,0.5216,Yes,Medium,No,Month-to-month,Fiber optic,Mailed check,19,89.95
8261-GWDBQ,0.2204,No,Low,No,Two year,Fiber optic,Bank transfer (automatic),60,116.05
1093-YSWCA,0.0815,No,Low,No,Two year,No,Credit card (automatic),11,19.55
8938-UMKPI,0.6833,Yes,Medium,Yes,Month-to-month,Fiber optic,Electronic check,47,106.4
0991-BRRFB,0.4623,No,Medium,Yes,Month-to-month,DSL,Electronic check,18,49.4
3882-IYOIJ,0.1603,No,Low,No,Two year,Fiber optic,Credit card (automatic),60,115.25
8749-TZYEC,0.0154,No,Low,No,Two year,No,Credit card (automatic),72,24.8
1755-FZQEC,0.0238,No,Low,No,One year,No,Mailed check,39,19.9
3115-JPJDD,0.1626,No,Low,No,One year,Fiber optic,Credit card (automatic),59,81.25
5600-KTXFM,0.7733,Yes,High,No,Month-to-month,Fiber optic,Mailed check,2,69.95
3871-IKPYH,0.8638,Yes,High,Yes,Month-to-month,Fiber optic,Electronic check,1,69.1
6319-IEJWJ,0.7155,Yes,High,Yes,Month-to-month,Fiber optic,Electronic check,20,90.2
9025-AOMKI,0.9014,Yes,High,Yes,Month-to-month,Fiber optic,Bank transfer (automatic),6,93.55
6339-TBELP,0.1088,No,Low,No,Two year,Fiber optic,Credit card (automatic),71,86.4
7964-YESJC,0.2915,No,Low,No,Month-to-month,DSL,Mailed check,24,66.3
6173-GOLSU,0.5596,Yes,Medium,No,Month-to-month,Fiber optic,Credit card (automatic),67,94.65
5275-SQEIZ,0.8685,Yes,High,Yes,Month-to-month,Fiber optic,Mailed check,1,80.85
7716-YTYHG,0.3724,No,Low,Yes,One year,Fiber optic,Mailed check,48,82.05
9938-ZREHM,0.2092,No,Low,No,One year,DSL,Mailed check,37,72.1
7950-XWOVN,0.4965,No,Medium,No,Month-to-month,DSL,Mailed check,11,34.7
4390-KYULV,0.2463,No,Low,Yes,Month-to-month,No,Credit card (automatic),3,20.55
4647-MUZON,0.704,Yes,High,No,Month-to-month,Fiber optic,Credit card (automatic),18,95.95
9702-AIUJO,0.216,No,Low,No,One year,DSL,Bank transfer (automatic),50,44.8
8849-PRIQJ,0.3571,No,Low,No,One year,Fiber optic,Electronic check,67,109.4
8851-RAGOV,0.2747,No,Low,No,Month-to-month,DSL,Mailed check,25,71.05
1304-NECVQ,0.884,Yes,High,Yes,Month-to-month,Fiber optic,Electronic check,2,78.55
5396-IZEPB,0.2787,No,Low,No,Month-to-month,No,Credit card (automatic),9,19.7
1729-VLAZJ,0.2256,No,Low,No,One year,DSL,Mailed check,10,40.25
8285-ABVLB,0.0132,No,Low,No,Two year,No,Credit card (automatic),70,19.85
0701-TJSEF,0.3861,No,Low,No,Month-to-month,DSL,Bank transfer (automatic),9,68.25
5712-VBOXD,0.2443,No,Low,No,Month-to-month,No,Credit card (automatic),4,20.15
6629-LADHQ,0.5949,Yes,Medium,No,Month-to-month,DSL,Mailed check,2,50.95
8945-GRKHX,0.9101,Yes,High,Yes,Month-to-month,Fiber optic,Electronic check,1,78.65
1559-DTODC,0.4951,No,Medium,No,Month-to-month,DSL,Bank transfer (automatic),19,25.15
4797-MIWUM,0.2584,No,Low,No,Month-to-month,No,Bank transfer (automatic),7,20.25
6959-UWKHF,0.7929,Yes,High,Yes,Month-to-month,DSL,Electronic check,1,42.9
8720-RQSBJ,0.7526,Yes,High,No,Month-to-month,DSL,Electronic check,1,44.0
4537-CIBHB,0.1253,No,Low,No,One year,No,Mailed check,9,20.25
3815-SLMEF,0.5644,Yes,Medium,Yes,Month-to-month,DSL,Mailed check,3,34.25
5154-VEKBL,0.4466,No,Medium,Yes,Month-to-month,DSL,Mailed check,9,58.5
4324-AHJKS,0.4923,No,Medium,No,Month-to-month,DSL,Credit card (automatic),5,55.8
4355-CVPVS,0.3346,No,Low,No,One year,Fiber optic,Bank transfer (automatic),56,88.9
4495-LHSSK,0.3492,No,Low,No,Month-to-month,DSL,Mailed check,18,57.65
5655-JSMZM,0.7207,Yes,High,Yes,Month-to-month,Fiber optic,Electronic check,49,96.2
5915-ANOEI,0.0528,No,Low,No,Two year,DSL,Mailed check,70,79.15
9861-PDSZP,0.2021,No,Low,No,Two year,Fiber optic,Credit card (automatic),72,108.05
4505-EXZHB,0.7496,Yes,High,Yes,Month-to-month,Fiber optic,Electronic check,6,74.4
7225-CBZPL,0.8059,Yes,High,No,Month-to-month,Fiber optic,Electronic check,17,94.8
6704-UTUKK,0.4947,No,Medium,No,Month-to-month,DSL,Electronic check,29,45.9
4587-VVTOX,0.906,Yes,High,Yes,Month-to-month,Fiber optic,Electronic check,6,105.3
2019-HDCZY,0.3695,No,Low,No,Two year,Fiber optic,Electronic check,63,102.6
4652-NNHNY,0.6028,Yes,Medium,Yes,Month-to-month,Fiber optic,Bank transfer (automatic),16,73.85
8788-DOXSU,0.1938,No,Low,No,One year,DSL,Bank transfer (automatic),59,61.35
7404-JLKQG,0.7036,Yes,High,No,Month-to-month,DSL,Electronic check,3,57.55
7421-ZLUPA,0.6264,Yes,Medium,No,Month-to-month,DSL,Mailed check,8,29.25
8972-HJWNV,0.8835,Yes,High,Yes,Month-to-month,Fiber optic,Electronic check,7,84.55
3274-NSDWE,0.0133,No,Low,No,Two year,No,Credit card (automatic),68,19.6
2632-IVXVF,0.2132,No,Low,No,Two year,Fiber optic,Credit card (automatic),68,111.75
3692-JHONH,0.5344,Yes,Medium,No,One year,Fiber optic,Electronic check,52,106.5
8915-NNTRC,0.1246,No,Low,No,Two year,Fiber optic,Credit card (automatic),72,107.7
5914-GXMDA,0.0307,No,Low,No,One year,No,Mailed check,32,19.3
7463-IFMQU,0.0107,No,Low,No,Two year,No,Bank transfer (automatic),72,20.05
2920-RNCEZ,0.8675,Yes,High,No,Month-to-month,Fiber optic,Credit card (automatic),1,69.95
2541-YGPKE,0.2184,No,Low,No,One year,DSL,Credit card (automatic),42,63.7
8515-OCTJS,0.0552,No,Low,Yes,Two year,No,Credit card (automatic),25,24.75
5382-TEMLV,0.312,No,Low,No,Month-to-month,DSL,Bank transfer (automatic),45,50.9
3441-CGZJH,0.2189,No,Low,No,One year,DSL,Credit card (automatic),43,60.4
9592-ERDKV,0.1975,No,Low,No,One year,DSL,Mailed check,37,79.25
2860-RANUS,0.735,Yes,High,Yes,Month-to-month,Fiber optic,Credit card (automatic),20,85.8
5261-QSHQM,0.7656,Yes,High,Yes,Month-to-month,DSL,Electronic check,4,24.45
4778-IZARL,0.2091,No,Low,No,Two year,Fiber optic,Credit card (automatic),63,110.1
0432-CAJZV,0.8289,Yes,High,No,Month-to-month,Fiber optic,Mailed check,3,90.7
7008-LZVOZ,0.0238,No,Low,No,Two year,No,Credit card (automatic),66,25.3
8868-WOZGU,0.7885,Yes,High,Yes,Month-to-month,Fiber optic,Electronic check,28,105.7
1200-TUZHR,0.8684,Yes,High,No,Month-to-month,Fiber optic,Electronic check,8,85.2
9365-CSLBQ,0.011,No,Low,No,Two year,No,Mailed check,71,24.35
1334-FJSVR,0.8336,Yes,High,Yes,Month-to-month,DSL,Electronic check,1,24.25
5884-FBCTL,0.0078,No,Low,No,Two year,No,Bank transfer (automatic),72,25.1
7130-CTCUS,0.3859,No,Low,No,Month-to-month,DSL,Bank transfer (automatic),16,54.55
6242-FEGFD,0.1659,No,Low,No,Two year,Fiber optic,Mailed check,66,96.6
7625-XCQRH,0.7605,Yes,High,Yes,Month-to-month,Fiber optic,Electronic check,11,76.5
6194-HBGQN,0.191,No,Low,No,One year,DSL,Credit card (automatic),51,81.15
7634-WSWDB,0.5814,Yes,Medium,No,Month-to-month,DSL,Electronic check,8,38.5
6986-IXNDM,0.8261,Yes,High,No,Month-to-month,Fiber optic,Electronic check,14,92.9
1731-TVIUK,0.8303,Yes,High,Yes,Month-to-month,Fiber optic,Electronic check,4,93.5
2987-BJXIK,0.0894,No,Low,No,Two year,DSL,Mailed check,70,84.7
9769-TSBZE,0.0997,No,Low,No,Two year,DSL,Electronic check,70,66.0
0406-BPDVR,0.4229,No,Medium,Yes,One year,Fiber optic,Credit card (automatic),54,101.5
0618-XWMSS,0.484,No,Medium,Yes,Month-to-month,Fiber optic,Bank transfer (automatic),28,74.9
1395-WSWXR,0.0148,No,Low,No,Two year,No,Mailed check,24,20.75
6023-GSSXW,0.1374,No,Low,No,Two year,DSL,Credit card (automatic),69,61.45
6752-APNJL,0.2035,No,Low,No,Month-to-month,DSL,Mailed check,42,54.5
5276-KQWHG,0.7953,Yes,High,Yes,Month-to-month,Fiber optic,Electronic check,2,69.6
0420-HLGXF,0.7698,Yes,High,No,Month-to-month,Fiber optic,Electronic check,39,99.75
7446-KQISO,0.3472,No,Low,No,Two year,Fiber optic,Bank transfer (automatic),45,109.75
9823-EALYC,0.0404,No,Low,No,Two year,DSL,Bank transfer (automatic),72,80.85
0582-AVCLN,0.0102,No,Low,No,Two year,No,Mailed check,38,20.3
5803-NQJZO,0.0324,No,Low,No,Two year,DSL,Bank transfer (automatic),72,67.8
2565-JSLRY,0.3762,No,Low,Yes,Month-to-month,No,Mailed check,1,24.05
2607-DHDAK,0.0132,No,Low,No,Two year,No,Credit card (automatic),72,19.8
1073-XXCZD,0.0501,No,Low,No,Two year,No,Bank transfer (automatic),55,25.7
0743-HRVFF,0.2833,No,Low,No,One year,DSL,Electronic check,51,56.15
4006-HKYHO,0.0329,No,Low,No,Two year,DSL,Bank transfer (automatic),63,86.7
3727-JEZTU,0.5888,Yes,Medium,No,Month-to-month,No,Mailed check,1,20.4
8143-ETQTI,0.0247,No,Low,No,Two year,No,Mailed check,23,19.65
6689-KXGBO,0.666,Yes,Medium,Yes,Month-to-month,DSL,Electronic check,1,50.55
9667-TKTVZ,0.6438,Yes,Medium,No,Month-to-month,DSL,Mailed check,2,54.35
3657-COGMW,0.5302,Yes,Medium,No,Month-to-month,Fiber optic,Credit card (automatic),52,108.1
8570-KLJYJ,0.1087,No,Low,No,One year,DSL,Mailed check,36,54.45
7754-IXRMC,0.7638,Yes,High,No,Month-to-month,DSL,Mailed check,1,45.35
9473-CBZOP,0.1264,No,Low,No,One year,DSL,Mailed check,28,59.0
2969-WGHQO,0.3117,No,Low,No,One year,DSL,Electronic check,7,69.45
6615-NGGZJ,0.8387,Yes,High,Yes,Month-to-month,Fiber optic,Electronic check,14,100.55
4334-HOWRP,0.0675,No,Low,No,Two year,DSL,Credit card (automatic),72,64.95
4255-DDUOU,0.5345,Yes,Medium,Yes,Month-to-month,No,Mailed check,1,20.5
5863-OOKCL,0.2596,No,Low,No,Month-to-month,No,Mailed check,10,18.85
1686-STUHN,0.0427,No,Low,No,One year,No,Bank transfer (automatic),42,19.8
1329-VHWNP,0.6402,Yes,Medium,No,Month-to-month,DSL,Bank transfer (automatic),7,25.05
2984-MIIZL,0.7799,Yes,High,Yes,Month-to-month,Fiber optic,Bank transfer (automatic),4,74.8
0266-GMEAO,0.0675,No,Low,No,Two year,Fiber optic,Credit card (automatic),72,114.3
5590-YRFJT,0.5318,Yes,Medium,Yes,Month-to-month,DSL,Electronic check,20,24.45
5574-NXZIU,0.2365,No,Low,No,Two year,Fiber optic,Credit card (automatic),63,109.2
0019-GFNTW,0.0583,No,Low,No,Two year,DSL,Bank transfer (automatic),56,45.05
4256-ZWTZI,0.5536,Yes,Medium,No,Month-to-month,DSL,Mailed check,5,51.0
8309-PPCED,0.1535,No,Low,No,Two year,Fiber optic,Bank transfer (automatic),72,110.45
4098-NAUKP,0.4771,No,Medium,No,Month-to-month,Fiber optic,Electronic check,68,84.65
5196-WPYOW,0.0859,No,Low,No,One year,DSL,Mailed check,67,60.05
4608-LCIMN,0.4556,No,Medium,No,Month-to-month,DSL,Bank transfer (automatic),8,44.65
1485-YDHMM,0.4072,No,Medium,No,Month-to-month,Fiber optic,Bank transfer (automatic),52,93.25
4054-CUMIA,0.1952,No,Low,No,Month-to-month,No,Mailed check,18,20.25
0603-TPMIB,0.0141,No,Low,No,Two year,No,Mailed check,59,25.45
2525-GVKQU,0.0217,No,Low,No,Two year,No,Mailed check,60,20.6
8161-QYMTT,0.9033,Yes,High,No,Month-to-month,Fiber optic,Electronic check,7,94.1
9581-GVBXT,0.146,No,Low,No,One year,DSL,Mailed check,59,34.8
5862-BRIXZ,0.0772,No,Low,No,Two year,DSL,Bank transfer (automatic),46,60.75
5404-GGUKR,0.5993,Yes,Medium,No,Month-to-month,DSL,Electronic check,5,51.35
3308-JSGML,0.0947,No,Low,No,Two year,DSL,Credit card (automatic),59,64.05
2126-GSEGL,0.059,No,Low,No,Two year,DSL,Bank transfer (automatic),70,84.8
3677-TNKIO,0.6149,Yes,Medium,Yes,Month-to-month,Fiber optic,Credit card (automatic),14,71.0
0440-QEXBZ,0.2898,No,Low,No,Month-to-month,DSL,Mailed check,44,50.15
2434-EEVDB,0.1691,No,Low,No,Two year,Fiber optic,Credit card (automatic),64,94.6
6762-QVYJO,0.0441,No,Low,No,Two year,DSL,Mailed check,58,59.75
6199-IWKGC,0.4543,No,Medium,No,One year,Fiber optic,Electronic check,46,100.25
2675-DHUTR,0.6193,Yes,Medium,No,Month-to-month,Fiber optic,Electronic check,58,98.9
8152-VETUR,0.2177,No,Low,No,Two year,Fiber optic,Credit card (automatic),72,97.7
9667-EQRXU,0.4731,No,Medium,Yes,Month-to-month,DSL,Electronic check,30,40.3
7446-YPODE,0.4044,No,Medium,No,Month-to-month,DSL,Bank transfer (automatic),11,60.25
9522-BNTHX,0.4945,No,Medium,No,Month-to-month,DSL,Electronic check,34,56.25
4676-WLUHT,0.1196,No,Low,No,Two year,DSL,Bank transfer (automatic),54,46.2
3329-WDIOK,0.7176,Yes,High,Yes,Month-to-month,DSL,Electronic check,3,50.6
7980-MHFLQ,0.0075,No,Low,No,Two year,No,Mailed check,72,24.9
2873-ZLIWT,0.5736,Yes,Medium,Yes,Month-to-month,Fiber optic,Electronic check,40,84.85
3415-TAILE,0.6307,Yes,Medium,Yes,Month-to-month,DSL,Mailed check,2,65.7
0757-WCUUZ,0.0941,No,Low,No,Two year,DSL,Credit card (automatic),54,63.35
1629-DQQVB,0.4319,No,Medium,No,Month-to-month,DSL,Bank transfer (automatic),14,50.1
1915-IOFGU,0.8853,Yes,High,Yes,Month-to-month,Fiber optic,Electronic check,1,70.5
3045-XETSH,0.8495,Yes,High,Yes,Month-to-month,Fiber optic,Electronic check,10,94.85
0374-AACSZ,0.6564,Yes,Medium,No,Month-to-month,DSL,Electronic check,1,50.15
7239-HZZCX,0.5372,Yes,Medium,Yes,Month-to-month,No,Mailed check,1,19.75
4872-VXRIL,0.1197,No,Low,No,One year,DSL,Bank transfer (automatic),56,64.65
9140-CZQZZ,0.0741,No,Low,No,Two year,DSL,Bank transfer (automatic),68,79.6
3423-HHXAO,0.0768,No,Low,No,One year,No,Mailed check,14,19.5
9938-TKDGL,0.2099,No,Low,No,Two year,Fiber optic,Electronic check,68,99.55
0531-ZZJWQ,0.6146,Yes,Medium,No,Month-to-month,Fiber optic,Electronic check,55,74.0
6537-QLGEX,0.5614,Yes,Medium,No,Month-to-month,DSL,Electronic check,16,38.9
2688-BHGOG,0.8232,Yes,High,No,Month-to-month,Fiber optic,Electronic check,9,79.55
7683-CBDKJ,0.3682,No,Low,Yes,Month-to-month,DSL,Electronic check,14,65.45
0946-CLJTI,0.674,Yes,Medium,Yes,Month-to-month,Fiber optic,Electronic check,58,98.7
3160-TYXLT,0.3234,No,Low,No,Month-to-month,DSL,Bank transfer (automatic),53,46.3
1325-USMEC,0.139,No,Low,No,Two year,Fiber optic,Credit card (automatic),70,99.35
0916-QOFDP,0.8565,Yes,High,No,Month-to-month,Fiber optic,Electronic check,14,95.8
0628-CNQRM,0.1714,No,Low,Yes,One year,DSL,Bank transfer (automatic),22,67.5
5606-AMZBO,0.7183,Yes,High,No,Month-to-month,Fiber optic,Credit card (automatic),10,78.15
6199-IPCAO,0.0785,No,Low,No,Two year,No,Mailed check,29,26.1
7665-TOALD,0.9324,Yes,High,Yes,Month-to-month,Fiber optic,Electronic check,1,69.6
0112-QWPNC,0.1795,No,Low,Yes,One year,DSL,Electronic check,49,84.35
0324-BRPCJ,0.5965,Yes,Medium,Yes,Month-to-month,Fiber optic,Electronic check,68,100.2
2777-PHDEI,0.9103,Yes,High,Yes,Month-to-month,Fiber optic,Electronic check,1,78.05
5640-CAXOA,0.2561,No,Low,No,One year,DSL,Credit card (automatic),30,40.35
2235-EZAIK,0.0701,No,Low,No,Two year,DSL,Credit card (automatic),72,79.2
3847-BAERP,0.2061,No,Low,No,Month-to-month,No,Mailed check,10,20.9
1196-AMORA,0.8024,Yes,High,Yes,Month-to-month,Fiber optic,Electronic check,7,73.6
4282-YMKNA,0.7739,Yes,High,Yes,Month-to-month,Fiber optic,Electronic check,9,74.75
1453-RZFON,0.6069,Yes,Medium,No,Month-to-month,DSL,Mailed check,1,49.9
8263-OKETD,0.2977,No,Low,No,Month-to-month,DSL,Credit card (automatic),20,68.9
0670-KDOMA,0.5753,Yes,Medium,No,Month-to-month,No,Mailed check,1,20.25
2476-YGEFM,0.6636,Yes,Medium,No,Month-to-month,Fiber optic,Credit card (automatic),29,76.0
8687-BAFGU,0.7924,Yes,High,No,Month-to-month,Fiber optic,Electronic check,1,74.0
0641-EVBOJ,0.6917,Yes,Medium,No,Month-to-month,Fiber optic,Mailed check,3,82.3
0829-XXPLX,0.6194,Yes,Medium,No,Month-to-month,Fiber optic,Bank transfer (automatic),20,89.4
9974-JFBHQ,0.4441,No,Medium,No,Month-to-month,Fiber optic,Credit card (automatic),64,99.15
5356-RHIPP,0.5428,Yes,Medium,Yes,Month-to-month,No,Mailed check,1,20.2
6624-JDRDS,0.5148,Yes,Medium,No,Month-to-month,DSL,Bank transfer (automatic),6,29.45
0608-JDVEC,0.0474,No,Low,No,Two year,No,Electronic check,50,19.8
9780-FKVVF,0.462,No,Medium,No,Month-to-month,DSL,Bank transfer (automatic),6,59.15
1919-RTPQD,0.5389,Yes,Medium,No,Month-to-month,DSL,Electronic check,7,44.75
5214-NLTIT,0.1788,No,Low,No,Two year,Fiber optic,Credit card (automatic),72,90.8
3345-PBBFH,0.4712,No,Medium,No,Month-to-month,DSL,Bank transfer (automatic),8,49.55
5055-BRMNE,0.2296,No,Low,No,Two year,Fiber optic,Credit card (automatic),67,106.7
9189-JWSHV,0.77,Yes,High,Yes,Month-to-month,Fiber optic,Electronic check,24,93.55
2190-PHBHR,0.1462,No,Low,No,Two year,Fiber optic,Credit card (automatic),72,94.45
2650-GYRYL,0.0456,No,Low,No,One year,No,Bank transfer (automatic),33,19.45
0746-JTRFU,0.844,Yes,High,Yes,Month-to-month,DSL,Electronic check,2,25.05
5208-FVQKB,0.0434,No,Low,No,Two year,DSL,Mailed check,70,67.95
7184-LRUUR,0.2604,No,Low,No,One year,DSL,Bank transfer (automatic),22,65.25
6627-CFOSN,0.411,No,Medium,No,Month-to-month,Fiber optic,Bank transfer (automatic),59,99.45
3982-JGSFD,0.0404,No,Low,No,One year,No,Credit card (automatic),36,20.35
1574-DYCWE,0.0227,No,Low,No,Two year,No,Mailed check,51,19.95
7247-XOZPB,0.1218,No,Low,No,One year,DSL,Bank transfer (automatic),53,77.4
2466-FCCPT,0.0477,No,Low,No,One year,No,Bank transfer (automatic),20,19.7
6211-WWLTF,0.1866,No,Low,No,Two year,Fiber optic,Credit card (automatic),63,99.7
4826-TZEVA,0.586,Yes,Medium,No,Month-to-month,Fiber optic,Credit card (automatic),40,74.8
6016-NXBNJ,0.0294,No,Low,No,One year,No,Mailed check,35,19.15
9138-EFSMO,0.41,No,Medium,No,One year,Fiber optic,Bank transfer (automatic),26,78.95
0576-WNXXC,0.7731,Yes,High,Yes,Month-to-month,Fiber optic,Electronic check,27,95.55
4632-XJMEX,0.1348,No,Low,No,One year,DSL,Credit card (automatic),53,62.85
8910-LEDAG,0.5877,Yes,Medium,No,Month-to-month,Fiber optic,Credit card (automatic),34,71.55
3452-GWUIN,0.7952,Yes,High,No,Month-to-month,Fiber optic,Electronic check,19,94.95
2716-GFZOR,0.4256,No,Medium,No,Month-to-month,Fiber optic,Credit card (automatic),43,86.1
3724-UCSHY,0.2789,No,Low,No,Month-to-month,No,Mailed check,6,19.55
8626-XHBIE,0.0338,No,Low,No,Two year,No,Mailed check,56,24.8
4628-CTTLA,0.4219,No,Medium,Yes,Month-to-month,DSL,Electronic check,57,39.3
3192-LNKRK,0.5907,Yes,Medium,No,Month-to-month,Fiber optic,Mailed check,34,84.05
4439-YRNVD,0.4897,No,Medium,No,Month-to-month,DSL,Electronic check,10,36.25
2876-VBBBL,0.5239,Yes,Medium,Yes,Month-to-month,No,Mailed check,1,20.25
6834-NXDCA,0.6128,Yes,Medium,Yes,Month-to-month,DSL,Electronic check,13,23.9
2208-UGTGR,0.6338,Yes,Medium,No,Month-to-month,Fiber optic,Electronic check,56,98.6
3005-TYFRD,0.6184,Yes,Medium,No,Month-to-month,Fiber optic,Credit card (automatic),55,103.65
8670-MEFCP,0.1053,No,Low,No,Two year,DSL,Credit card (automatic),36,92.9
3079-BCHLN,0.0628,No,Low,No,One year,No,Bank transfer (automatic),47,19.9
7777-UNYHB,0.2858,No,Low,No,Month-to-month,No,Credit card (automatic),12,20.1
5597-GLBUC,0.9039,Yes,High,Yes,Month-to-month,Fiber optic,Electronic check,1,85.45
7278-CKDNC,0.7797,Yes,High,No,Month-to-month,Fiber optic,Electronic check,24,80.5
2748-MYRVK,0.4318,No,Medium,Yes,One year,Fiber optic,Bank transfer (automatic),63,99.9
8450-UYIBU,0.5275,Yes,Medium,No,Month-to-month,DSL,Electronic check,35,39.85
2969-VAPYH,0.1149,No,Low,No,One year,DSL,Credit card (automatic),67,60.5
4822-YCXMX,0.7449,Yes,High,Yes,Month-to-month,Fiber optic,Electronic check,25,84.8
7181-OQCUT,0.6715,Yes,Medium,No,Month-to-month,Fiber optic,Mailed check,21,103.85
8474-UMLNT,0.3134,No,Low,No,Month-to-month,DSL,Bank transfer (automatic),13,67.8
9821-POOTN,0.6886,Yes,Medium,Yes,Month-to-month,Fiber optic,Electronic check,35,75.2
3836-FZSDJ,0.0209,No,Low,No,Two year,No,Bank transfer (automatic),71,24.85
9142-XMYJH,0.1221,No,Low,No,Month-to-month,No,Credit card (automatic),29,19.35
6559-ILWKJ,0.1406,No,Low,Yes,Two year,DSL,Electronic check,71,49.35
0187-QSXOE,0.8599,Yes,High,No,Month-to-month,Fiber optic,Electronic check,7,89.0
7733-UDMTP,0.4724,No,Medium,No,Month-to-month,DSL,Electronic check,57,55.0
2649-HWLYB,0.0567,No,Low,No,Two year,DSL,Bank transfer (automatic),65,76.15
5214-CHIWJ,0.0426,No,Low,No,One year,No,Mailed check,27,20.3
4229-CZMLL,0.8374,Yes,High,Yes,Month-to-month,Fiber optic,Electronic check,6,74.9
6904-JLBGY,0.1019,No,Low,No,Two year,Fiber optic,Credit card (automatic),72,117.35
2465-BLLEU,0.6091,Yes,Medium,No,Month-to-month,No,Mailed check,1,19.75
1685-VAYJF,0.5846,Yes,Medium,No,Month-to-month,DSL,Credit card (automatic),11,45.2
8874-EJNSR,0.0262,No,Low,No,Two year,No,Mailed check,39,25.2
6917-YACBP,0.4208,No,Medium,No,Month-to-month,Fiber optic,Electronic check,59,89.75
5049-MUBWG,0.1883,No,Low,No,One year,DSL,Bank transfer (automatic),26,75.0
4223-WOZCM,0.7276,Yes,High,No,Month-to-month,DSL,Mailed check,2,49.95
0769-MURVM,0.0199,No,Low,No,Two year,DSL,Bank transfer (automatic),72,65.7
9253-VIFJQ,0.0991,No,Low,No,One year,DSL,Credit card (automatic),65,67.05
7030-FZTFM,0.1567,No,Low,No,Two year,Fiber optic,Credit card (automatic),72,110.9
9741-YLNTD,0.7932,Yes,High,No,Month-to-month,Fiber optic,Bank transfer (automatic),6,87.95
5917-RYRMG,0.0332,No,Low,No,One year,No,Credit card (automatic),32,19.8
5120-ZBLAI,0.2398,No,Low,No,One year,DSL,Bank transfer (automatic),50,75.7
1194-BHJYC,0.0456,No,Low,No,Two year,DSL,Mailed check,61,62.15
3663-MITLP,0.7744,Yes,High,Yes,Month-to-month,Fiber optic,Electronic check,15,101.25
0906-QVPMS,0.1165,No,Low,No,Two year,Fiber optic,Bank transfer (automatic),72,115.15
9025-ZRPVR,0.2941,No,Low,Yes,Month-to-month,No,Mailed check,9,18.95
1905-OEILC,0.5807,Yes,Medium,No,Month-to-month,No,Mailed check,1,19.5
7858-GTZSP,0.8494,Yes,High,No,Month-to-month,Fiber optic,Electronic check,12,86.55
3285-UCQVC,0.3126,No,Low,Yes,Month-to-month,DSL,Credit card (automatic),37,28.6
6248-BSHKG,0.0476,No,Low,No,One year,No,Mailed check,61,20.4
4685-TFLLS,0.0444,No,Low,No,One year,No,Bank transfer (automatic),18,19.8
3470-BTGQO,0.3732,No,Low,No,Month-to-month,DSL,Mailed check,21,45.65
1209-VFFOC,0.0284,No,Low,No,Two year,DSL,Mailed check,68,56.4
8224-DWCKX,0.7636,Yes,High,No,Month-to-month,Fiber optic,Credit card (automatic),12,73.3
5482-PLVPE,0.7994,Yes,High,Yes,Month-to-month,DSL,Electronic check,2,24.35
4553-DVPZG,0.6539,Yes,Medium,No,Month-to-month,Fiber optic,Electronic check,62,101.35
4902-OHLSK,0.6321,Yes,Medium,Yes,Month-to-month,Fiber optic,Electronic check,29,98.65
6917-IAYHD,0.6614,Yes,Medium,No,Month-to-month,DSL,Mailed check,1,33.6
0495-ZBNGW,0.8071,Yes,High,Yes,Month-to-month,Fiber optic,Bank transfer (automatic),5,79.9
8620-RJPZN,0.5006,Yes,Medium,No,Month-to-month,No,Electronic check,1,20.7
7572-KPVKK,0.3236,No,Low,No,Two year,Fiber optic,Electronic check,62,104.05
2642-MAWLJ,0.0173,No,Low,No,Two year,No,Bank transfer (automatic),36,20.25
2357-COQEK,0.6972,Yes,Medium,Yes,Month-to-month,Fiber optic,Electronic check,28,103.3
7103-ZGVNT,0.1457,No,Low,No,One year,DSL,Credit card (automatic),69,73.7
3737-GCSPV,0.723,Yes,High,Yes,Month-to-month,Fiber optic,Credit card (automatic),11,96.2
2027-WKXMW,0.5002,Yes,Medium,No,Month-to-month,Fiber optic,Electronic check,63,108.75
7137-NAXML,0.0682,No,Low,No,One year,No,Bank transfer (automatic),23,20.15
2428-ZMCTB,0.26,No,Low,No,Month-to-month,No,Credit card (automatic),10,19.75
2961-VNFKL,0.0084,No,Low,No,Two year,No,Credit card (automatic),71,25.95
1768-HNVGJ,0.3099,No,Low,No,Month-to-month,DSL,Electronic check,45,70.05
6963-KQYQB,0.0078,No,Low,No,Two year,No,Mailed check,70,24.05
5934-RMPOV,0.7566,Yes,High,No,Month-to-month,Fiber optic,Electronic check,22,84.75
1207-BLKSA,0.018,No,Low,No,Two year,No,Mailed check,52,23.05
4088-YLDSU,0.4476,No,Medium,Yes,One year,Fiber optic,Electronic check,55,104.15
8316-BBQAY,0.0589,No,Low,No,Two year,DSL,Credit card (automatic),65,59.95
1166-PQLGG,0.019,No,Low,No,Two year,No,Bank transfer (automatic),72,19.55
3146-JTQHR,0.1463,No,Low,No,One year,No,Bank transfer (automatic),10,19.6
4291-YZODP,0.1523,No,Low,No,One year,No,Mailed check,7,20.05
4395-PZMSN,0.8437,Yes,High,No,Month-to-month,Fiber optic,Electronic check,5,85.55
6427-FEFIG,0.1323,No,Low,No,Two year,DSL,Credit card (automatic),24,78.6
0017-IUDMW,0.0845,No,Low,No,Two year,Fiber optic,Credit card (automatic),72,116.8
8706-HRADD,0.3896,No,Low,No,Month-to-month,DSL,Mailed check,21,43.55
9955-QOPOY,0.1854,No,Low,No,One year,DSL,Credit card (automatic),69,60.8
4385-ZKVNW,0.2592,No,Low,No,Month-to-month,DSL,Bank transfer (automatic),44,54.9
5446-DKWYW,0.313,No,Low,No,One year,DSL,Electronic check,61,65.2
2034-CGRHZ,0.7181,Yes,High,Yes,Month-to-month,Fiber optic,Credit card (automatic),24,102.95
5797-APWZC,0.9042,Yes,High,Yes,Month-to-month,Fiber optic,Electronic check,1,90.6
3683-QKIUE,0.5743,Yes,Medium,Yes,Month-to-month,DSL,Bank transfer (automatic),6,50.8
4228-ZGYUW,0.8909,Yes,High,Yes,Month-to-month,Fiber optic,Electronic check,4,90.05
9031-ZVQPT,0.2798,No,Low,No,Two year,Fiber optic,Electronic check,72,108.2
2990-IAJSV,0.0338,No,Low,No,Two year,DSL,Bank transfer (automatic),72,92.0
8107-KNCIM,0.818,Yes,High,No,Month-to-month,Fiber optic,Electronic check,14,75.1
9027-YFHQJ,0.2779,No,Low,No,Month-to-month,No,Bank transfer (automatic),7,25.05
5176-LDKUH,0.3585,No,Low,No,One year,Fiber optic,Electronic check,48,75.15
4644-OBGFZ,0.0345,No,Low,No,One year,No,Mailed check,55,19.5
7926-IJOOU,0.4489,No,Medium,No,Month-to-month,No,Credit card (automatic),1,19.3
6480-YAGIY,0.3823,No,Low,No,One year,Fiber optic,Credit card (automatic),45,112.2
4029-HPFVY,0.7618,Yes,High,No,Month-to-month,Fiber optic,Mailed check,3,70.3
7602-DBTOU,0.0085,No,Low,No,Two year,No,Mailed check,71,19.6
5345-BMKWB,0.3016,No,Low,No,Month-to-month,No,Mailed check,8,20.25
3519-ZKXGG,0.8808,Yes,High,Yes,Month-to-month,Fiber optic,Electronic check,3,75.85
5457-COLHT,0.0655,No,Low,No,Two year,DSL,Bank transfer (automatic),69,80.65
6416-TVAIH,0.8479,Yes,High,Yes,Month-to-month,Fiber optic,Electronic check,1,68.5
5451-YHYPW,0.0741,No,Low,No,Two year,Fiber optic,Credit card (automatic),72,115.75
5108-ADXWO,0.6601,Yes,Medium,Yes,Month-to-month,Fiber optic,Electronic check,11,73.5
7998-WNZEM,0.0246,No,Low,No,Two year,DSL,Bank transfer (automatic),71,80.6
3066-RRJIO,0.8841,Yes,High,Yes,Month-to-month,Fiber optic,Mailed check,1,69.95
4664-NJCMS,0.0779,No,Low,No,Two year,DSL,Bank transfer (automatic),33,59.55
0307-BCOPK,0.0643,No,Low,No,One year,No,Mailed check,16,19.05
7629-WFGLW,0.239,No,Low,No,One year,Fiber optic,Electronic check,56,95.65
2542-HYGIQ,0.5179,Yes,Medium,No,Month-to-month,No,Credit card (automatic),1,19.95
6715-OFDBP,0.6125,Yes,Medium,Yes,Month-to-month,DSL,Electronic check,5,70.05
5016-LIPDW,0.065,No,Low,No,One year,No,Mailed check,57,19.4
6481-LXPWL,0.2138,No,Low,No,One year,DSL,Credit card (automatic),56,36.1
1567-DSCIC,0.8601,Yes,High,Yes,Month-to-month,Fiber optic,Electronic check,8,94.0
2150-UWTFY,0.2739,No,Low,Yes,Month-to-month,DSL,Mailed check,22,61.15
6124-ACRHJ,0.579,Yes,Medium,No,Month-to-month,No,Mailed check,1,19.75
9362-MWODR,0.3144,No,Low,No,Month-to-month,DSL,Credit card (automatic),40,64.1
9975-GPKZU,0.0226,No,Low,No,Two year,No,Credit card (automatic),46,19.75
9625-RZFUK,0.0261,No,Low,No,Two year,No,Mailed check,63,19.7
5153-LXKDT,0.2617,No,Low,No,Two year,Fiber optic,Electronic check,68,110.2
5161-UBZXI,0.2026,No,Low,No,Two year,Fiber optic,Credit card (automatic),69,106.35
1020-JPQOW,0.4089,No,Medium,No,Month-to-month,Fiber optic,Electronic check,56,90.55
7919-ZODZZ,0.3115,No,Low,No,One year,DSL,Mailed check,10,65.9
0565-JUPYD,0.2793,No,Low,No,One year,Fiber optic,Credit card (automatic),63,104.5
6867-ACCZI,0.0831,No,Low,No,Two year,DSL,Mailed check,24,52.5
5939-XAIXZ,0.3966,No,Low,No,Month-to-month,DSL,Mailed check,19,56.1
9054-FOWNV,0.7137,Yes,High,No,Month-to-month,Fiber optic,Electronic check,22,88.75
2683-BPJSO,0.5728,Yes,Medium,Yes,Month-to-month,Fiber optic,Electronic check,29,84.45
2157-MXBJS,0.4228,No,Medium,Yes,One year,DSL,Mailed check,13,75.3
8207-VVMYB,0.0364,No,Low,No,Two year,No,Bank transfer (automatic),70,26.0
9732-EQMWY,0.6316,Yes,Medium,No,Month-to-month,Fiber optic,Electronic check,49,99.4
9360-AHGNL,0.3835,No,Low,Yes,One year,Fiber optic,Mailed check,43,109.55
1087-UDSIH,0.3688,No,Low,Yes,Month-to-month,No,Mailed check,3,19.6
5269-NRGDP,0.2731,No,Low,No,One year,DSL,Electronic check,42,73.15
6195-MELTI,0.1783,No,Low,No,One year,DSL,Mailed check,57,54.65
5485-WUYWF,0.5599,Yes,Medium,Yes,Month-to-month,DSL,Bank transfer (automatic),2,66.4
2121-JAFOM,0.061,No,Low,No,Two year,Fiber optic,Credit card (automatic),72,115.55
8818-DOPVL,0.7526,Yes,High,No,Month-to-month,Fiber optic,Electronic check,46,104.45
2632-UCGVD,0.4717,No,Medium,Yes,Month-to-month,Fiber optic,Credit card (automatic),66,100.05
5445-PZWGX,0.3645,No,Low,Yes,One year,Fiber optic,Electronic check,62,102.0
1227-UDMZR,0.0283,No,Low,No,Two year,DSL,Bank transfer (automatic),72,91.15
5198-HQAEN,0.4105,No,Medium,No,One year,Fiber optic,Electronic check,35,89.7
9170-CCKOU,0.4935,No,Medium,Yes,Month-to-month,Fiber optic,Credit card (automatic),17,90.2
2167-FQSTQ,0.0965,No,Low,No,Two year,DSL,Electronic check,72,92.4
2819-GWENI,0.03,No,Low,No,One year,No,Mailed check,28,19.9
1043-YCUTE,0.0133,No,Low,Yes,Two year,No,Credit card (automatic),56,25.15
3814-MLAXC,0.489,No,Medium,Yes,Month-to-month,Fiber optic,Credit card (automatic),31,79.85
3572-UUHRS,0.06,No,Low,No,One year,No,Bank transfer (automatic),45,18.85
2692-PFYTJ,0.4723,No,Medium,No,Month-to-month,No,Mailed check,1,25.75
1226-UDFZR,0.6737,Yes,Medium,Yes,Month-to-month,DSL,Mailed check,2,49.6
5955-EPOAZ,0.2957,No,Low,No,Month-to-month,No,Mailed check,6,20.95
6821-JPCDC,0.3883,No,Low,No,One year,Fiber optic,Electronic check,48,97.05
8815-LMFLX,0.164,No,Low,No,Month-to-month,No,Bank transfer (automatic),25,25.4
9135-HSWOC,0.0178,No,Low,No,Two year,No,Bank transfer (automatic),64,19.7
8582-KRHPJ,0.2893,No,Low,No,Month-to-month,DSL,Mailed check,50,35.0
5811-IWXYM,0.4467,No,Medium,No,One year,Fiber optic,Bank transfer (automatic),52,101.25
7044-YAACC,0.8035,Yes,High,No,Month-to-month,Fiber optic,Electronic check,4,70.2
8189-XRIKE,0.6541,Yes,Medium,No,Month-to-month,Fiber optic,Electronic check,32,90.95
1506-YJTYT,0.0952,No,Low,No,Two year,DSL,Credit card (automatic),45,73.85
4123-DVHPH,0.7643,Yes,High,No,Month-to-month,Fiber optic,Electronic check,9,88.05
6425-YQLLO,0.3862,No,Low,Yes,One year,Fiber optic,Credit card (automatic),66,105.95
5442-UTCVD,0.8521,Yes,High,Yes,Month-to-month,Fiber optic,Electronic check,3,91.85
2228-BZDEE,0.0256,No,Low,No,Two year,No,Mailed check,54,20.1
7734-DBOAI,0.661,Yes,Medium,Yes,Month-to-month,DSL,Electronic check,1,40.1
2789-CZANW,0.2219,No,Low,No,Two year,Fiber optic,Bank transfer (automatic),64,110.3
2091-RFFBA,0.6825,Yes,Medium,Yes,Month-to-month,Fiber optic,Electronic check,31,73.9
2114-MGINA,0.7092,Yes,High,Yes,Month-to-month,Fiber optic,Mailed check,14,89.8
7596-LDUXP,0.4927,No,Medium,No,One year,Fiber optic,Credit card (automatic),12,85.15
3740-RLMVT,0.1327,No,Low,No,One year,DSL,Bank transfer (automatic),67,60.95
4489-SNOJF,0.2567,No,Low,Yes,Month-to-month,DSL,Electronic check,35,72.25
2192-OZITF,0.073,No,Low,No,Two year,DSL,Mailed check,45,73.55
5651-CPDND,0.5001,Yes,Medium,No,Month-to-month,DSL,Mailed check,10,46.0
2186-QZEYA,0.3594,No,Low,No,Month-to-month,DSL,Bank transfer (automatic),29,58.55
1131-ALZWV,0.0929,No,Low,No,One year,No,Bank transfer (automatic),24,24.6
7729-XBTWX,0.0108,No,Low,No,Two year,No,Mailed check,66,19.75
9134-WYRVP,0.2629,No,Low,No,One year,Fiber optic,Mailed check,51,86.35
3284-SVCRO,0.0325,No,Low,No,Two year,No,Mailed check,45,25.5
9732-OUYRN,0.0669,No,Low,No,One year,No,Credit card (automatic),49,19.0
0559-CKHUS,0.0424,No,Low,No,Two year,No,Mailed check,29,19.55
2931-SVLTV,0.558,Yes,Medium,No,Month-to-month,Fiber optic,Credit card (automatic),40,110.1
6899-PPEEA,0.7397,Yes,High,Yes,Month-to-month,Fiber optic,Electronic check,37,96.55
7504-UWHNB,0.5988,Yes,Medium,No,Month-to-month,Fiber optic,Electronic check,25,69.75
2582-FFFZR,0.5812,Yes,Medium,No,Month-to-month,DSL,Electronic check,22,50.6
8908-NMQTX,0.0208,No,Low,No,Two year,DSL,Bank transfer (automatic),72,65.6
2187-LZGPL,0.5966,Yes,Medium,Yes,Month-to-month,DSL,Credit card (automatic),7,40.1
1431-AIDJQ,0.1354,No,Low,No,Two year,DSL,Credit card (automatic),33,82.1
6288-LBEAR,0.4945,No,Medium,No,Month-to-month,Fiber optic,Mailed check,23,79.1
4597-NUCQV,0.8053,Yes,High,Yes,Month-to-month,Fiber optic,Electronic check,24,101.25
9019-QVLZD,0.9111,Yes,High,Yes,Month-to-month,Fiber optic,Electronic check,1,79.55
8413-YNHNV,0.0378,No,Low,No,Two year,DSL,Mailed check,69,90.65
5808-TOTXO,0.1739,No,Low,No,One year,No,Credit card (automatic),3,20.55
4369-NYSCF,0.1743,No,Low,No,One year,DSL,Bank transfer (automatic),56,75.75
6333-YDVLT,0.3515,No,Low,No,One year,Fiber optic,Credit card (automatic),65,110.0
5324-KTGCG,0.0566,No,Low,No,One year,No,Electronic check,71,20.85
5599-HVLTW,0.7826,Yes,High,No,Month-to-month,Fiber optic,Bank transfer (automatic),14,80.35
7394-LWLYN,0.8324,Yes,High,No,Month-to-month,Fiber optic,Electronic check,2,70.15
3707-LRWZD,0.3706,No,Low,Yes,One year,Fiber optic,Electronic check,32,84.05
6873-UDNLD,0.3338,No,Low,No,Month-to-month,DSL,Electronic check,40,67.45
2700-LUEVA,0.4517,No,Medium,No,Month-to-month,No,Credit card (automatic),1,20.75
1455-ESIQH,0.9178,Yes,High,Yes,Month-to-month,Fiber optic,Electronic check,1,89.1
0958-YHXGP,0.741,Yes,High,No,Month-to-month,Fiber optic,Mailed check,7,69.9
1101-SSWAG,0.5373,Yes,Medium,No,Month-to-month,DSL,Electronic check,15,51.1
2979-SXESE,0.7251,Yes,High,Yes,Month-to-month,Fiber optic,Electronic check,17,94.4
4013-TLDHQ,0.6776,Yes,Medium,Yes,Month-to-month,Fiber optic,Electronic check,19,78.25
5743-KHMNA,0.0321,No,Low,No,Two year,No,Bank transfer (automatic),71,25.55
4194-FJARJ,0.0796,No,Low,No,Two year,DSL,Bank transfer (automatic),54,60.0
5325-UWTWJ,0.4279,No,Medium,No,Month-to-month,Fiber optic,Credit card (automatic),31,90.55
3969-GYXEL,0.6932,Yes,Medium,No,Month-to-month,Fiber optic,Electronic check,11,76.4
9208-OLGAQ,0.7417,Yes,High,No,Month-to-month,Fiber optic,Electronic check,18,84.95
3244-CQPHU,0.1591,No,Low,No,Two year,Fiber optic,Bank transfer (automatic),72,110.1
2674-MLXMN,0.5216,Yes,Medium,No,Month-to-month,Fiber optic,Credit card (automatic),71,99.65
9708-HPXWZ,0.6441,Yes,Medium,No,Month-to-month,DSL,Credit card (automatic),5,45.4
6992-TKNYO,0.2511,No,Low,No,One year,DSL,Credit card (automatic),38,69.0
4468-YDOVK,0.621,Yes,Medium,No,Month-to-month,DSL,Bank transfer (automatic),5,48.65
3754-DXMRT,0.7768,Yes,High,Yes,Month-to-month,DSL,Electronic check,2,44.15
5792-JALQC,0.0853,No,Low,No,Two year,DSL,Bank transfer (automatic),52,59.85
7130-VTEWQ,0.8306,Yes,High,Yes,Month-to-month,Fiber optic,Electronic check,8,75.75
2200-DSAAL,0.1555,No,Low,No,Two year,DSL,Electronic check,68,80.65
4302-ZYFEL,0.0417,No,Low,No,One year,No,Credit card (automatic),69,20.55
9351-LZYGF,0.1975,No,Low,No,Month-to-month,DSL,Credit card (automatic),42,66.4
4366-CTOUZ,0.2708,No,Low,No,Two year,Fiber optic,Mailed check,50,100.2
6121-VZNQB,0.5503,Yes,Medium,Yes,Month-to-month,No,Mailed check,1,19.1
7903-CMPEY,0.7807,Yes,High,Yes,Month-to-month,Fiber optic,Electronic check,1,80.3
1518-OMDIK,0.3257,No,Low,No,Month-to-month,DSL,Credit card (automatic),33,44.55
6671-NGWON,0.2972,No,Low,No,Month-to-month,No,Mailed check,7,20.35
0595-ITUDF,0.3818,No,Low,No,Month-to-month,Fiber optic,Electronic check,64,91.8
6996-KNSML,0.8871,Yes,High,Yes,Month-to-month,Fiber optic,Electronic check,1,74.9
1955-IBMMB,0.0284,No,Low,No,Two year,No,Bank transfer (automatic),59,20.2
0096-BXERS,0.5906,Yes,Medium,No,Month-to-month,DSL,Electronic check,6,50.35
3806-YAZOV,0.3241,No,Low,No,Month-to-month,No,Mailed check,3,18.8
7998-ZLXWN,0.1959,No,Low,No,Month-to-month,No,Credit card (automatic),15,20.45
6253-WRFHY,0.4422,No,Medium,No,One year,DSL,Electronic check,13,64.75
9133-AYJZG,0.7174,Yes,High,No,Month-to-month,Fiber optic,Credit card (automatic),23,98.7
2675-OTVVJ,0.6008,Yes,Medium,No,Month-to-month,Fiber optic,Electronic check,31,89.45
8680-CGLTP,0.1906,No,Low,No,One year,DSL,Electronic check,29,58.75
8430-TWCBX,0.0659,No,Low,No,One year,No,Credit card (automatic),49,20.7
5018-GWURO,0.4797,No,Medium,No,Month-to-month,Fiber optic,Bank transfer (automatic),56,85.6
6741-QRLUP,0.0559,No,Low,No,Two year,DSL,Credit card (automatic),63,80.3
4737-HOBAX,0.0764,No,Low,No,Two year,DSL,Credit card (automatic),63,79.8
0537-QYZZN,0.6541,Yes,Medium,No,Month-to-month,Fiber optic,Electronic check,24,79.85
3340-QBBFM,0.1987,No,Low,No,One year,DSL,Credit card (automatic),36,54.1
1704-NRWYE,0.836,Yes,High,Yes,Month-to-month,Fiber optic,Electronic check,9,80.85
2592-SEIFQ,0.7269,Yes,High,Yes,Month-to-month,DSL,Electronic check,3,24.75
8200-KLNYW,0.2537,No,Low,No,One year,DSL,Mailed check,21,80.9
3372-CDXFJ,0.1095,No,Low,No,One year,No,Bank transfer (automatic),13,24.5
4781-ZXYGU,0.5821,Yes,Medium,No,Month-to-month,No,Bank transfer (automatic),1,20.15
7632-YUTXB,0.0263,No,Low,No,One year,No,Mailed check,25,20.05
2718-YSKCS,0.0244,No,Low,No,Two year,No,Bank transfer (automatic),71,19.6
9896-UYMIE,0.3892,No,Low,No,One year,Fiber optic,Bank transfer (automatic),66,114.3
0853-NWIFK,0.4336,No,Medium,No,One year,Fiber optic,Electronic check,45,100.3
8212-CRQXP,0.5983,Yes,Medium,No,Month-to-month,Fiber optic,Credit card (automatic),22,80.0
6980-CDGFC,0.0885,No,Low,No,One year,No,Bank transfer (automatic),67,20.85
7691-XVTZH,0.2061,No,Low,No,Two year,Fiber optic,Bank transfer (automatic),68,89.95
2520-SGTTA,0.2052,No,Low,No,Two year,No,Mailed check,0,20.0
7481-ATQQS,0.5035,Yes,Medium,Yes,Month-to-month,Fiber optic,Credit card (automatic),49,90.85
2277-VWCNI,0.7092,Yes,High,No,Month-to-month,DSL,Mailed check,4,48.75
1088-CNNKB,0.1216,No,Low,No,One year,DSL,Credit card (automatic),63,80.0
8642-GVWRF,0.8207,Yes,High,Yes,Month-to-month,Fiber optic,Bank transfer (automatic),2,79.7
1930-BZLHI,0.0243,No,Low,No,One year,No,Mailed check,21,20.35
3400-ESFUW,0.0364,No,Low,Yes,Two year,DSL,Bank transfer (automatic),55,57.55
5868-YTYKS,0.5897,Yes,Medium,No,Month-to-month,No,Mailed check,1,20.25
3525-DVKFN,0.0352,No,Low,No,Two year,No,Mailed check,17,19.4
1482-OXZSY,0.6203,Yes,Medium,No,Month-to-month,Fiber optic,Bank transfer (automatic),30,100.4
0377-JBKKT,0.2747,No,Low,No,Month-to-month,DSL,Mailed check,22,57.95
5778-BVOFB,0.5088,Yes,Medium,No,Month-to-month,DSL,Bank transfer (automatic),9,59.5
3373-YZZYM,0.5197,Yes,Medium,No,Month-to-month,No,Mailed check,1,19.2
2057-ZBLPD,0.7434,Yes,High,Yes,Month-to-month,Fiber optic,Electronic check,21,86.5
0228-MAUWC,0.4046,No,Medium,No,Month-to-month,DSL,Electronic check,19,59.55
5502-RLUYV,0.5692,Yes,Medium,Yes,Month-to-month,Fiber optic,Electronic check,69,103.95
0023-HGHWL,0.8233,Yes,High,Yes,Month-to-month,DSL,Electronic check,1,25.1
7663-YJHSN,0.1431,No,Low,No,Two year,Fiber optic,Bank transfer (automatic),72,103.95
4915-BFSXL,0.0858,No,Low,No,Two year,DSL,Credit card (automatic),70,68.95
3086-RUCRN,0.3217,No,Low,No,Month-to-month,Fiber optic,Bank transfer (automatic),66,103.1
5215-LNLDJ,0.6999,Yes,Medium,No,Month-to-month,DSL,Electronic check,7,24.7
7576-JMYWV,0.534,Yes,Medium,No,Month-to-month,Fiber optic,Electronic check,46,110.2
9039-RBEEE,0.2582,No,Low,Yes,Month-to-month,DSL,Credit card (automatic),39,48.95
0257-KXZGU,0.2662,No,Low,No,Month-to-month,DSL,Bank transfer (automatic),32,62.45
1307-ATKGB,0.7235,Yes,High,No,Month-to-month,Fiber optic,Electronic check,24,89.55
8417-FMLZI,0.779,Yes,High,Yes,Month-to-month,Fiber optic,Credit card (automatic),6,83.55
3714-XPXBW,0.2512,No,Low,No,Month-to-month,DSL,Credit card (automatic),37,78.9
1850-AKQEP,0.2462,No,Low,No,Month-to-month,No,Mailed check,8,20.35
2824-DXNKN,0.0706,No,Low,No,Two year,DSL,Bank transfer (automatic),72,71.45
5227-JSCFE,0.0764,No,Low,No,Two year,DSL,Credit card (automatic),71,46.35
0848-ZGQIJ,0.7072,Yes,High,No,Month-to-month,Fiber optic,Bank transfer (automatic),16,94.65
3621-CHYVB,0.2379,No,Low,No,Month-to-month,DSL,Bank transfer (automatic),57,49.9
8042-RNLKO,0.0935,No,Low,No,One year,No,Bank transfer (automatic),66,25.45
1792-UXAFY,0.6854,Yes,Medium,Yes,Month-to-month,Fiber optic,Electronic check,17,89.15
5372-FBKBN,0.1479,No,Low,No,Month-to-month,No,Mailed check,21,20.75
0420-TXVSG,0.0489,No,Low,No,Two year,DSL,Credit card (automatic),66,66.1
6217-TOWGS,0.4439,No,Medium,No,Month-to-month,DSL,Bank transfer (automatic),17,75.4
0515-YPMCW,0.8391,Yes,High,Yes,Month-to-month,Fiber optic,Mailed check,1,70.45
0378-XSZPU,0.0671,No,Low,Yes,One year,DSL,Credit card (automatic),58,60.3
1045-LTCYT,0.2734,No,Low,No,Month-to-month,No,Credit card (automatic),8,21.05
1544-JJMYL,0.1657,No,Low,No,One year,DSL,Credit card (automatic),27,69.35
4636-JGAAI,0.5901,Yes,Medium,No,Month-to-month,Fiber optic,Mailed check,34,88.85
6874-SGLHU,0.4383,No,Medium,No,One year,Fiber optic,Bank transfer (automatic),30,97.0
5951-AOFIH,0.3395,No,Low,No,Month-to-month,DSL,Credit card (automatic),33,66.4
4729-XKASR,0.771,Yes,High,Yes,Month-to-month,DSL,Electronic check,1,24.75
3059-NGMXB,0.3556,No,Low,No,Month-to-month,DSL,Mailed check,14,69.2
8652-YHIYU,0.4058,No,Medium,No,One year,Fiber optic,Credit card (automatic),16,79.5
5278-PNYOX,0.2597,No,Low,No,Two year,Fiber optic,Credit card (automatic),49,100.65
5449-FIBXJ,0.707,Yes,High,Yes,Month-to-month,Fiber optic,Electronic check,19,103.3
3486-HOOGQ,0.0498,No,Low,No,Two year,DSL,Bank transfer (automatic),70,79.7
5061-PBXFW,0.1901,No,Low,No,Month-to-month,DSL,Bank transfer (automatic),32,61.4
8630-FJLIB,0.6659,Yes,Medium,No,Month-to-month,Fiber optic,Electronic check,18,69.8
3891-NLXJB,0.0767,No,Low,No,Two year,DSL,Mailed check,37,40.55
4749-OJKQU,0.8698,Yes,High,No,Month-to-month,Fiber optic,Electronic check,4,75.65
0577-WHMEV,0.6706,Yes,Medium,No,Month-to-month,Fiber optic,Electronic check,16,90.7
5453-AXEPF,0.6861,Yes,Medium,No,Month-to-month,Fiber optic,Bank transfer (automatic),17,80.5
3639-XJHKQ,0.4151,No,Medium,No,Month-to-month,DSL,Electronic check,19,60.6
3716-LRGXK,0.2843,No,Low,No,Two year,Fiber optic,Credit card (automatic),60,101.15
2263-SFSQZ,0.0382,No,Low,No,Two year,No,Mailed check,51,24.95
9950-MTGYX,0.031,No,Low,No,Two year,No,Credit card (automatic),28,20.3
3397-AVTKU,0.2466,No,Low,No,Two year,DSL,Electronic check,43,60.0
4825-FUREZ,0.032,No,Low,No,Two year,No,Electronic check,42,20.25
9837-BMCLM,0.8607,Yes,High,Yes,Month-to-month,Fiber optic,Electronic check,3,78.5
2672-OJQZP,0.7329,Yes,High,No,Month-to-month,DSL,Mailed check,1,44.75
0137-UDEUO,0.292,No,Low,Yes,Month-to-month,No,Mailed check,3,19.85
3134-DSHVC,0.1807,No,Low,No,Two year,Fiber optic,Credit card (automatic),63,98.0
6161-UUUTA,0.8825,Yes,High,Yes,Month-to-month,Fiber optic,Electronic check,3,79.9
7821-DPRQE,0.3922,No,Low,No,Month-to-month,Fiber optic,Electronic check,68,107.7
6543-XRMYR,0.773,Yes,High,Yes,Month-to-month,Fiber optic,Electronic check,30,99.7
2001-EWBQU,0.3539,No,Low,No,Two year,Fiber optic,Electronic check,60,104.7
4925-LMHOK,0.3545,No,Low,Yes,Month-to-month,DSL,Credit card (automatic),15,58.6
1608-GMEWB,0.6895,Yes,Medium,No,Month-to-month,Fiber optic,Bank transfer (automatic),45,93.9
6695-AMZUF,0.0282,No,Low,No,Two year,DSL,Credit card (automatic),70,86.45
1455-UGQVH,0.9212,Yes,High,Yes,Month-to-month,Fiber optic,Electronic check,10,98.5
8410-BGQXN,0.3183,No,Low,No,Month-to-month,No,Mailed check,4,19.4
8280-MQRQN,0.7586,Yes,High,Yes,Month-to-month,DSL,Mailed check,1,50.45
1619-YWUBB,0.0389,No,Low,No,Two year,No,Credit card (automatic),68,24.95
7611-YKYTC,0.5558,Yes,Medium,No,Month-to-month,Fiber optic,Bank transfer (automatic),22,75.0
2037-SGXHH,0.647,Yes,Medium,Yes,Month-to-month,Fiber optic,Electronic check,38,94.65
3178-FESZO,0.8999,Yes,High,Yes,Month-to-month,Fiber optic,Credit card (automatic),1,100.25
0365-GXEZS,0.6129,Yes,Medium,No,Month-to-month,Fiber optic,Electronic check,18,78.2
0082-OQIQY,0.6286,Yes,Medium,No,Month-to-month,Fiber optic,Electronic check,29,94.2
6087-MVHJH,0.7653,Yes,High,Yes,Month-to-month,Fiber optic,Electronic check,16,88.45
4603-JANFB,0.9204,Yes,High,Yes,Month-to-month,Fiber optic,Electronic check,1,69.85
3018-TFTSU,0.6442,Yes,Medium,Yes,Month-to-month,Fiber optic,Bank transfer (automatic),12,81.7
3606-SBKRY,0.3568,No,Low,No,One year,DSL,Electronic check,31,50.05
4806-KEXQR,0.8476,Yes,High,Yes,Month-to-month,Fiber optic,Electronic check,4,79.9
0667-NSRGI,0.2425,No,Low,No,One year,DSL,Mailed check,48,69.55
7083-YNSKY,0.1981,No,Low,Yes,Month-to-month,No,Credit card (automatic),15,25.4
6893-ODYYE,0.1513,No,Low,No,One year,Fiber optic,Credit card (automatic),50,90.1
8242-JSVBO,0.5964,Yes,Medium,No,Month-to-month,DSL,Bank transfer (automatic),7,44.65
2479-BRAMR,0.4898,No,Medium,Yes,Month-to-month,Fiber optic,Bank transfer (automatic),41,83.75
9541-ZPSEA,0.0896,No,Low,No,Two year,Fiber optic,Credit card (automatic),68,80.35
2665-NPTGL,0.7322,Yes,High,No,Month-to-month,Fiber optic,Bank transfer (automatic),26,98.1
1139-WUOAH,0.1003,No,Low,No,Two year,DSL,Credit card (automatic),57,53.35
4693-VWVBO,0.4377,No,Medium,No,Month-to-month,No,Electronic check,3,19.55
7434-SHXLS,0.4877,No,Medium,Yes,Month-to-month,No,Mailed check,1,20.9
6937-GCDGQ,0.2734,No,Low,No,One year,DSL,Bank transfer (automatic),19,48.95
0988-JRWWP,0.7257,Yes,High,No,Month-to-month,DSL,Electronic check,3,54.2
5075-JSDKI,0.0445,No,Low,No,Two year,No,Electronic check,59,24.45
7908-QCBCA,0.8592,Yes,High,Yes,Month-to-month,Fiber optic,Mailed check,1,69.4
8644-XYTSV,0.3706,No,Low,No,Month-to-month,DSL,Bank transfer (automatic),42,40.15
6711-FLDFB,0.8133,Yes,High,Yes,Month-to-month,Fiber optic,Electronic check,7,74.9
3873-WOSBC,0.0202,No,Low,No,Two year,No,Credit card (automatic),67,25.6
7465-ZZRVX,0.9073,Yes,High,No,Month-to-month,Fiber optic,Electronic check,1,70.35
7975-JMZNT,0.0517,No,Low,No,Two year,DSL,Bank transfer (automatic),66,91.7
7251-XFOIL,0.4241,No,Medium,No,Month-to-month,Fiber optic,Mailed check,61,89.2
4116-IQRFR,0.1628,No,Low,No,One year,No,Credit card (automatic),4,24.1
3714-JTVOV,0.5613,Yes,Medium,Yes,Month-to-month,Fiber optic,Credit card (automatic),42,74.15
8259-DZLIZ,0.1938,No,Low,No,One year,DSL,Bank transfer (automatic),64,53.85
0442-ZXKVS,0.4094,No,Medium,No,One year,Fiber optic,Bank transfer (automatic),54,115.6
7853-WNZSY,0.5381,Yes,Medium,No,Month-to-month,No,Credit card (automatic),1,19.75
3120-FAZKD,0.0438,No,Low,No,Two year,No,Bank transfer (automatic),54,24.05
8606-OEGQZ,0.0752,No,Low,No,Two year,No,Credit card (automatic),18,25.3
0225-ZORZP,0.8112,Yes,High,No,Month-to-month,Fiber optic,Electronic check,3,84.3
4702-IOQDC,0.9053,Yes,High,Yes,Month-to-month,Fiber optic,Electronic check,1,70.1
9489-JMTTN,0.0506,No,Low,No,Two year,DSL,Credit card (automatic),72,89.75
0575-CUQOV,0.4459,No,Medium,No,One year,Fiber optic,Electronic check,60,97.95
0967-BMLBD,0.1428,No,Low,No,One year,No,Mailed check,11,20.0
6178-KFNHS,0.692,Yes,Medium,Yes,Month-to-month,Fiber optic,Electronic check,12,78.3
2830-LEWOA,0.3316,No,Low,No,One year,Fiber optic,Credit card (automatic),61,103.9
5006-MXVRN,0.008,No,Low,No,Two year,No,Credit card (automatic),39,20.7
1264-BYWMS,0.6421,Yes,Medium,Yes,Month-to-month,Fiber optic,Electronic check,55,96.8
9658-WYUFB,0.75,Yes,High,Yes,Month-to-month,Fiber optic,Electronic check,17,94.4
8327-WKMIE,0.0416,No,Low,No,One year,No,Credit card (automatic),37,20.15
6917-FIJHC,0.0215,No,Low,No,Two year,No,Mailed check,72,26.0
5329-KRDTM,0.0878,No,Low,No,Two year,DSL,Credit card (automatic),72,77.35
7797-EJMDP,0.3781,No,Low,No,Month-to-month,DSL,Bank transfer (automatic),8,66.05
3530-VWVGU,0.1479,No,Low,No,Month-to-month,No,Mailed check,22,19.9
2013-SGDXK,0.8604,Yes,High,Yes,Month-to-month,Fiber optic,Electronic check,1,84.3
6368-NWMCE,0.2963,No,Low,No,Month-to-month,DSL,Credit card (automatic),38,68.15
3633-CDBUW,0.3388,No,Low,No,One year,DSL,Electronic check,17,80.85
0707-HOVVN,0.0934,No,Low,No,Two year,DSL,Bank transfer (automatic),70,75.5
8580-QVLOC,0.024,No,Low,Yes,Two year,DSL,Credit card (automatic),72,92.45
3956-MGXOG,0.7178,Yes,High,No,Month-to-month,Fiber optic,Electronic check,28,80.6
9274-UARKJ,0.6462,Yes,Medium,No,Month-to-month,Fiber optic,Bank transfer (automatic),15,83.2
4077-HWUYD,0.0089,No,Low,No,Two year,DSL,Bank transfer (automatic),72,87.55
2012-NWRPA,0.8963,Yes,High,Yes,Month-to-month,Fiber optic,Electronic check,11,99.55
8808-ELEHO,0.8299,Yes,High,Yes,Month-to-month,Fiber optic,Electronic check,8,81.25
0103-CSITQ,0.3907,No,Low,No,One year,Fiber optic,Bank transfer (automatic),57,109.4
3506-LCJDC,0.4999,No,Medium,Yes,Month-to-month,No,Bank transfer (automatic),1,19.95
8671-KKKOS,0.4023,No,Medium,No,Month-to-month,DSL,Electronic check,46,45.55
7305-ZWMAJ,0.016,No,Low,No,One year,No,Credit card (automatic),30,20.7
9518-XXBXE,0.701,Yes,High,No,Month-to-month,Fiber optic,Electronic check,10,75.3
3934-HXCFZ,0.7297,Yes,High,Yes,Month-to-month,Fiber optic,Electronic check,23,99.25
6578-KRMAW,0.5372,Yes,Medium,No,Month-to-month,Fiber optic,Credit card (automatic),32,93.4
4860-IJUDE,0.6148,Yes,Medium,No,Month-to-month,Fiber optic,Credit card (automatic),13,73.75
7666-WKRON,0.2421,No,Low,Yes,Two year,Fiber optic,Electronic check,39,80.45
9688-YGXVR,0.5475,Yes,Medium,No,Month-to-month,Fiber optic,Credit card (automatic),44,88.15
0423-UDIJQ,0.526,Yes,Medium,No,Month-to-month,DSL,Mailed check,9,49.2
1945-XISKS,0.0117,No,Low,No,Two year,No,Mailed check,67,19.65
4910-AQFFX,0.8062,Yes,High,Yes,Month-to-month,Fiber optic,Bank transfer (automatic),9,79.35
2154-KVJFF,0.762,Yes,High,Yes,Month-to-month,Fiber optic,Electronic check,15,79.75
5360-LJCNJ,0.3086,No,Low,No,Two year,Fiber optic,Bank transfer (automatic),71,105.15
2607-FBDFF,0.6762,Yes,Medium,No,Month-to-month,DSL,Credit card (automatic),1,49.0
9647-ERGBE,0.7409,Yes,High,Yes,Month-to-month,Fiber optic,Electronic check,30,100.05
3428-XZMAZ,0.9234,Yes,High,Yes,Month-to-month,Fiber optic,Electronic check,1,69.35
1100-DDVRV,0.5536,Yes,Medium,No,Month-to-month,DSL,Mailed check,17,49.8
0378-TOVMS,0.8018,Yes,High,Yes,Month-to-month,Fiber optic,Electronic check,3,85.8
4355-HBJHH,0.101,No,Low,Yes,Two year,DSL,Electronic check,67,79.7
6728-WYQBC,0.5218,Yes,Medium,No,Month-to-month,No,Bank transfer (automatic),1,20.95
9058-CBREO,0.7541,Yes,High,Yes,Month-to-month,DSL,Mailed check,1,50.55
9029-FEGVJ,0.5942,Yes,Medium,No,Month-to-month,Fiber optic,Mailed check,32,79.3
7216-KAOID,0.0355,No,Low,No,One year,No,Bank transfer (automatic),41,19.5
0318-QUUOB,0.9138,Yes,High,Yes,Month-to-month,Fiber optic,Electronic check,1,80.55
6145-NNPNO,0.7054,Yes,High,No,Month-to-month,DSL,Bank transfer (automatic),1,44.15
5520-FVEWJ,0.7714,Yes,High,Yes,Month-to-month,Fiber optic,Electronic check,12,84.5
5339-TJFEK,0.4301,No,Medium,No,Month-to-month,Fiber optic,Electronic check,62,105.5
5572-ZDXHY,0.6184,Yes,Medium,Yes,Month-to-month,Fiber optic,Mailed check,22,84.3
2074-GUHPQ,0.6513,Yes,Medium,No,Month-to-month,Fiber optic,Credit card (automatic),17,92.7
4625-XMOYM,0.0274,No,Low,No,Two year,No,Bank transfer (automatic),72,26.25
5827-MWCZK,0.4029,No,Medium,No,Month-to-month,Fiber optic,Credit card (automatic),56,96.95
1385-TQOZW,0.2783,No,Low,No,Month-to-month,No,Credit card (automatic),9,20.45
5914-XRFQB,0.0977,No,Low,No,Two year,Fiber optic,Bank transfer (automatic),72,115.8
4329-YPDDQ,0.5969,Yes,Medium,No,Month-to-month,Fiber optic,Bank transfer (automatic),20,108.2
4804-NCPET,0.0162,No,Low,No,Two year,No,Mailed check,19,20.2
3750-CKVKH,0.7838,Yes,High,Yes,Month-to-month,Fiber optic,Electronic check,2,67.75
5944-UGLLK,0.2034,No,Low,No,One year,DSL,Credit card (automatic),53,54.9
8063-GBATB,0.7938,Yes,High,Yes,Month-to-month,Fiber optic,Electronic check,27,85.25
7787-BNTZM,0.3088,No,Low,No,Month-to-month,No,Bank transfer (automatic),6,20.15
2252-ISRNH,0.6202,Yes,Medium,No,One year,Fiber optic,Electronic check,9,90.35
9415-TPKRV,0.4319,No,Medium,No,Month-to-month,DSL,Electronic check,8,55.75
5322-TEUJK,0.1123,No,Low,No,Two year,Fiber optic,Bank transfer (automatic),71,114.6
4547-KQRTM,0.8273,Yes,High,Yes,Month-to-month,Fiber optic,Bank transfer (automatic),10,80.05
4877-EVATK,0.5835,Yes,Medium,Yes,Month-to-month,No,Mailed check,1,20.0
1866-DIOQZ,0.1008,No,Low,No,One year,DSL,Bank transfer (automatic),71,66.8
8375-KVTHK,0.3816,No,Low,No,One year,Fiber optic,Electronic check,68,100.3
2697-NQBPF,0.6932,Yes,Medium,No,Month-to-month,Fiber optic,Electronic check,34,105.35
3709-OIJEA,0.3462,No,Low,No,One year,Fiber optic,Electronic check,26,85.2
7639-SUPCW,0.3619,No,Low,Yes,Month-to-month,DSL,Credit card (automatic),22,48.8
1386-ZIKUV,0.2862,No,Low,No,Month-to-month,No,Mailed check,7,18.95
0599-XNYDO,0.5899,Yes,Medium,No,Month-to-month,Fiber optic,Bank transfer (automatic),20,69.8
6377-WHAOX,0.647,Yes,Medium,No,Month-to-month,Fiber optic,Electronic check,60,106.15
6855-VLGOS,0.0314,No,Low,No,Two year,No,Electronic check,72,20.55
8999-XXGNS,0.3882,No,Low,No,One year,Fiber optic,Credit card (automatic),72,105.75
8746-OQQRW,0.2612,No,Low,No,Month-to-month,No,Mailed check,4,25.25
3181-MIZBN,0.2222,No,Low,No,Month-to-month,No,Electronic check,16,19.75
0471-ARVMX,0.4264,No,Medium,No,One year,Fiber optic,Electronic check,62,104.85
7766-CLTIC,0.4125,No,Medium,No,Month-to-month,DSL,Mailed check,10,60.95
5650-YLIBA,0.735,Yes,High,No,Month-to-month,Fiber optic,Electronic check,31,81.15
0825-CPPQH,0.0122,No,Low,No,Two year,No,Credit card (automatic),71,19.1
9084-OAYKL,0.0176,No,Low,No,Two year,No,Mailed check,58,20.8
6122-LJADA,0.0304,No,Low,No,Two year,DSL,Credit card (automatic),70,90.15
2400-XIWIO,0.0689,No,Low,No,Two year,DSL,Electronic check,71,90.1
7524-VRLPL,0.1043,No,Low,No,Two year,DSL,Credit card (automatic),69,74.1
1069-XAIEM,0.9357,Yes,High,Yes,Month-to-month,Fiber optic,Electronic check,1,85.05
7569-NMZYQ,0.082,No,Low,No,Two year,Fiber optic,Bank transfer (automatic),72,118.75
5201-USSQZ,0.4896,No,Medium,No,Month-to-month,Fiber optic,Credit card (automatic),26,85.9
2105-PHWON,0.5377,Yes,Medium,No,Month-to-month,Fiber optic,Credit card (automatic),33,95.0
1494-EJZDW,0.0618,No,Low,No,Two year,No,Mailed check,10,20.15
4884-TVUQF,0.2014,No,Low,No,Two year,Fiber optic,Credit card (automatic),57,101.3
8003-EWNDZ,0.3037,No,Low,No,Month-to-month,No,Electronic check,10,21.2
1897-RCFUM,0.0389,No,Low,No,One year,No,Mailed check,39,24.2
9256-JTBNZ,0.2683,No,Low,No,Month-to-month,No,Bank transfer (automatic),11,20.3
4658-HCOHW,0.6518,Yes,Medium,Yes,Month-to-month,Fiber optic,Electronic check,21,102.8
2211-RMNHO,0.0433,No,Low,No,Two year,DSL,Bank transfer (automatic),68,85.3
2432-TFSMK,0.4293,No,Medium,No,One year,Fiber optic,Credit card (automatic),18,89.6
3440-JPSCL,0.7985,Yes,High,Yes,Month-to-month,Fiber optic,Mailed check,6,99.95
4929-ROART,0.3782,No,Low,No,Month-to-month,DSL,Mailed check,18,56.25
1834-ABKHQ,0.1826,No,Low,No,One year,DSL,Bank transfer (automatic),52,50.95
1741-WTPON,0.2026,No,Low,No,Two year,Fiber optic,Mailed check,56,115.85
3932-IJWDZ,0.5946,Yes,Medium,No,Month-to-month,Fiber optic,Bank transfer (automatic),45,103.65
1240-HCBOH,0.0222,No,Low,No,Two year,No,Mailed check,67,26.1
3594-KADLU,0.6051,Yes,Medium,No,Month-to-month,DSL,Mailed check,3,35.1
8065-BVEPF,0.5382,Yes,Medium,No,Month-to-month,Fiber optic,Bank transfer (automatic),65,99.1
3796-ENZGF,0.0627,No,Low,No,Two year,DSL,Mailed check,63,67.25
1734-ZMNTZ,0.1056,No,Low,No,Two year,No,Mailed check,11,25.0
2853-CWQFQ,0.6335,Yes,Medium,No,Month-to-month,DSL,Mailed check,1,59.55
0813-TAXXS,0.1339,No,Low,No,Two year,DSL,Bank transfer (automatic),55,77.8
2519-TWKFS,0.2215,No,Low,No,One year,DSL,Mailed check,25,55.1
2889-FPWRM,0.264,No,Low,Yes,One year,Fiber optic,Bank transfer (automatic),72,117.8
0626-QXNGV,0.0207,No,Low,No,Two year,No,Credit card (automatic),72,24.15
6723-CEGQI,0.1053,No,Low,No,Two year,DSL,Mailed check,65,45.25
6987-XQSJT,0.6367,Yes,Medium,Yes,Month-to-month,Fiber optic,Electronic check,54,79.5
4732-RRJZC,0.2725,No,Low,No,Month-to-month,No,Mailed check,7,20.25
9499-XPZXM,0.0555,No,Low,No,Two year,DSL,Bank transfer (automatic),72,64.75
4338-EYCER,0.3682,No,Low,No,Month-to-month,DSL,Bank transfer (automatic),21,54.6
3007-FDPEA,0.3983,No,Low,No,Month-to-month,No,Bank transfer (automatic),2,20.7
6350-XFYGW,0.8969,Yes,High,No,Month-to-month,Fiber optic,Electronic check,4,94.75
4290-BSXUX,0.7935,Yes,High,Yes,Month-to-month,Fiber optic,Bank transfer (automatic),3,79.65
8513-OLYGY,0.0736,No,Low,No,Two year,Fiber optic,Credit card (automatic),72,115.8
0311-QYWSS,0.5437,Yes,Medium,No,Month-to-month,DSL,Electronic check,6,49.45
8705-DWKTI,0.469,No,Medium,No,Month-to-month,Fiber optic,Credit card (automatic),52,83.8
8755-IWJHN,0.4648,No,Medium,No,Month-to-month,Fiber optic,Bank transfer (automatic),69,95.35
0325-XBFAC,0.8562,Yes,High,Yes,Month-to-month,Fiber optic,Electronic check,8,94.7
4480-QQRHC,0.7953,Yes,High,No,Month-to-month,Fiber optic,Bank transfer (automatic),8,74.05
0929-PECLO,0.4522,No,Medium,No,Month-to-month,Fiber optic,Bank transfer (automatic),63,89.6
3680-CTHUH,0.3371,No,Low,No,One year,Fiber optic,Credit card (automatic),60,116.6
1202-KKGFU,0.4284,No,Medium,No,Month-to-month,DSL,Bank transfer (automatic),12,54.2
6112-KTHFQ,0.2553,No,Low,No,Month-to-month,No,Mailed check,13,19.3
1852-XEMDW,0.3062,No,Low,No,Month-to-month,DSL,Mailed check,22,65.05
2462-XIIJB,0.8902,Yes,High,Yes,Month-to-month,Fiber optic,Electronic check,5,92.5
4760-XOHVN,0.4979,No,Medium,Yes,Month-to-month,No,Mailed check,1,19.45
1820-DJFPH,0.0238,No,Low,No,Two year,No,Bank transfer (automatic),72,24.05
9426-SXNHE,0.3161,No,Low,No,Month-to-month,No,Bank transfer (automatic),2,18.75
9068-FHQHD,0.0144,No,Low,No,Two year,No,Bank transfer (automatic),40,20.15
1269-FOYWN,0.0385,No,Low,No,One year,No,Bank transfer (automatic),44,20.0
9470-YFUYI,0.0958,No,Low,No,One year,DSL,Bank transfer (automatic),71,71.0
7817-BOQPW,0.8831,Yes,High,Yes,Month-to-month,Fiber optic,Electronic check,2,75.55
7402-EYFXX,0.7964,Yes,High,No,Month-to-month,Fiber optic,Electronic check,26,93.6
1853-UDXBW,0.9063,Yes,High,Yes,Month-to-month,Fiber optic,Electronic check,1,70.0
9895-VFOXH,0.7135,Yes,High,No,Month-to-month,DSL,Mailed check,1,24.4
5458-CQJTA,0.0447,No,Low,Yes,Two year,DSL,Bank transfer (automatic),65,74.8
1230-QAJDW,0.5749,Yes,Medium,No,Month-to-month,DSL,Mailed check,3,65.25
5701-ZIKJE,0.4603,No,Medium,No,Month-to-month,DSL,Mailed check,13,50.55
5219-YIPTK,0.7188,Yes,High,Yes,Month-to-month,Fiber optic,Electronic check,33,104.4
5032-MIYKT,0.8977,Yes,High,No,Month-to-month,Fiber optic,Mailed check,1,70.7
7396-VJUZB,0.6643,Yes,Medium,No,Month-to-month,DSL,Mailed check,4,45.25
9717-QEBGU,0.8002,Yes,High,No,Month-to-month,Fiber optic,Electronic check,2,70.3
5172-RKOCB,0.1106,No,Low,No,Two year,Fiber optic,Credit card (automatic),72,108.95
6509-TSGWN,0.1222,No,Low,No,Month-to-month,No,Mailed check,37,26.45
3540-RZJYU,0.6656,Yes,Medium,Yes,Month-to-month,Fiber optic,Electronic check,15,86.2
3178-CIFOT,0.0378,No,Low,No,One year,No,Credit card (automatic),23,19.65
2091-MJTFX,0.2887,No,Low,Yes,Month-to-month,DSL,Credit card (automatic),30,51.2
4530-NDRKU,0.0768,No,Low,No,One year,No,Electronic check,42,19.05
5985-TBABQ,0.2006,No,Low,No,One year,DSL,Mailed check,32,74.75
9800-ONTFE,0.6325,Yes,Medium,No,Month-to-month,Fiber optic,Bank transfer (automatic),22,75.8
6743-HHQPF,0.3909,No,Low,No,Month-to-month,DSL,Credit card (automatic),42,25.1
8455-HIRAQ,0.5382,Yes,Medium,No,Month-to-month,DSL,Mailed check,8,44.45
6616-AALSR,0.2327,No,Low,No,Two year,Fiber optic,Credit card (automatic),65,104.3
0883-EIBTI,0.3329,No,Low,Yes,Month-to-month,No,Mailed check,2,19.5
9415-ZNBSX,0.0279,No,Low,No,Two year,DSL,Bank transfer (automatic),70,89.0
4018-KJYUY,0.1067,No,Low,No,Month-to-month,No,Credit card (automatic),22,20.15
0722-TROQR,0.8483,Yes,High,Yes,Month-to-month,Fiber optic,Electronic check,4,74.9
7571-YXDAD,0.8454,Yes,High,Yes,Month-to-month,Fiber optic,Credit card (automatic),2,74.9
3884-UEBXB,0.0704,No,Low,No,Two year,DSL,Bank transfer (automatic),67,36.15
8780-RSYYU,0.1453,No,Low,No,Month-to-month,No,Credit card (automatic),25,19.2
5537-UXXVS,0.2193,No,Low,No,Month-to-month,No,Bank transfer (automatic),20,19.25
1791-PQHBB,0.5939,Yes,Medium,No,Month-to-month,DSL,Credit card (automatic),2,61.2
8701-DGLVH,0.0427,No,Low,No,Two year,No,Mailed check,51,20.45
8741-LQOBK,0.3581,No,Low,No,Month-to-month,DSL,Bank transfer (automatic),46,35.05
3393-FMZPV,0.7866,Yes,High,Yes,Month-to-month,Fiber optic,Electronic check,25,100.25
8082-GHXOP,0.3922,No,Low,No,Month-to-month,DSL,Mailed check,13,44.0
6402-ZFPPI,0.6878,Yes,Medium,Yes,Month-to-month,Fiber optic,Mailed check,25,102.8
0980-FEXWF,0.207,No,Low,No,One year,DSL,Mailed check,26,50.35
7486-KSRVI,0.4487,No,Medium,Yes,One year,Fiber optic,Electronic check,43,100.0
3011-WQKSZ,0.249,No,Low,No,Month-to-month,No,Electronic check,19,20.0
8443-WVPSS,0.7736,Yes,High,Yes,Month-to-month,Fiber optic,Electronic check,10,99.85
3006-XIMLN,0.9085,Yes,High,Yes,Month-to-month,Fiber optic,Bank transfer (automatic),2,94.2
8218-FFJDS,0.0319,No,Low,No,Two year,DSL,Bank transfer (automatic),72,86.4
1986-PHGZF,0.3834,No,Low,No,Month-to-month,DSL,Credit card (automatic),18,58.4
9965-YOKZB,0.8662,Yes,High,Yes,Month-to-month,Fiber optic,Electronic check,9,83.85
0504-HHAPI,0.6397,Yes,Medium,Yes,Month-to-month,Fiber optic,Credit card (automatic),27,88.3
9360-OMDZZ,0.789,Yes,High,No,Month-to-month,Fiber optic,Electronic check,24,94.1
6305-YLBMM,0.3569,No,Low,Yes,One year,Fiber optic,Bank transfer (automatic),69,104.05
0345-XMMUG,0.3367,No,Low,No,Two year,Fiber optic,Credit card (automatic),46,108.9
8024-XNAFQ,0.1566,No,Low,No,Two year,Fiber optic,Bank transfer (automatic),72,107.4
3647-GMGDH,0.6199,Yes,Medium,Yes,Month-to-month,Fiber optic,Credit card (automatic),22,94.7
2988-GBIVW,0.3734,No,Low,No,Month-to-month,Fiber optic,Electronic check,70,90.85
2832-SCUCO,0.3572,No,Low,No,Month-to-month,No,Electronic check,2,19.9
7036-ZZKBD,0.2609,No,Low,No,Month-to-month,DSL,Credit card (automatic),31,66.4
3791-LGQCY,0.5902,Yes,Medium,Yes,Month-to-month,Fiber optic,Bank transfer (automatic),56,100.65
0265-PSUAE,0.7017,Yes,High,No,Month-to-month,Fiber optic,Bank transfer (automatic),16,100.7
0463-TXOAK,0.0405,No,Low,No,Two year,No,Credit card (automatic),52,25.6
0594-UFTUL,0.1814,No,Low,No,Month-to-month,No,Mailed check,13,19.85
9509-MPYOD,0.0318,No,Low,No,One year,No,Mailed check,35,20.75
9128-CPXKI,0.299,No,Low,No,Two year,Fiber optic,Electronic check,59,95.8
0129-KPTWJ,0.5338,Yes,Medium,No,Month-to-month,Fiber optic,Electronic check,72,94.65
8166-ZZTFS,0.1119,No,Low,Yes,Two year,DSL,Bank transfer (automatic),66,80.55
5855-EIBDE,0.2291,No,Low,No,Two year,Fiber optic,Credit card (automatic),49,106.65
5365-LLFYV,0.7495,Yes,High,No,Month-to-month,DSL,Mailed check,2,45.85
5956-YHHRX,0.8427,Yes,High,No,Month-to-month,Fiber optic,Electronic check,21,104.35
6008-NAIXK,0.4255,No,Medium,No,One year,DSL,Electronic check,54,55.45
2956-GGUCQ,0.6663,Yes,Medium,Yes,Month-to-month,Fiber optic,Electronic check,24,78.85
1928-BXYIV,0.5763,Yes,Medium,No,Month-to-month,DSL,Electronic check,1,61.15
5760-FXFVO,0.707,Yes,High,No,Month-to-month,Fiber optic,Electronic check,6,78.95
6595-COKXZ,0.7231,Yes,High,Yes,Month-to-month,DSL,Mailed check,1,44.45
0961-ZWLVI,0.4436,No,Medium,No,One year,Fiber optic,Credit card (automatic),49,109.2
5181-OABFK,0.0461,No,Low,No,Two year,DSL,Credit card (automatic),56,61.3
4007-NHVHI,0.448,No,Medium,No,Month-to-month,Fiber optic,Electronic check,56,96.85
7816-VGHTO,0.2835,No,Low,No,Two year,DSL,Mailed check,6,40.55
5871-DGTXZ,0.0281,No,Low,No,One year,No,Mailed check,32,19.8
7550-WIQVA,0.4942,No,Medium,No,One year,Fiber optic,Electronic check,50,108.25
7544-ZVIKX,0.39,No,Low,No,One year,Fiber optic,Bank transfer (automatic),58,105.05
0016-QLJIS,0.0296,No,Low,No,Two year,DSL,Mailed check,65,90.45
7508-DQAKK,0.0331,No,Low,No,Two year,DSL,Credit card (automatic),64,86.4
5176-OLSKT,0.0666,No,Low,No,Two year,DSL,Bank transfer (automatic),66,66.9
9356-AXGMP,0.4918,No,Medium,No,One year,Fiber optic,Electronic check,38,110.7
3556-BVQGL,0.0286,No,Low,No,One year,No,Mailed check,20,20.0
0362-ZBZWJ,0.7287,Yes,High,Yes,Month-to-month,Fiber optic,Electronic check,36,84.9
8979-CAMGB,0.4458,No,Medium,No,One year,Fiber optic,Electronic check,64,102.1
4211-MMAZN,0.5113,Yes,Medium,Yes,Month-to-month,No,Mailed check,1,20.25
7581-EBBOU,0.0955,No,Low,No,One year,DSL,Credit card (automatic),60,70.15
4274-OWWYO,0.8733,Yes,High,Yes,Month-to-month,Fiber optic,Electronic check,1,74.35
5073-RZGBK,0.1524,No,Low,No,One year,DSL,Bank transfer (automatic),50,80.05
1541-ETJZO,0.5591,Yes,Medium,Yes,Month-to-month,DSL,Mailed check,1,62.05
2192-CKRLV,0.1655,No,Low,No,Two year,DSL,Electronic check,72,49.2
3154-HMWUU,0.0225,No,Low,No,Two year,No,Bank transfer (automatic),60,20.5
6119-SPUDB,0.0639,No,Low,No,Two year,DSL,Mailed check,46,38.25
6522-OIQSX,0.1647,No,Low,No,Two year,DSL,Credit card (automatic),69,54.95
7813-ZGGAW,0.5478,Yes,Medium,No,Month-to-month,Fiber optic,Bank transfer (automatic),31,96.6
8748-HFWBO,0.0362,No,Low,No,One year,No,Mailed check,19,19.9
1052-QJIBV,0.005,No,Low,No,Two year,No,Credit card (automatic),71,19.9
1319-YLZJG,0.6986,Yes,Medium,No,Month-to-month,Fiber optic,Electronic check,12,84.6
4106-HADHQ,0.2294,No,Low,Yes,One year,DSL,Credit card (automatic),39,80.0
0723-FDLAY,0.2923,No,Low,No,One year,DSL,Bank transfer (automatic),44,85.25
3050-RLLXC,0.0661,No,Low,No,Two year,DSL,Credit card (automatic),56,81.25
9298-WGMRW,0.1,No,Low,No,Two year,Fiber optic,Bank transfer (automatic),72,115.5
2369-UAPKZ,0.8138,Yes,High,Yes,Month-to-month,Fiber optic,Mailed check,5,104.1
3088-LHEFH,0.6703,Yes,Medium,No,Month-to-month,Fiber optic,Bank transfer (automatic),11,79.0
2778-OCLGR,0.4454,No,Medium,Yes,Month-to-month,DSL,Bank transfer (automatic),24,39.1
6583-KQJLK,0.8074,Yes,High,No,Month-to-month,Fiber optic,Electronic check,15,94.65
8544-JNBOX,0.0161,No,Low,No,Two year,No,Mailed check,72,20.8
6681-ZSEXG,0.0879,No,Low,No,Two year,DSL,Credit card (automatic),56,59.5
6139-ZZRBQ,0.0427,No,Low,No,Two year,No,Bank transfer (automatic),64,20.05
6116-RFVHN,0.7307,Yes,High,No,Month-to-month,Fiber optic,Electronic check,34,100.45
0637-KVDLV,0.9043,Yes,High,Yes,Month-to-month,Fiber optic,Electronic check,2,76.5
8884-FEEWR,0.0334,No,Low,No,One year,No,Bank transfer (automatic),35,20.6
3125-RAHBV,0.0452,No,Low,No,One year,No,Credit card (automatic),22,20.3
6633-MPWBS,0.6165,Yes,Medium,Yes,Month-to-month,DSL,Electronic check,5,49.2
0373-AIVNJ,0.2676,No,Low,No,One year,DSL,Mailed check,9,39.55
8785-EPNCG,0.2134,No,Low,Yes,Month-to-month,No,Credit card (automatic),11,23.15
1682-VCOIO,0.0264,No,Low,No,One year,No,Mailed check,23,20.45
5729-KLZAR,0.8248,Yes,High,Yes,Month-to-month,Fiber optic,Electronic check,4,80.85
2072-ZVJJX,0.0158,No,Low,No,Two year,No,Bank transfer (automatic),68,25.25
8849-AYPTR,0.6098,Yes,Medium,No,Month-to-month,Fiber optic,Electronic check,33,91.25
9518-IMLHK,0.2229,No,Low,No,Month-to-month,DSL,Bank transfer (automatic),31,72.45
1582-RAFML,0.5474,Yes,Medium,Yes,Month-to-month,DSL,Mailed check,1,60.1
3646-ITDGM,0.0414,No,Low,No,Two year,No,Bank transfer (automatic),56,19.7
8740-CRYFY,0.922,Yes,High,Yes,Month-to-month,Fiber optic,Electronic check,1,78.95
3569-VLDHH,0.1297,No,Low,No,One year,DSL,Electronic check,66,75.1
8224-KDLKN,0.0046,No,Low,No,Two year,No,Bank transfer (automatic),72,25.0
7594-LZNWR,0.5231,Yes,Medium,No,Month-to-month,Fiber optic,Credit card (automatic),34,69.15
4001-TSBTV,0.5593,Yes,Medium,No,Month-to-month,Fiber optic,Electronic check,58,91.55
2962-XPMCQ,0.7665,Yes,High,Yes,Month-to-month,DSL,Electronic check,2,45.15
8727-XDPUD,0.2089,No,Low,No,Two year,DSL,Credit card (automatic),37,35.8
1043-UXOVO,0.1,No,Low,No,Two year,Fiber optic,Credit card (automatic),71,113.15
1064-FBXNK,0.262,No,Low,No,One year,No,Credit card (automatic),1,19.85
3996-ZNWYK,0.0149,No,Low,No,Two year,No,Credit card (automatic),71,19.8
2878-DHMIN,0.0445,No,Low,No,One year,No,Electronic check,35,19.9
7762-ONLJY,0.1472,No,Low,No,One year,No,Mailed check,6,19.7
1678-FYZOW,0.8868,Yes,High,Yes,Month-to-month,Fiber optic,Electronic check,3,79.4
5795-BKOYE,0.0755,No,Low,No,One year,DSL,Bank transfer (automatic),69,59.1
8627-EHGIP,0.3495,No,Low,Yes,One year,DSL,Mailed check,44,53.95
7402-PWYJJ,0.2823,No,Low,No,One year,Fiber optic,Electronic check,53,91.15
5480-TBGPH,0.6957,Yes,Medium,Yes,Month-to-month,Fiber optic,Credit card (automatic),24,99.3
0018-NYROU,0.7877,Yes,High,No,Month-to-month,Fiber optic,Electronic check,5,68.95
7501-VTYLJ,0.6478,Yes,Medium,No,Month-to-month,DSL,Mailed check,2,51.55
7608-RGIRO,0.0309,No,Low,No,Two year,No,Mailed check,62,24.4
0480-BIXDE,0.7412,Yes,High,No,Month-to-month,Fiber optic,Electronic check,19,96.8
5895-QSXOD,0.7015,Yes,High,No,Month-to-month,Fiber optic,Mailed check,9,70.05
9814-AOUDH,0.0487,No,Low,No,Two year,No,Credit card (automatic),53,19.5
6175-IRFIT,0.8139,Yes,High,No,Month-to-month,Fiber optic,Mailed check,5,78.75
8760-ZRHKE,0.1351,No,Low,No,One year,DSL,Electronic check,71,69.2
1622-HSHSF,0.605,Yes,Medium,No,Month-to-month,No,Mailed check,1,19.55
8854-CCVSQ,0.7395,Yes,High,Yes,Month-to-month,Fiber optic,Electronic check,18,80.65
6749-UTDVX,0.3312,No,Low,No,Two year,Fiber optic,Electronic check,72,103.65
5542-DHSXL,0.5199,Yes,Medium,No,Month-to-month,DSL,Mailed check,4,54.7
9102-OXKFY,0.1058,No,Low,No,Two year,DSL,Credit card (automatic),59,54.15
0511-JTEOY,0.8679,Yes,High,Yes,Month-to-month,Fiber optic,Mailed check,1,71.1
5216-WASFJ,0.7968,Yes,High,No,Month-to-month,Fiber optic,Electronic check,31,84.85
7808-DVWEP,0.3303,No,Low,No,Month-to-month,No,Bank transfer (automatic),3,20.0
7067-KSAZT,0.4687,No,Medium,Yes,One year,Fiber optic,Electronic check,65,106.25
2284-VFLKH,0.3611,No,Low,No,One year,Fiber optic,Credit card (automatic),49,99.25
0366-NQSHS,0.3409,No,Low,No,Month-to-month,No,Mailed check,2,19.35
6532-YLWSI,0.0309,No,Low,Yes,One year,No,Bank transfer (automatic),53,20.8
3807-BPOMJ,0.3621,No,Low,No,One year,Fiber optic,Electronic check,55,94.75
3892-NXAZG,0.0746,No,Low,No,Two year,Fiber optic,Credit card (automatic),72,114.05
4948-WBBKL,0.6884,Yes,Medium,No,Month-to-month,Fiber optic,Bank transfer (automatic),36,74.9
4182-BGSIQ,0.3311,No,Low,No,Month-to-month,No,Bank transfer (automatic),10,19.8
9300-AGZNL,0.9457,Yes,High,Yes,Month-to-month,Fiber optic,Electronic check,1,94.0
0988-AADSA,0.0339,No,Low,No,Two year,DSL,Bank transfer (automatic),72,80.85
9972-NKTFD,0.265,No,Low,No,Month-to-month,DSL,Bank transfer (automatic),28,54.65
3717-LNXKW,0.548,Yes,Medium,No,Month-to-month,Fiber optic,Bank transfer (automatic),38,91.7
5734-EJKXG,0.3778,No,Low,No,One year,Fiber optic,Electronic check,61,118.6
2207-RYYRL,0.0232,No,Low,No,Two year,No,Mailed check,52,24.55
6729-FZWSY,0.0808,No,Low,No,One year,No,Mailed check,67,19.45
9695-IDRZR,0.282,No,Low,No,Two year,Fiber optic,Credit card (automatic),34,116.15
8144-DGHXP,0.1048,No,Low,No,Two year,DSL,Electronic check,54,80.6
7814-LEEVE,0.5494,Yes,Medium,No,Month-to-month,No,Bank transfer (automatic),1,20.3
1112-CUNAO,0.746,Yes,High,Yes,Month-to-month,Fiber optic,Electronic check,15,89.85
5175-AOBHI,0.6889,Yes,Medium,Yes,Month-to-month,DSL,Mailed check,4,46.0
5174-RNGBH,0.3661,No,Low,Yes,Month-to-month,DSL,Mailed check,9,66.25
8631-WUXGY,0.6282,Yes,Medium,No,Month-to-month,Fiber optic,Electronic check,46,99.8
7270-BDIOA,0.665,Yes,Medium,Yes,Month-to-month,Fiber optic,Electronic check,22,90.0
9565-JSNFM,0.2517,No,Low,Yes,One year,Fiber optic,Bank transfer (automatic),38,70.45
5906-DVAPM,0.1445,No,Low,No,One year,DSL,Credit card (automatic),55,75.0
6654-QGBZZ,0.5911,Yes,Medium,No,Month-to-month,No,Mailed check,1,19.9
8348-JLBUG,0.1686,No,Low,No,One year,Fiber optic,Credit card (automatic),64,80.3
0607-DAAHE,0.0232,No,Low,Yes,Two year,No,Bank transfer (automatic),53,19.75
5641-DMBFJ,0.0753,No,Low,No,Two year,DSL,Electronic check,58,84.3
9200-NLNPD,0.2445,No,Low,No,One year,DSL,Bank transfer (automatic),56,54.05
2664-XJZNO,0.1535,No,Low,No,Two year,Fiber optic,Credit card (automatic),72,104.9
9732-KPKBW,0.6247,Yes,Medium,Yes,Month-to-month,DSL,Electronic check,1,53.95
3339-EAQNV,0.34,No,Low,No,One year,Fiber optic,Credit card (automatic),72,97.25
0921-OHLVP,0.6792,Yes,Medium,No,Month-to-month,Fiber optic,Electronic check,22,83.05
3389-YGYAI,0.8971,Yes,High,Yes,Month-to-month,Fiber optic,Electronic check,8,105.5
9560-ARGQJ,0.7345,Yes,High,Yes,Month-to-month,Fiber optic,Electronic check,16,81.0
8350-NYMVI,0.3018,No,Low,No,Month-to-month,DSL,Bank transfer (automatic),39,41.1
1600-DILPE,0.5167,Yes,Medium,No,Month-to-month,DSL,Bank transfer (automatic),12,45.0
0536-ESJEP,0.104,No,Low,No,Two year,DSL,Bank transfer (automatic),54,74.55
4654-GGUII,0.1394,No,Low,No,One year,DSL,Mailed check,18,40.2
6478-HRRCZ,0.2033,No,Low,No,One year,DSL,Mailed check,32,70.5
8510-BBWMU,0.0307,No,Low,No,One year,No,Mailed check,41,19.75
6857-TKDJV,0.005,No,Low,No,Two year,No,Bank transfer (automatic),67,24.65
2360-RDGRO,0.5738,Yes,Medium,No,Month-to-month,Fiber optic,Electronic check,65,104.25
0584-BJQGZ,0.2844,No,Low,No,Month-to-month,DSL,Bank transfer (automatic),25,78.35
5134-IKDAY,0.9122,Yes,High,Yes,Month-to-month,Fiber optic,Electronic check,1,69.8
1360-XFJMR,0.3777,No,Low,No,One year,Fiber optic,Credit card (automatic),67,109.7
3070-DVEYC,0.7543,Yes,High,Yes,Month-to-month,Fiber optic,Mailed check,7,73.75
5730-RIITO,0.3951,No,Low,No,Month-to-month,DSL,Credit card (automatic),43,33.45
9058-MJLZC,0.6909,Yes,Medium,No,Month-to-month,Fiber optic,Electronic check,24,94.6
5707-ORNDZ,0.4776,No,Medium,Yes,Month-to-month,DSL,Electronic check,9,54.55
0902-XKXPN,0.0075,No,Low,No,Two year,No,Bank transfer (automatic),69,20.2
5177-RVZNU,0.0499,No,Low,No,One year,No,Bank transfer (automatic),37,20.3
0056-EPFBG,0.1161,No,Low,No,Two year,DSL,Credit card (automatic),20,39.4
8993-IZEUX,0.7387,Yes,High,No,Month-to-month,Fiber optic,Bank transfer (automatic),7,69.15
8696-JKZNU,0.7611,Yes,High,Yes,Month-to-month,Fiber optic,Electronic check,37,76.25
5380-AFSSK,0.8752,Yes,High,Yes,Month-to-month,Fiber optic,Mailed check,5,93.9
8190-ZTQFB,0.3727,No,Low,No,One year,DSL,Electronic check,41,51.35
0931-MHTEM,0.3577,No,Low,No,One year,Fiber optic,Credit card (automatic),54,100.05
2055-PDADH,0.7918,Yes,High,Yes,Month-to-month,Fiber optic,Electronic check,3,70.4
7515-LODFU,0.0155,No,Low,No,Two year,No,Credit card (automatic),69,20.3
0440-UEDAI,0.2239,No,Low,No,One year,Fiber optic,Credit card (automatic),53,94.45
1337-BOZWO,0.2823,No,Low,No,One year,DSL,Credit card (automatic),18,46.4
0868-VJRDR,0.1903,No,Low,No,Two year,Fiber optic,Credit card (automatic),64,104.05
8714-EUHJO,0.7032,Yes,High,Yes,Month-to-month,Fiber optic,Electronic check,31,91.15
6344-SFJVH,0.4574,No,Medium,No,Month-to-month,DSL,Credit card (automatic),20,24.9
3950-VPYJB,0.1195,No,Low,No,One year,DSL,Mailed check,57,59.6
8041-TMEID,0.2227,No,Low,No,Two year,Fiber optic,Credit card (automatic),63,108.5
7321-ZNSLA,0.1172,No,Low,No,Two year,DSL,Mailed check,13,40.55
6941-KXRRV,0.271,No,Low,No,One year,DSL,Bank transfer (automatic),48,58.95
3721-CNEYS,0.808,Yes,High,Yes,Month-to-month,Fiber optic,Electronic check,2,70.95
8727-JQFHV,0.0325,No,Low,No,Two year,No,Mailed check,57,20.75
9475-NNDGC,0.3316,No,Low,No,One year,Fiber optic,Bank transfer (automatic),71,113.15
1355-KUSBG,0.5667,Yes,Medium,No,Month-to-month,DSL,Electronic check,7,48.8
3688-FTHLT,0.4623,No,Medium,No,Month-to-month,DSL,Bank transfer (automatic),16,63.05
0899-LIIBW,0.7096,Yes,High,No,Month-to-month,Fiber optic,Electronic check,34,100.85
2568-OIADY,0.7594,Yes,High,Yes,Month-to-month,Fiber optic,Electronic check,37,99.5
1384-RCUXW,0.6919,Yes,Medium,No,Month-to-month,Fiber optic,Mailed check,16,80.55
5825-XJOCM,0.1703,No,Low,No,One year,DSL,Bank transfer (automatic),48,64.4
6848-YLDFR,0.1386,No,Low,No,One year,DSL,Credit card (automatic),58,75.2
8125-QPFJD,0.0288,No,Low,No,Two year,DSL,Bank transfer (automatic),72,84.9
2320-YKQBO,0.3143,No,Low,No,Month-to-month,No,Mailed check,7,19.3
1193-RTSLK,0.4627,No,Medium,Yes,Month-to-month,Fiber optic,Credit card (automatic),38,83.9
2302-ANTDP,0.4742,No,Medium,Yes,Month-to-month,Fiber optic,Electronic check,48,117.45
5923-GXUOC,0.7716,Yes,High,Yes,Month-to-month,Fiber optic,Electronic check,10,104.4
4973-RLZVI,0.252,No,Low,No,One year,DSL,Credit card (automatic),30,74.65
7869-ZYDST,0.3033,No,Low,No,Month-to-month,DSL,Credit card (automatic),31,59.05
4501-UYKBC,0.2042,No,Low,No,One year,DSL,Credit card (automatic),46,69.1
1215-EXRMO,0.0218,No,Low,No,Two year,No,Mailed check,50,20.55
2305-MRGLV,0.4795,No,Medium,No,Month-to-month,Fiber optic,Bank transfer (automatic),28,76.55
8404-VIOMB,0.0327,No,Low,No,Two year,DSL,Bank transfer (automatic),66,62.5
5233-GEEAX,0.7229,Yes,High,Yes,Month-to-month,DSL,Electronic check,8,29.4
2359-KLTEK,0.5864,Yes,Medium,No,Month-to-month,Fiber optic,Bank transfer (automatic),41,94.9
5304-EFJLP,0.1552,No,Low,No,Two year,Fiber optic,Bank transfer (automatic),72,111.65
2673-ZALNP,0.1099,No,Low,No,One year,No,Mailed check,7,19.9
9184-GALIL,0.1273,No,Low,No,Month-to-month,No,Mailed check,38,20.45
4393-RYCRE,0.4487,No,Medium,No,One year,Fiber optic,Electronic check,44,106.05
9746-MDMBK,0.3531,No,Low,No,One year,Fiber optic,Bank transfer (automatic),47,113.45
3162-ZJZFU,0.4138,No,Medium,No,Month-to-month,Fiber optic,Electronic check,53,92.55
8404-GFGCZ,0.6436,Yes,Medium,No,Month-to-month,DSL,Electronic check,4,65.6
8875-AKBYH,0.7865,Yes,High,No,Month-to-month,Fiber optic,Electronic check,20,84.35
4432-ADRLB,0.7203,Yes,High,Yes,Month-to-month,DSL,Mailed check,2,44.65
0533-UCAAU,0.1747,No,Low,No,One year,DSL,Credit card (automatic),57,71.1
1394-SUIUH,0.4451,No,Medium,No,Month-to-month,Fiber optic,Electronic check,44,85.15
3521-MNKLV,0.4189,No,Medium,No,Month-to-month,DSL,Mailed check,24,49.7
2533-TIBIX,0.4758,No,Medium,No,Month-to-month,DSL,Bank transfer (automatic),15,30.2
8993-PHFWD,0.7231,Yes,High,Yes,Month-to-month,DSL,Electronic check,3,25.25
1565-RHDJD,0.8512,Yes,High,Yes,Month-to-month,Fiber optic,Bank transfer (automatic),4,84.05
7137-RYLPP,0.7144,Yes,High,Yes,Month-to-month,Fiber optic,Electronic check,37,85.7
3765-JXVKY,0.9067,Yes,High,Yes,Month-to-month,Fiber optic,Electronic check,1,74.7
5092-STPKP,0.3013,No,Low,No,Month-to-month,DSL,Credit card (automatic),24,56.35
7330-WZLNC,0.8732,Yes,High,Yes,Month-to-month,Fiber optic,Electronic check,5,90.8
0114-PEGZZ,0.7188,Yes,High,No,Month-to-month,Fiber optic,Electronic check,33,107.55
3359-DSRKA,0.0106,No,Low,No,Two year,No,Mailed check,58,19.85
8639-NHQEI,0.1461,No,Low,No,Two year,Fiber optic,Bank transfer (automatic),72,95.9
7161-DFHUF,0.0256,No,Low,No,Two year,No,Mailed check,71,23.85
3957-LXOLK,0.7512,Yes,High,Yes,Month-to-month,Fiber optic,Electronic check,28,106.15
3720-DBRWL,0.0516,No,Low,No,Two year,DSL,Credit card (automatic),51,83.85
6635-MYYYZ,0.2039,No,Low,Yes,One year,DSL,Bank transfer (automatic),30,85.35
8565-WUXZU,0.0692,No,Low,No,Two year,Fiber optic,Credit card (automatic),72,84.8
5281-BUZGT,0.6051,Yes,Medium,Yes,Month-to-month,Fiber optic,Electronic check,36,90.85
4994-OBRSZ,0.126,No,Low,No,Two year,DSL,Bank transfer (automatic),14,76.1
0562-FGDCR,0.0692,No,Low,No,Two year,DSL,Mailed check,72,74.55
2436-QBZFP,0.5017,Yes,Medium,No,Month-to-month,DSL,Electronic check,22,39.2
3420-YJLQT,0.8394,Yes,High,No,Month-to-month,Fiber optic,Electronic check,2,79.55
6040-CGACY,0.2501,No,Low,No,Month-to-month,No,Mailed check,15,19.6
6582-PLFUU,0.0373,No,Low,No,Two year,No,Credit card (automatic),51,19.55
8242-PDSGJ,0.0508,No,Low,No,Two year,DSL,Credit card (automatic),70,39.15
0264-CNITK,0.0202,No,Low,No,Two year,No,Bank transfer (automatic),71,20.1
0089-IIQKO,0.5776,Yes,Medium,No,Month-to-month,Fiber optic,Credit card (automatic),39,99.95
7839-NUIAA,0.243,No,Low,No,Month-to-month,DSL,Electronic check,61,59.8
6075-QMNRR,0.2679,No,Low,No,Month-to-month,DSL,Bank transfer (automatic),52,49.75
5378-IKEEG,0.8191,Yes,High,Yes,Month-to-month,DSL,Electronic check,1,35.75
5966-EMAZU,0.349,No,Low,No,One year,Fiber optic,Mailed check,64,108.5
0440-EKDCF,0.0662,No,Low,No,Two year,DSL,Credit card (automatic),62,60.15
4774-HHGGS,0.0308,No,Low,No,Two year,No,Mailed check,30,19.05
2718-GAXQD,0.7117,Yes,High,Yes,Month-to-month,DSL,Electronic check,4,46.0
2055-BFOCC,0.1709,No,Low,No,One year,DSL,Bank transfer (automatic),63,84.0
8180-AKMJV,0.7477,Yes,High,No,Month-to-month,DSL,Credit card (automatic),1,44.55
4298-OYIFC,0.7915,Yes,High,No,Month-to-month,Fiber optic,Electronic check,15,103.45
5566-SOEZD,0.2928,No,Low,No,One year,Fiber optic,Credit card (automatic),27,80.65
9842-EFSYY,0.5431,Yes,Medium,No,Month-to-month,DSL,Mailed check,4,57.2
2272-WUSPA,0.185,No,Low,No,Two year,Fiber optic,Electronic check,72,110.75
4584-LBNMK,0.0507,No,Low,No,One year,No,Credit card (automatic),45,24.7
3898-GUYTS,0.5477,Yes,Medium,No,Month-to-month,Fiber optic,Electronic check,45,97.05
0930-EHUZA,0.2937,No,Low,No,One year,DSL,Mailed check,36,76.35
6413-XKKPU,0.6413,Yes,Medium,Yes,Month-to-month,Fiber optic,Electronic check,17,89.4
9975-SKRNR,0.5342,Yes,Medium,No,Month-to-month,No,Mailed check,1,18.9
3703-KBKZP,0.7308,Yes,High,No,Month-to-month,Fiber optic,Bank transfer (automatic),16,74.45
1449-XQEMT,0.3093,No,Low,Yes,Month-to-month,No,Mailed check,3,19.8
2626-URJFX,0.6888,Yes,Medium,Yes,Month-to-month,DSL,Electronic check,4,50.9
4973-MGTON,0.0197,No,Low,No,Two year,DSL,Credit card (automatic),71,84.4
3682-YEUWS,0.2449,No,Low,No,Month-to-month,No,Mailed check,10,24.4
1223-UNPKS,0.0237,No,Low,No,Two year,No,Mailed check,20,20.05
2612-RRIDN,0.8562,Yes,High,Yes,Month-to-month,Fiber optic,Electronic check,4,81.0
4735-ASGMA,0.7842,Yes,High,Yes,Month-to-month,Fiber optic,Electronic check,26,98.35
3446-QDSZF,0.604,Yes,Medium,No,Month-to-month,DSL,Credit card (automatic),4,55.5
3669-LVWZB,0.6343,Yes,Medium,Yes,Month-to-month,DSL,Mailed check,5,51.0
6892-EZDTG,0.8788,Yes,High,Yes,Month-to-month,Fiber optic,Electronic check,4,91.65
5117-IFGPS,0.7884,Yes,High,No,Month-to-month,Fiber optic,Electronic check,29,84.3
7379-FNIUJ,0.7835,Yes,High,No,Month-to-month,Fiber optic,Electronic check,2,100.2
1627-AFWVJ,0.0315,No,Low,No,Two year,No,Mailed check,29,19.4
9725-SCPZG,0.9207,Yes,High,Yes,Month-to-month,Fiber optic,Electronic check,1,90.85
5884-GCYMI,0.8649,Yes,High,Yes,Month-to-month,Fiber optic,Mailed check,1,69.4
3217-FZDMN,0.8616,Yes,High,Yes,Month-to-month,Fiber optic,Credit card (automatic),8,94.45
4486-EFAEB,0.2749,No,Low,No,Month-to-month,No,Electronic check,13,20.4
0060-FUALY,0.4983,No,Medium,No,Month-to-month,Fiber optic,Electronic check,59,94.75
7853-GVUDZ,0.5095,Yes,Medium,Yes,Month-to-month,No,Credit card (automatic),1,20.15
7480-QNVZJ,0.7175,Yes,High,Yes,Month-to-month,Fiber optic,Electronic check,50,95.7
6954-OOYZZ,0.3905,No,Low,No,Month-to-month,DSL,Bank transfer (automatic),18,44.35
7088-FBAWU,0.3568,No,Low,No,Month-to-month,DSL,Mailed check,17,74.55
8313-AFGBW,0.1716,No,Low,No,Two year,DSL,Electronic check,47,73.6
3943-KDREE,0.6236,Yes,Medium,Yes,Month-to-month,Fiber optic,Bank transfer (automatic),26,74.95
9239-ZBZZV,0.6665,Yes,Medium,Yes,Month-to-month,DSL,Electronic check,6,47.95
3097-IDVPU,0.3992,No,Low,No,Month-to-month,DSL,Credit card (automatic),19,50.1
4398-HSCJH,0.589,Yes,Medium,Yes,Month-to-month,DSL,Electronic check,3,63.6
2197-OMWGI,0.1629,No,Low,No,Two year,DSL,Electronic check,68,53.0
2303-PJYHN,0.3521,No,Low,No,Month-to-month,No,Bank transfer (automatic),2,19.85
9795-VOWON,0.4778,No,Medium,No,One year,DSL,Credit card (automatic),7,24.35
1237-WIYYZ,0.2151,No,Low,No,Month-to-month,No,Mailed check,18,19.55
1987-AUELQ,0.0154,No,Low,No,Two year,No,Credit card (automatic),71,25.05
7852-LECYP,0.6858,Yes,Medium,No,Month-to-month,Fiber optic,Credit card (automatic),13,93.8
4430-UZIPO,0.5605,Yes,Medium,Yes,Month-to-month,DSL,Mailed check,3,36.85
4822-LPTYJ,0.2731,No,Low,No,Two year,Fiber optic,Bank transfer (automatic),72,103.75
8165-CBKXO,0.164,No,Low,No,Two year,DSL,Credit card (automatic),66,56.75
6527-PZFPV,0.0278,No,Low,No,One year,No,Credit card (automatic),24,20.8
4855-SNKMY,0.7584,Yes,High,Yes,Month-to-month,DSL,Electronic check,1,44.1
9593-CVZKR,0.0227,No,Low,No,Two year,No,Mailed check,56,24.45
8595-SIZNC,0.0899,No,Low,No,One year,No,Bank transfer (automatic),22,25.6
8008-HAWED,0.6121,Yes,Medium,Yes,Month-to-month,DSL,Electronic check,14,50.75
7124-UGSUR,0.4161,No,Medium,Yes,One year,Fiber optic,Credit card (automatic),61,104.4
1862-SKORY,0.496,No,Medium,Yes,Month-to-month,DSL,Electronic check,40,39.3
5236-XMZJY,0.2648,No,Low,No,Month-to-month,DSL,Bank transfer (automatic),42,59.65
4827-DPADN,0.0341,No,Low,No,Two year,DSL,Bank transfer (automatic),72,83.3
2694-CIUMO,0.7627,Yes,High,No,Month-to-month,Fiber optic,Credit card (automatic),12,79.55
5846-ABOBJ,0.0122,No,Low,No,Two year,No,Bank transfer (automatic),71,24.45
1439-LCGVL,0.047,No,Low,No,One year,No,Mailed check,26,19.2
0909-SDHNU,0.5313,Yes,Medium,No,Month-to-month,DSL,Mailed check,7,29.8
4647-XXZAM,0.5741,Yes,Medium,No,Month-to-month,DSL,Mailed check,6,45.5
1502-XFCVR,0.4506,No,Medium,Yes,One year,Fiber optic,Electronic check,58,106.45
7740-KKCXF,0.3795,No,Low,No,Month-to-month,DSL,Credit card (automatic),51,30.05
5360-XGYAZ,0.0315,No,Low,No,Two year,DSL,Bank transfer (automatic),72,65.65
9692-TUSXH,0.7405,Yes,High,Yes,Month-to-month,Fiber optic,Electronic check,18,96.05
7912-SYRQT,0.7796,Yes,High,Yes,Month-to-month,Fiber optic,Bank transfer (automatic),7,75.1
3557-HTYWR,0.0805,No,Low,No,Two year,DSL,Mailed check,47,74.05
4816-JBHOV,0.7626,Yes,High,Yes,Month-to-month,DSL,Electronic check,2,44.7
8920-NAVAY,0.4028,No,Medium,No,One year,Fiber optic,Bank transfer (automatic),62,110.75
1699-TLDLZ,0.0506,No,Low,No,Two year,No,Mailed check,16,19.7
5600-PDUJF,0.5559,Yes,Medium,No,Month-to-month,DSL,Credit card (automatic),6,49.5
8292-TYSPY,0.3359,No,Low,Yes,Month-to-month,DSL,Credit card (automatic),19,55.0
0567-XRHCU,0.0954,No,Low,No,Two year,DSL,Credit card (automatic),69,43.95
1867-BDVFH,0.8019,Yes,High,Yes,Month-to-month,Fiber optic,Electronic check,11,74.35
2067-QYTCF,0.5124,Yes,Medium,No,Month-to-month,Fiber optic,Electronic check,64,111.15
2359-QWQUL,0.4552,No,Medium,Yes,One year,Fiber optic,Credit card (automatic),39,104.7
9103-TCIHJ,0.3842,No,Low,Yes,Month-to-month,DSL,Mailed check,15,55.7
7407-SUJIZ,0.0924,No,Low,No,Month-to-month,No,Mailed check,25,20.6
9150-KPBJQ,0.1023,No,Low,No,Two year,No,Credit card (automatic),6,19.65
0052-DCKON,0.3057,No,Low,No,One year,Fiber optic,Bank transfer (automatic),66,115.8
3654-ARMGP,0.0464,No,Low,No,Two year,DSL,Credit card (automatic),61,88.65
9699-UBQFS,0.5984,Yes,Medium,No,Month-to-month,Fiber optic,Electronic check,43,94.5
9367-TCUYN,0.2509,No,Low,No,Month-to-month,No,Mailed check,12,20.1
1261-FWTTE,0.5139,Yes,Medium,No,Month-to-month,DSL,Bank transfer (automatic),23,34.65
3528-HFRIQ,0.4136,No,Medium,No,Month-to-month,DSL,Bank transfer (automatic),71,52.3
0708-SJDIS,0.2591,No,Low,No,Month-to-month,DSL,Mailed check,34,65.0
4140-WJAWW,0.2749,No,Low,Yes,Month-to-month,No,Credit card (automatic),5,19.85
2073-QBVBI,0.2676,No,Low,No,One year,DSL,Mailed check,41,35.45
6928-ONTRW,0.0156,No,Low,No,Two year,No,Credit card (automatic),72,19.7
3320-VEOYC,0.8438,Yes,High,No,Month-to-month,Fiber optic,Electronic check,14,95.6
5231-FIQPA,0.0093,No,Low,No,Two year,No,Mailed check,41,19.85
6617-WLBQC,0.3179,No,Low,No,One year,Fiber optic,Credit card (automatic),23,81.85
2599-CIPQE,0.1498,No,Low,No,Two year,Fiber optic,Credit card (automatic),71,109.3
6653-CBBOM,0.9065,Yes,High,Yes,Month-to-month,Fiber optic,Electronic check,1,70.3
8774-GSBUN,0.017,No,Low,No,Two year,No,Mailed check,72,25.4
7326-RIGQZ,0.7581,Yes,High,No,Month-to-month,Fiber optic,Electronic check,6,69.8
1401-FTHFQ,0.0238,No,Low,No,One year,No,Credit card (automatic),23,20.0
3247-ZVOUO,0.8005,Yes,High,Yes,Month-to-month,Fiber optic,Electronic check,10,85.55
0254-FNMCI,0.1372,No,Low,No,Two year,Fiber optic,Electronic check,72,109.9
1848-LBZHY,0.4497,No,Medium,No,Month-to-month,DSL,Bank transfer (automatic),7,50.3
6101-IMRMM,0.8097,Yes,High,Yes,Month-to-month,Fiber optic,Mailed check,6,94.5
8118-TJAFG,0.8001,Yes,High,No,Month-to-month,Fiber optic,Electronic check,9,101.5
5429-LWCMV,0.8474,Yes,High,No,Month-to-month,Fiber optic,Electronic check,12,89.15
7298-IZWLY,0.584,Yes,Medium,No,Month-to-month,No,Mailed check,1,19.4
9758-MFWGD,0.3093,No,Low,No,One year,DSL,Bank transfer (automatic),48,29.9
3955-JBZZM,0.6828,Yes,Medium,No,Month-to-month,Fiber optic,Electronic check,20,78.8
1268-ASBGA,0.7106,Yes,High,Yes,Month-to-month,Fiber optic,Credit card (automatic),16,85.35
8943-URTMR,0.8427,Yes,High,Yes,Month-to-month,Fiber optic,Mailed check,2,79.65
4815-TUMEQ,0.1491,No,Low,No,One year,No,Mailed check,10,19.3
4713-LZDRV,0.9,Yes,High,Yes,Month-to-month,Fiber optic,Electronic check,2,79.6
9909-IDLEK,0.5631,Yes,Medium,No,Month-to-month,Fiber optic,Mailed check,20,96.8
4092-OFQZS,0.0278,No,Low,No,One year,No,Mailed check,20,20.65
1561-BWHIN,0.0431,No,Low,No,One year,No,Mailed check,19,19.8
4325-NFSKC,0.7224,Yes,High,Yes,Month-to-month,Fiber optic,Electronic check,19,90.6
9927-DSWDF,0.6373,Yes,Medium,No,Month-to-month,Fiber optic,Electronic check,22,104.6
9500-LTVBP,0.5495,Yes,Medium,No,Month-to-month,Fiber optic,Credit card (automatic),35,80.05
7252-NTGSS,0.7596,Yes,High,No,Month-to-month,DSL,Mailed check,1,45.15
8149-AIQCG,0.5652,Yes,Medium,No,Month-to-month,Fiber optic,Credit card (automatic),39,73.15
1360-JYXKQ,0.4632,No,Medium,No,One year,Fiber optic,Electronic check,54,99.1
2955-PSXOE,0.5593,Yes,Medium,Yes,Month-to-month,No,Bank transfer (automatic),1,20.2
7762-URZQH,0.2588,No,Low,Yes,Two year,Fiber optic,Credit card (automatic),66,106.05
0899-WZRSD,0.4414,No,Medium,No,Month-to-month,Fiber optic,Mailed check,56,105.35
3255-GRXMG,0.4332,No,Medium,No,Month-to-month,DSL,Credit card (automatic),18,45.65
4828-FAZPK,0.7109,Yes,High,No,Month-to-month,Fiber optic,Credit card (automatic),16,79.95
6094-ZIVKX,0.0922,No,Low,No,One year,DSL,Credit card (automatic),68,54.45
6925-BAYGL,0.0515,No,Low,No,Two year,No,Credit card (automatic),53,25.1
3262-EIDHV,0.0385,No,Low,No,Two year,DSL,Credit card (automatic),72,84.7
7354-OIJLX,0.818,Yes,High,No,Month-to-month,Fiber optic,Electronic check,9,75.85
1376-HHBDV,0.2557,No,Low,No,Month-to-month,DSL,Mailed check,30,48.8
6907-NZZIJ,0.7224,Yes,High,Yes,Month-to-month,Fiber optic,Electronic check,36,99.15
6133-OZILE,0.5245,Yes,Medium,No,Month-to-month,DSL,Electronic check,18,35.2
4135-FRWKJ,0.1861,No,Low,No,One year,DSL,Electronic check,55,76.25
2911-UREFD,0.4013,No,Medium,Yes,Month-to-month,DSL,Electronic check,39,55.9
3744-ZRRDZ,0.7305,Yes,High,Yes,Month-to-month,Fiber optic,Electronic check,21,82.35
5673-TIYIB,0.5863,Yes,Medium,Yes,Month-to-month,DSL,Credit card (automatic),2,40.4
6551-ZCOTS,0.0713,No,Low,No,One year,No,Bank transfer (automatic),33,24.9
7191-ADRGF,0.1773,No,Low,No,Two year,DSL,Bank transfer (automatic),44,54.3
5018-LXQQG,0.2512,No,Low,No,Month-to-month,DSL,Bank transfer (automatic),30,66.3
6892-BOGQE,0.0136,No,Low,No,Two year,No,Bank transfer (automatic),71,20.9
1602-IJQQE,0.8532,Yes,High,Yes,Month-to-month,Fiber optic,Electronic check,4,75.35
4628-WQCQQ,0.4425,No,Medium,Yes,One year,Fiber optic,Electronic check,35,85.15
1746-TGTWV,0.8639,Yes,High,No,Month-to-month,Fiber optic,Credit card (automatic),1,75.35
5995-SNNEW,0.796,Yes,High,No,Month-to-month,Fiber optic,Electronic check,23,104.45
8050-WYBND,0.3545,No,Low,No,One year,DSL,Credit card (automatic),22,49.45
2821-WARNZ,0.0518,No,Low,No,One year,No,Credit card (automatic),49,19.45
4879-GZLFH,0.586,Yes,Medium,No,Month-to-month,Fiber optic,Electronic check,42,92.15
1644-IRKSF,0.4444,No,Medium,Yes,One year,Fiber optic,Electronic check,33,93.8
8314-HTWVE,0.0793,No,Low,No,Two year,No,Mailed check,7,19.85
9402-ROUMJ,0.2496,No,Low,No,One year,Fiber optic,Bank transfer (automatic),67,100.25
2507-QZPQS,0.7125,Yes,High,No,Month-to-month,Fiber optic,Electronic check,15,95.7
7159-NOKYQ,0.2596,No,Low,No,Two year,Fiber optic,Electronic check,67,93.15
5707-ZMDJP,0.0931,No,Low,No,Two year,DSL,Mailed check,53,69.7
8779-YIQQA,0.0603,No,Low,No,One year,No,Mailed check,21,19.8
7136-IHZJA,0.2682,No,Low,No,Month-to-month,DSL,Mailed check,40,71.35
8966-OIQHG,0.0705,No,Low,No,One year,No,Bank transfer (automatic),22,20.75
7074-STDCN,0.382,No,Low,No,Month-to-month,DSL,Electronic check,39,40.6
3705-PSNGL,0.0406,No,Low,Yes,One year,No,Electronic check,45,20.4
8739-QOTTN,0.3195,No,Low,No,Month-to-month,No,Mailed check,2,20.35
1399-OUPJN,0.0276,No,Low,No,Two year,No,Bank transfer (automatic),57,19.75
0277-BKSQP,0.5236,Yes,Medium,No,Month-to-month,DSL,Electronic check,8,54.4
6502-HCJTI,0.7409,Yes,High,Yes,Month-to-month,Fiber optic,Credit card (automatic),7,94.7
2606-RMDHZ,0.6255,Yes,Medium,Yes,Month-to-month,DSL,Credit card (automatic),6,30.5
5774-XZTQC,0.2357,No,Low,No,Month-to-month,No,Mailed check,7,20.45
2676-SSLTO,0.0963,No,Low,No,Two year,DSL,Bank transfer (automatic),49,66.15
6266-QHOJZ,0.2109,No,Low,No,One year,Fiber optic,Electronic check,65,89.85
7269-JISCY,0.1248,No,Low,No,One year,DSL,Bank transfer (automatic),55,45.05
0363-SVHYR,0.0225,No,Low,No,Two year,DSL,Bank transfer (automatic),71,86.85
8547-NSBBO,0.4049,No,Medium,No,Month-to-month,Fiber optic,Mailed check,35,96.75
8258-GSTJK,0.8872,Yes,High,Yes,Month-to-month,Fiber optic,Electronic check,3,77.0
6861-OKBCE,0.2357,No,Low,Yes,Month-to-month,No,Credit card (automatic),11,20.1
9940-RHLFB,0.8745,Yes,High,Yes,Month-to-month,Fiber optic,Electronic check,1,75.3
6591-QGOYB,0.6213,Yes,Medium,No,Month-to-month,Fiber optic,Bank transfer (automatic),17,106.65
9070-BCKQP,0.1366,No,Low,No,Two year,Fiber optic,Credit card (automatic),72,110.15
6421-SZVEM,0.3261,No,Low,No,One year,Fiber optic,Bank transfer (automatic),28,82.85
1328-EUZHC,0.0349,No,Low,No,Two year,No,Mailed check,18,20.1
2995-UPRYS,0.4136,No,Medium,Yes,One year,Fiber optic,Credit card (automatic),40,99.2
8878-RYUKI,0.4224,No,Medium,No,Month-to-month,DSL,Electronic check,52,59.45
9633-DENPU,0.3441,No,Low,No,Month-to-month,DSL,Bank transfer (automatic),47,58.6
7811-JIVPF,0.3965,No,Low,No,Month-to-month,DSL,Credit card (automatic),23,49.7
7113-HIPFI,0.0408,No,Low,No,Two year,DSL,Mailed check,66,65.85
8541-QVFKM,0.8235,Yes,High,No,Month-to-month,Fiber optic,Electronic check,8,73.5
6686-YPGHK,0.484,No,Medium,Yes,Month-to-month,Fiber optic,Mailed check,47,85.5
1383-EZRWL,0.2654,No,Low,Yes,Month-to-month,No,Mailed check,7,20.05
9258-CNWAC,0.0935,No,Low,No,Two year,Fiber optic,Credit card (automatic),71,113.65
5371-VYLSX,0.511,Yes,Medium,No,Month-to-month,Fiber optic,Electronic check,50,83.4
6374-AFWOX,0.0942,No,Low,No,Two year,DSL,Mailed check,46,65.65
4759-TRPLW,0.8626,Yes,High,Yes,Month-to-month,Fiber optic,Electronic check,1,70.4
5317-FLPJF,0.0516,No,Low,No,Two year,DSL,Bank transfer (automatic),66,61.35
7621-VPNET,0.5022,Yes,Medium,No,Month-to-month,Fiber optic,Credit card (automatic),42,85.9
6034-YMTOB,0.757,Yes,High,No,Month-to-month,Fiber optic,Mailed check,5,75.65
8563-IIOXK,0.3468,No,Low,Yes,One year,DSL,Electronic check,7,49.75
4903-CNOZC,0.2229,No,Low,No,One year,DSL,Credit card (automatic),29,70.9
4353-HYOJD,0.2791,No,Low,No,Month-to-month,DSL,Mailed check,27,49.85
8020-BWHYL,0.7209,Yes,High,Yes,Month-to-month,Fiber optic,Credit card (automatic),15,75.3
7267-FRMJW,0.0194,No,Low,No,Two year,No,Mailed check,25,20.1
2982-VPSGI,0.8884,Yes,High,Yes,Month-to-month,Fiber optic,Electronic check,11,94.0
4188-FRABG,0.4272,No,Medium,No,Month-to-month,Fiber optic,Electronic check,57,103.05
8199-ZLLSA,0.3239,No,Low,Yes,One year,Fiber optic,Bank transfer (automatic),67,118.35
4128-ETESU,0.6841,Yes,Medium,No,Month-to-month,Fiber optic,Electronic check,47,99.7
0620-DLSLK,0.7076,Yes,High,No,Month-to-month,Fiber optic,Mailed check,13,81.9
4625-EWPTF,0.5829,Yes,Medium,Yes,Month-to-month,DSL,Electronic check,8,30.45
5980-NOPLP,0.7363,Yes,High,Yes,Month-to-month,Fiber optic,Electronic check,44,96.1
3850-OKINF,0.2271,No,Low,No,One year,DSL,Electronic check,71,66.2
6892-XPFPU,0.7943,Yes,High,Yes,Month-to-month,Fiber optic,Electronic check,24,104.25
8010-EZLOU,0.7956,Yes,High,Yes,Month-to-month,Fiber optic,Electronic check,15,80.2
1156-ZFYDO,0.5146,Yes,Medium,No,Month-to-month,No,Electronic check,1,19.75
3295-YVUSR,0.8475,Yes,High,No,Month-to-month,Fiber optic,Mailed check,2,72.6
8016-NCFVO,0.4528,No,Medium,No,Month-to-month,Fiber optic,Electronic check,55,116.5
4119-ZYPZY,0.3203,No,Low,No,Two year,Fiber optic,Electronic check,71,106.8
5549-ZGHFB,0.0315,No,Low,No,Two year,No,Mailed check,50,24.95
7577-SWIFR,0.9339,Yes,High,No,Month-to-month,Fiber optic,Electronic check,1,89.25
0303-WMMRN,0.3273,No,Low,No,Month-to-month,No,Mailed check,5,19.25
6408-OTUBZ,0.2878,No,Low,No,One year,Fiber optic,Bank transfer (automatic),66,104.55
5204-HMGYF,0.2163,No,Low,No,One year,DSL,Mailed check,49,87.2
1078-TDCRN,0.7713,Yes,High,No,Month-to-month,DSL,Electronic check,3,30.75
3727-OVPRY,0.0577,No,Low,No,One year,No,Credit card (automatic),66,25.7
3797-FKOGQ,0.793,Yes,High,No,Month-to-month,Fiber optic,Electronic check,11,86.2
7622-NXQZR,0.3334,No,Low,No,Month-to-month,DSL,Credit card (automatic),28,30.1
6196-HBOBZ,0.2452,No,Low,No,Two year,Fiber optic,Electronic check,65,99.35
3970-XGJDU,0.0572,No,Low,No,Two year,No,Credit card (automatic),62,19.2
7017-VFULY,0.3624,No,Low,No,Month-to-month,No,Bank transfer (automatic),2,20.1
5562-YJQGT,0.3138,No,Low,No,Month-to-month,No,Credit card (automatic),2,20.35
8807-OPMBM,0.0365,No,Low,No,Two year,No,Credit card (automatic),55,25.65
5439-WIKXB,0.6228,Yes,Medium,No,Month-to-month,Fiber optic,Electronic check,41,94.55
9874-QLCLH,0.7345,Yes,High,Yes,Month-to-month,Fiber optic,Electronic check,17,104.2
8294-UIMBA,0.4069,No,Medium,No,One year,Fiber optic,Bank transfer (automatic),30,94.4
8109-YUOHE,0.1924,No,Low,No,One year,DSL,Mailed check,17,56.1
5840-NVDCG,0.1229,No,Low,No,Two year,DSL,Bank transfer (automatic),16,68.25
8092-NLTGF,0.0198,No,Low,No,Two year,No,Bank transfer (automatic),72,24.75
5928-QLDHB,0.8126,Yes,High,No,Month-to-month,Fiber optic,Electronic check,9,76.25
9840-EFJQB,0.8882,Yes,High,No,Month-to-month,Fiber optic,Electronic check,1,74.35
0696-UKTOX,0.3366,No,Low,No,Month-to-month,DSL,Electronic check,23,54.15
4801-KFYKL,0.3027,No,Low,No,Month-to-month,No,Bank transfer (automatic),8,19.45
3472-OAOOR,0.4063,No,Medium,No,Month-to-month,DSL,Mailed check,19,34.95
6135-OZQVA,0.4801,No,Medium,No,Month-to-month,DSL,Electronic check,7,53.65
8062-YBDOE,0.9244,Yes,High,Yes,Month-to-month,Fiber optic,Electronic check,1,69.65
2252-JHJGE,0.4593,No,Medium,No,One year,Fiber optic,Electronic check,61,104.0
4188-PCPIG,0.0726,No,Low,No,Two year,DSL,Credit card (automatic),57,70.35
6000-APYLU,0.805,Yes,High,Yes,Month-to-month,Fiber optic,Electronic check,9,80.8
7105-BENQF,0.2174,No,Low,No,One year,DSL,Mailed check,15,64.85
7721-DVEKZ,0.5578,Yes,Medium,No,Month-to-month,No,Mailed check,1,19.65
3566-VVORZ,0.5387,Yes,Medium,No,Month-to-month,DSL,Bank transfer (automatic),12,45.9
9507-HSMMZ,0.0488,No,Low,No,Two year,No,Mailed check,54,20.0
2480-SQIOB,0.7284,Yes,High,No,Month-to-month,DSL,Electronic check,4,44.8
0947-IDHRQ,0.7884,Yes,High,Yes,Month-to-month,Fiber optic,Mailed check,7,80.3
7813-TKCVO,0.0327,No,Low,No,One year,No,Mailed check,20,20.35
0128-MKWSG,0.2618,No,Low,No,Month-to-month,DSL,Mailed check,26,45.8
3672-YITQD,0.7619,Yes,High,Yes,Month-to-month,Fiber optic,Electronic check,36,84.1
4350-ZTLPI,0.3949,No,Low,No,One year,Fiber optic,Bank transfer (automatic),53,108.95
9048-JVYVF,0.5901,Yes,Medium,Yes,Month-to-month,DSL,Electronic check,3,69.35
0361-HJRDX,0.0278,No,Low,No,Two year,DSL,Credit card (automatic),68,64.35
5727-MYATE,0.0314,No,Low,No,Two year,DSL,Credit card (automatic),72,90.8
3823-KYNQY,0.1096,No,Low,No,One year,No,Credit card (automatic),12,24.95
8988-ECPJR,0.5962,Yes,Medium,Yes,Month-to-month,Fiber optic,Mailed check,34,79.6
7570-WELNY,0.1381,No,Low,No,Two year,Fiber optic,Bank transfer (automatic),68,84.7
3021-VLNRJ,0.1382,No,Low,No,One year,DSL,Credit card (automatic),50,70.8
3776-EKTKM,0.8553,Yes,High,Yes,Month-to-month,DSL,Electronic check,1,36.45
2080-CAZNM,0.7598,Yes,High,No,Month-to-month,Fiber optic,Electronic check,41,104.4
1028-FFNJK,0.714,Yes,High,No,Month-to-month,Fiber optic,Electronic check,30,101.5
6907-FLBER,0.7199,Yes,High,No,Month-to-month,DSL,Electronic check,1,54.3
3001-UNBTL,0.7821,Yes,High,No,Month-to-month,Fiber optic,Electronic check,29,103.95
5982-PSMKW,0.1176,No,Low,No,Two year,DSL,Credit card (automatic),23,91.1
3507-GASNP,0.0285,No,Low,No,Two year,No,Mailed check,60,19.95
7096-ZNBZI,0.0151,No,Low,No,Two year,No,Credit card (automatic),72,26.45
1902-XBTFB,0.6598,Yes,Medium,Yes,Month-to-month,Fiber optic,Electronic check,22,89.4
1676-MQAOA,0.0244,No,Low,No,Two year,DSL,Bank transfer (automatic),72,75.1
0786-IVLAW,0.4257,No,Medium,No,One year,Fiber optic,Bank transfer (automatic),66,108.1
7566-DSRLQ,0.205,No,Low,No,Two year,Fiber optic,Electronic check,72,110.15
0643-OKLRP,0.4875,No,Medium,Yes,Month-to-month,Fiber optic,Electronic check,47,80.35
7245-JMTTQ,0.473,No,Medium,No,One year,Fiber optic,Electronic check,51,111.5
6050-IJRHS,0.3758,No,Low,No,One year,Fiber optic,Electronic check,70,106.5
6202-JVYEU,0.1551,No,Low,No,One year,No,Electronic check,9,19.9
8591-TKMZH,0.2432,No,Low,No,Two year,Fiber optic,Mailed check,59,111.1
0734-OXWBT,0.5958,Yes,Medium,No,Month-to-month,DSL,Mailed check,3,70.7
4282-ACRXS,0.5259,Yes,Medium,No,Month-to-month,DSL,Electronic check,38,24.85
0365-TRTPY,0.4752,No,Medium,No,Month-to-month,Fiber optic,Bank transfer (automatic),37,91.2
7349-ALMUX,0.0985,No,Low,No,Two year,DSL,Bank transfer (automatic),37,65.6
9381-NDKME,0.4968,No,Medium,Yes,Month-to-month,DSL,Credit card (automatic),24,40.65
6502-KUGLL,0.3138,No,Low,No,Month-to-month,DSL,Bank transfer (automatic),14,59.45
1841-YSJGV,0.1194,No,Low,No,Two year,Fiber optic,Credit card (automatic),72,109.95
2794-XIMMO,0.1735,No,Low,Yes,One year,DSL,Electronic check,53,60.45
8382-SHQEH,0.8548,Yes,High,Yes,Month-to-month,Fiber optic,Electronic check,8,84.9
3511-BFTJW,0.0752,No,Low,No,Two year,DSL,Credit card (automatic),72,38.5
7668-XCFYV,0.8043,Yes,High,No,Month-to-month,Fiber optic,Electronic check,17,92.55
2983-ZANRP,0.8281,Yes,High,Yes,Month-to-month,Fiber optic,Bank transfer (automatic),2,73.55
7845-URHJN,0.328,No,Low,Yes,Month-to-month,No,Bank transfer (automatic),8,20.15
3034-ZBEQN,0.1944,No,Low,Yes,One year,DSL,Mailed check,48,34.7
5018-HEKFO,0.2341,No,Low,No,Month-to-month,No,Mailed check,10,24.5
2923-ARZLG,0.3093,No,Low,No,One year,No,Mailed check,0,19.7
3976-NLDEZ,0.4863,No,Medium,No,Month-to-month,No,Mailed check,1,20.6
2282-YGNOR,0.1438,No,Low,No,One year,DSL,Credit card (automatic),29,58.0
5336-UFNZP,0.4368,No,Medium,No,One year,Fiber optic,Electronic check,65,107.45
6854-EXGSF,0.4331,No,Medium,No,Month-to-month,DSL,Bank transfer (automatic),8,65.5
1241-EZFMJ,0.0185,No,Low,No,Two year,No,Bank transfer (automatic),61,25.45
9233-PSYHO,0.4343,No,Medium,No,One year,Fiber optic,Bank transfer (automatic),45,100.15
5376-PCKNB,0.3231,No,Low,No,One year,Fiber optic,Credit card (automatic),72,104.45
8044-BGWPI,0.2212,No,Low,No,Month-to-month,No,Electronic check,12,21.15
4060-LDNLU,0.8798,Yes,High,No,Month-to-month,Fiber optic,Electronic check,7,96.2
3589-PPVKW,0.5469,Yes,Medium,No,Month-to-month,DSL,Mailed check,9,44.4
8327-LZKAS,0.506,Yes,Medium,Yes,One year,Fiber optic,Electronic check,43,107.55
5887-IKKYO,0.216,No,Low,No,Two year,Fiber optic,Bank transfer (automatic),58,94.35
1075-BGWOH,0.8127,Yes,High,Yes,Month-to-month,Fiber optic,Electronic check,16,98.75
1755-RMCXH,0.3253,No,Low,No,Month-to-month,No,Mailed check,2,20.3
0302-JOIVN,0.818,Yes,High,Yes,Month-to-month,Fiber optic,Electronic check,8,101.15
3858-XHYJO,0.443,No,Medium,No,One year,Fiber optic,Bank transfer (automatic),40,105.75
4299-SIMNS,0.7101,Yes,High,No,Month-to-month,Fiber optic,Electronic check,9,81.15
7025-IWFHT,0.4054,No,Medium,No,One year,Fiber optic,Electronic check,41,89.55
6261-LHRTG,0.2784,No,Low,No,Month-to-month,DSL,Credit card (automatic),26,54.75
7841-FCRQD,0.2429,No,Low,No,One year,DSL,Credit card (automatic),33,53.75
2056-EVGZL,0.3367,No,Low,No,One year,Fiber optic,Credit card (automatic),68,105.75
8777-MBMTS,0.2066,No,Low,No,Two year,Fiber optic,Credit card (automatic),65,105.85
7753-USQYQ,0.1938,No,Low,No,One year,DSL,Electronic check,55,64.2
5366-IJEQJ,0.7567,Yes,High,Yes,Month-to-month,Fiber optic,Electronic check,20,88.7
7661-CPURM,0.4027,No,Medium,No,One year,Fiber optic,Credit card (automatic),19,87.7
6233-HXJMX,0.5709,Yes,Medium,No,Month-to-month,Fiber optic,Credit card (automatic),45,89.3
5902-WBLSE,0.0089,No,Low,No,Two year,No,Credit card (automatic),70,20.15
1981-INRFU,0.8825,Yes,High,Yes,Month-to-month,Fiber optic,Electronic check,2,79.75
4971-PUYQO,0.7305,Yes,High,Yes,Month-to-month,Fiber optic,Mailed check,27,94.55
3239-TPHPZ,0.0976,No,Low,No,Two year,No,Electronic check,12,20.05
5115-GZDEL,0.029,No,Low,No,Two year,DSL,Credit card (automatic),72,67.2
3338-CVVEH,0.851,Yes,High,No,Month-to-month,Fiber optic,Electronic check,12,94.55
8485-GJCDN,0.6992,Yes,Medium,Yes,Month-to-month,Fiber optic,Mailed check,5,69.05
2615-YVMYX,0.479,No,Medium,No,Month-to-month,Fiber optic,Electronic check,71,107.5
2851-STERV,0.2676,No,Low,No,One year,DSL,Electronic check,35,73.0
4393-GEADV,0.1475,No,Low,No,Two year,Fiber optic,Credit card (automatic),70,114.75
8486-AYEQH,0.7435,Yes,High,No,Month-to-month,Fiber optic,Electronic check,31,76.05
1527-SXDPN,0.1723,No,Low,Yes,Two year,Fiber optic,Bank transfer (automatic),52,96.25
6029-WTIPC,0.7718,Yes,High,Yes,Month-to-month,Fiber optic,Electronic check,37,101.1
8634-CILSZ,0.3777,No,Low,Yes,One year,Fiber optic,Bank transfer (automatic),69,104.7
5419-JKZNQ,0.6126,Yes,Medium,No,Month-to-month,Fiber optic,Mailed check,30,77.9
2495-KZNFB,0.6578,Yes,Medium,No,Month-to-month,Fiber optic,Electronic check,33,90.65
1409-PHXTF,0.335,No,Low,No,Two year,Fiber optic,Electronic check,54,110.45
4560-WQAQW,0.1247,No,Low,No,One year,DSL,Bank transfer (automatic),59,68.7
9591-YVTEB,0.4162,No,Medium,No,Month-to-month,DSL,Electronic check,55,44.85
9309-BZGNT,0.1701,No,Low,No,One year,DSL,Credit card (automatic),69,29.8
4274-DRSQT,0.2344,No,Low,No,One year,Fiber optic,Bank transfer (automatic),66,88.9
2027-DNKIV,0.1841,No,Low,No,One year,DSL,Mailed check,37,58.75
8075-GXIUB,0.1238,No,Low,No,One year,No,Credit card (automatic),9,19.85
2885-HIJDH,0.0541,No,Low,No,Two year,DSL,Bank transfer (automatic),69,86.9
5424-RLQLC,0.4539,No,Medium,No,Month-to-month,DSL,Mailed check,10,59.65
6682-QJDGB,0.2149,No,Low,Yes,Month-to-month,DSL,Mailed check,40,55.25
6507-DTJZV,0.4227,No,Medium,No,Month-to-month,DSL,Credit card (automatic),13,66.4
8780-IXSTS,0.861,Yes,High,Yes,Month-to-month,Fiber optic,Electronic check,6,90.1
7673-BQGKU,0.0122,No,Low,No,Two year,No,Bank transfer (automatic),69,20.15
6723-WSNTY,0.3752,No,Low,No,One year,Fiber optic,Credit card (automatic),66,108.1
9530-EHPOH,0.5042,Yes,Medium,Yes,Month-to-month,DSL,Electronic check,11,53.75
2725-IWWBA,0.1115,No,Low,No,One year,DSL,Mailed check,46,56.9
0345-HKJVM,0.8408,Yes,High,Yes,Month-to-month,Fiber optic,Electronic check,6,89.3
1061-PNTHC,0.4051,No,Medium,No,Month-to-month,Fiber optic,Mailed check,56,109.6
0394-YONDK,0.0168,No,Low,No,Two year,No,Credit card (automatic),70,25.15
6574-MCOEH,0.2443,No,Low,No,One year,DSL,Electronic check,33,79.15
7399-QHBJS,0.0748,No,Low,No,Two year,DSL,Credit card (automatic),72,66.75
3049-SOLAY,0.9257,Yes,High,Yes,Month-to-month,Fiber optic,Electronic check,3,95.2
0997-YTLNY,0.3254,No,Low,No,Month-to-month,DSL,Mailed check,19,48.8
3317-HRTNN,0.7389,Yes,High,Yes,Month-to-month,DSL,Electronic check,5,45.7
9479-HYNYL,0.0414,No,Low,No,Two year,DSL,Credit card (automatic),71,80.7
3235-ETOOB,0.6681,Yes,Medium,Yes,Month-to-month,Fiber optic,Electronic check,8,74.5
9708-KFDBY,0.4624,No,Medium,No,Month-to-month,No,Credit card (automatic),1,20.55
8058-INTPH,0.9312,Yes,High,Yes,Month-to-month,Fiber optic,Electronic check,1,79.65
3642-GKTCT,0.3127,No,Low,No,One year,Fiber optic,Mailed check,61,115.1
0774-RMNUW,0.042,No,Low,No,Two year,DSL,Bank transfer (automatic),71,59.7
1334-PDUKM,0.2255,No,Low,No,One year,Fiber optic,Credit card (automatic),68,86.45
0756-MPZRL,0.1514,No,Low,No,One year,DSL,Credit card (automatic),46,33.7
2242-MFOTG,0.2031,No,Low,No,One year,Fiber optic,Bank transfer (automatic),33,80.1
2927-CVULT,0.2435,No,Low,No,Two year,Fiber optic,Bank transfer (automatic),53,104.05
2144-BFDSO,0.5385,Yes,Medium,No,Month-to-month,Fiber optic,Bank transfer (automatic),50,108.75
8745-PVESG,0.0969,No,Low,No,One year,DSL,Credit card (automatic),57,41.1
7647-GYYKX,0.0223,No,Low,No,Two year,No,Bank transfer (automatic),54,20.35
5647-FXOTP,0.6538,Yes,Medium,No,Month-to-month,Fiber optic,Electronic check,60,105.9
5569-OUICF,0.626,Yes,Medium,Yes,Month-to-month,Fiber optic,Credit card (automatic),28,101.3
8821-XNHVZ,0.8779,Yes,High,Yes,Month-to-month,Fiber optic,Mailed check,1,80.05
2082-OJVTK,0.7138,Yes,High,Yes,Month-to-month,Fiber optic,Electronic check,29,89.2
9700-ISPUP,0.4026,No,Medium,No,Month-to-month,DSL,Electronic check,10,65.5
9839-ETQOE,0.3899,No,Low,No,Month-to-month,DSL,Electronic check,43,40.45
6078-VESFR,0.6391,Yes,Medium,No,Month-to-month,Fiber optic,Bank transfer (automatic),13,70.45
9027-TMATR,0.1295,No,Low,No,Two year,DSL,Electronic check,43,78.8
5940-NFXKV,0.7386,Yes,High,Yes,Month-to-month,Fiber optic,Electronic check,19,83.65
1941-HOSAM,0.9137,Yes,High,No,Month-to-month,Fiber optic,Electronic check,1,90.1
9110-HSGTV,0.0403,No,Low,No,Two year,DSL,Credit card (automatic),69,82.45
0704-VCUMB,0.0123,No,Low,No,Two year,No,Credit card (automatic),61,20.25
6171-ZTVYB,0.2271,No,Low,No,Month-to-month,DSL,Bank transfer (automatic),43,66.25
8053-WWDRO,0.2988,No,Low,Yes,Month-to-month,No,Bank transfer (automatic),6,19.5
9564-KCLHR,0.6639,Yes,Medium,Yes,Month-to-month,DSL,Mailed check,1,51.25
1935-IMVBB,0.4932,No,Medium,No,Month-to-month,Fiber optic,Mailed check,56,89.7
2535-PBCGC,0.0315,No,Low,No,Two year,DSL,Bank transfer (automatic),70,64.55
2082-CEFLT,0.7945,Yes,High,Yes,Month-to-month,DSL,Electronic check,1,45.6
1470-PSXNM,0.3753,No,Low,No,One year,Fiber optic,Electronic check,49,93.65
1213-NGCUN,0.5503,Yes,Medium,Yes,Month-to-month,DSL,Bank transfer (automatic),6,49.65
2498-XLDZR,0.0942,No,Low,No,Two year,DSL,Mailed check,32,73.6
9866-OCCKE,0.1509,No,Low,No,Two year,Fiber optic,Mailed check,72,109.75
5338-YHWYT,0.1111,No,Low,No,Two year,DSL,Credit card (automatic),37,61.45
7718-UPSKJ,0.3789,No,Low,No,One year,Fiber optic,Credit card (automatic),69,106.4
8731-WBBMB,0.2843,No,Low,No,Month-to-month,DSL,Bank transfer (automatic),26,81.9
1448-CYWKC,0.4712,No,Medium,No,One year,Fiber optic,Credit card (automatic),58,105.2
7901-IIDQV,0.2069,No,Low,No,One year,DSL,Bank transfer (automatic),24,54.6
2690-DVRVK,0.1677,No,Low,No,One year,No,Electronic check,5,20.55
5688-KZTSN,0.2079,No,Low,Yes,Month-to-month,No,Electronic check,15,20.0
1270-XKUCC,0.0198,No,Low,No,Two year,No,Mailed check,30,19.7
0334-ZFJSR,0.087,No,Low,No,One year,DSL,Credit card (automatic),55,66.05
2894-QOJRX,0.4389,No,Medium,Yes,Month-to-month,DSL,Bank transfer (automatic),25,34.0
5747-PMBSQ,0.7352,Yes,High,Yes,Month-to-month,Fiber optic,Mailed check,10,92.5
5583-EJXRD,0.0851,No,Low,No,Two year,DSL,Credit card (automatic),44,54.05
4565-EVZMJ,0.1937,No,Low,No,One year,DSL,Mailed check,47,58.9
3143-JQEGI,0.7698,Yes,High,Yes,Month-to-month,Fiber optic,Electronic check,13,88.35
6386-SZZKH,0.2884,No,Low,Yes,Two year,Fiber optic,Bank transfer (automatic),49,107.95
3327-YBAKM,0.2908,No,Low,No,One year,Fiber optic,Mailed check,64,96.9
9441-QHEVC,0.5279,Yes,Medium,No,Month-to-month,No,Mailed check,1,19.1
6705-LNMDD,0.3057,No,Low,No,Month-to-month,DSL,Mailed check,20,50.0
2580-ASVVY,0.1233,No,Low,No,Two year,DSL,Electronic check,37,45.4
3370-GQEAL,0.6857,Yes,Medium,No,Month-to-month,Fiber optic,Electronic check,30,85.45
5032-USPKF,0.2104,No,Low,No,One year,DSL,Bank transfer (automatic),38,84.1
2982-IHMFT,0.8778,Yes,High,Yes,Month-to-month,Fiber optic,Mailed check,1,74.45
3521-SYVOR,0.3719,No,Low,Yes,Month-to-month,DSL,Electronic check,37,64.75
4254-QPEDE,0.0541,No,Low,No,Two year,DSL,Credit card (automatic),52,66.25
6283-GITPX,0.0295,No,Low,No,Two year,DSL,Credit card (automatic),71,76.9
9526-JAWYF,0.6007,Yes,Medium,Yes,Month-to-month,Fiber optic,Electronic check,26,89.8
0771-CHWSK,0.1056,No,Low,No,Two year,DSL,Credit card (automatic),66,74.6
9788-HNGUT,0.1034,No,Low,No,Two year,Fiber optic,Credit card (automatic),72,116.95
9495-REDIY,0.2147,No,Low,No,One year,DSL,Credit card (automatic),25,40.65
5375-XLDOF,0.2149,No,Low,No,Two year,Fiber optic,Bank transfer (automatic),69,114.35
1172-VIYBP,0.0767,No,Low,No,Two year,DSL,Bank transfer (automatic),53,69.7
5649-VUKMC,0.6236,Yes,Medium,Yes,One year,Fiber optic,Mailed check,12,95.5
6559-PDZLR,0.6375,Yes,Medium,No,Month-to-month,Fiber optic,Electronic check,26,98.65
8992-OBVDG,0.3161,No,Low,No,Month-to-month,DSL,Mailed check,21,61.65
4273-MBHYA,0.9271,Yes,High,No,Month-to-month,Fiber optic,Electronic check,1,89.35
4724-WXVWF,0.5373,Yes,Medium,No,Month-to-month,Fiber optic,Electronic check,48,95.4
5701-GUXDC,0.1615,No,Low,No,One year,DSL,Credit card (automatic),26,35.4
1460-UZPRJ,0.017,No,Low,No,Two year,No,Mailed check,60,19.95
6082-GLJIX,0.1801,No,Low,No,Month-to-month,No,Mailed check,18,19.25
5143-EGQFK,0.5919,Yes,Medium,Yes,Month-to-month,DSL,Electronic check,10,29.65
4919-IKATY,0.7108,Yes,High,Yes,Month-to-month,Fiber optic,Electronic check,5,84.5
2495-TTHBQ,0.1377,No,Low,No,One year,No,Mailed check,4,20.4
0485-ZBSLN,0.0197,No,Low,No,Two year,No,Credit card (automatic),65,24.75
3810-PJUHR,0.0064,No,Low,No,Two year,No,Mailed check,70,25.35
9050-QLROH,0.6172,Yes,Medium,Yes,Month-to-month,Fiber optic,Credit card (automatic),18,90.7
0847-HGRML,0.0242,No,Low,No,Two year,No,Bank transfer (automatic),62,20.0
8232-CTLKO,0.1619,No,Low,No,Two year,DSL,Electronic check,66,59.75
9227-YBAXE,0.0831,No,Low,No,Two year,DSL,Bank transfer (automatic),65,82.5
6168-WFVVF,0.8251,Yes,High,Yes,Month-to-month,Fiber optic,Electronic check,3,70.3
9860-LISIZ,0.1039,No,Low,No,Month-to-month,No,Mailed check,34,20.35
0112-QAWRZ,0.6806,Yes,Medium,No,Month-to-month,Fiber optic,Bank transfer (automatic),16,90.8
0877-SDMBN,0.3348,No,Low,Yes,One year,Fiber optic,Bank transfer (automatic),54,103.95
2786-GCDPI,0.6,Yes,Medium,No,Month-to-month,Fiber optic,Electronic check,50,104.95
4043-MKDTV,0.2684,No,Low,No,Two year,Fiber optic,Electronic check,71,105.25
8065-YKXKD,0.8007,Yes,High,Yes,Month-to-month,Fiber optic,Electronic check,10,74.75
9637-EIHEQ,0.7067,Yes,High,Yes,Month-to-month,DSL,Electronic check,1,50.8
9229-RQABD,0.0765,No,Low,No,One year,No,Mailed check,18,23.75
8313-KTIHG,0.6252,Yes,Medium,No,Month-to-month,DSL,Electronic check,4,61.3
5320-BRKGK,0.0531,No,Low,No,Two year,DSL,Mailed check,58,75.8
6284-KMNUF,0.3534,No,Low,No,One year,Fiber optic,Electronic check,56,98.0
9689-PTNPG,0.863,Yes,High,Yes,Month-to-month,Fiber optic,Electronic check,2,80.25
9465-RWMXL,0.7042,Yes,High,Yes,Month-to-month,Fiber optic,Electronic check,32,78.9
6229-UOLQL,0.1168,No,Low,No,One year,DSL,Mailed check,56,52.0
2362-IBOOY,0.7144,Yes,High,Yes,Month-to-month,Fiber optic,Electronic check,36,84.75
3137-LUPIX,0.5827,Yes,Medium,No,Month-to-month,DSL,Mailed check,4,64.4
0843-WTBXE,0.4377,No,Medium,Yes,Month-to-month,Fiber optic,Bank transfer (automatic),53,85.45
6143-JQKEA,0.6126,Yes,Medium,No,Month-to-month,DSL,Credit card (automatic),10,45.8
8676-OOQEJ,0.6447,Yes,Medium,No,Month-to-month,DSL,Electronic check,4,30.5
5515-IDEJJ,0.5057,Yes,Medium,Yes,Month-to-month,No,Mailed check,1,19.9
9701-CDXHR,0.4058,No,Medium,No,Month-to-month,Fiber optic,Mailed check,51,69.15
7450-NWRTR,0.9038,Yes,High,Yes,Month-to-month,Fiber optic,Electronic check,12,99.45
8124-NZVGJ,0.4318,No,Medium,No,One year,DSL,Mailed check,6,49.25
2162-FRZAA,0.0751,No,Low,No,Two year,DSL,Bank transfer (automatic),63,39.35
5376-DEQCP,0.9003,Yes,High,Yes,Month-to-month,Fiber optic,Electronic check,1,70.6
5118-MUEYH,0.5447,Yes,Medium,No,Month-to-month,Fiber optic,Credit card (automatic),48,105.1
9095-HFAFX,0.8368,Yes,High,Yes,Month-to-month,Fiber optic,Credit card (automatic),5,81.0
5627-TVBPP,0.0374,No,Low,No,One year,No,Credit card (automatic),35,20.1
2379-ENZGV,0.8309,Yes,High,Yes,Month-to-month,Fiber optic,Electronic check,6,84.85
3936-QQFLL,0.3718,No,Low,No,Month-to-month,No,Mailed check,2,19.75
2589-AYCRP,0.0753,No,Low,No,One year,No,Bank transfer (automatic),50,19.75
4067-HLYQI,0.5792,Yes,Medium,No,Month-to-month,Fiber optic,Bank transfer (automatic),33,70.4
5124-EOGYE,0.0182,No,Low,No,Two year,No,Mailed check,31,20.45
5057-RKGLH,0.0591,No,Low,No,Two year,No,Mailed check,9,20.35
0292-WEGCH,0.2795,No,Low,No,Month-to-month,DSL,Electronic check,54,86.2
8910-ICHIU,0.3173,No,Low,No,One year,Fiber optic,Credit card (automatic),46,95.65
4097-YODCF,0.4998,No,Medium,No,One year,Fiber optic,Electronic check,34,103.8
9715-WZCLW,0.2148,No,Low,No,Two year,Fiber optic,Electronic check,71,97.2
9786-YWNHU,0.0444,No,Low,No,Two year,DSL,Mailed check,63,63.55
6407-GSJNL,0.0396,No,Low,No,Two year,No,Bank transfer (automatic),51,24.95
6005-OBZPH,0.7152,Yes,High,Yes,Month-to-month,Fiber optic,Electronic check,26,89.15
4049-ZPALD,0.1945,No,Low,No,Two year,Fiber optic,Bank transfer (automatic),64,99.0
7932-WPTDS,0.8368,Yes,High,Yes,Month-to-month,DSL,Electronic check,1,24.8
3733-UOCWF,0.1833,No,Low,No,One year,Fiber optic,Bank transfer (automatic),61,85.55
6833-JMZYP,0.7079,Yes,High,No,Month-to-month,Fiber optic,Credit card (automatic),15,94.0
2722-VOJQL,0.4162,No,Medium,Yes,One year,Fiber optic,Credit card (automatic),64,105.65
1310-QRITU,0.5027,Yes,Medium,No,Month-to-month,DSL,Electronic check,18,50.3
8961-QDZZJ,0.3809,No,Low,No,One year,Fiber optic,Electronic check,57,95.0
9715-SBVSU,0.1936,No,Low,No,Two year,DSL,Bank transfer (automatic),14,61.4
8490-BXHEO,0.6641,Yes,Medium,No,Month-to-month,Fiber optic,Credit card (automatic),18,80.55
7173-TETGO,0.1147,No,Low,No,Two year,Fiber optic,Bank transfer (automatic),72,78.5
7929-SKFGK,0.1781,No,Low,No,Two year,Fiber optic,Credit card (automatic),70,114.3
2300-RQGOI,0.009,No,Low,No,Two year,No,Mailed check,38,20.05
3563-SVYLG,0.0574,No,Low,No,Two year,DSL,Credit card (automatic),68,62.65
5228-EXCET,0.7504,Yes,High,Yes,Month-to-month,Fiber optic,Electronic check,13,80.85
6435-VWCCY,0.1894,No,Low,No,Two year,Fiber optic,Credit card (automatic),65,92.7
4998-IKFSE,0.7083,Yes,High,No,Month-to-month,Fiber optic,Electronic check,30,100.45
8630-QSGXK,0.101,No,Low,No,Two year,DSL,Bank transfer (automatic),51,75.2
2455-USLMV,0.5106,Yes,Medium,No,Month-to-month,Fiber optic,Credit card (automatic),31,84.75
7394-FKDNK,0.8373,Yes,High,Yes,Month-to-month,Fiber optic,Electronic check,9,89.45
9488-FVZCC,0.0354,No,Low,No,Two year,DSL,Bank transfer (automatic),72,79.5
6331-LWDTQ,0.5561,Yes,Medium,Yes,Month-to-month,DSL,Credit card (automatic),10,72.15
5995-WWKKG,0.0441,No,Low,No,One year,No,Electronic check,37,19.8
1597-FZREH,0.6214,Yes,Medium,Yes,Month-to-month,DSL,Electronic check,2,76.4
7879-CGSFV,0.4002,No,Medium,No,One year,Fiber optic,Mailed check,55,100.9
9921-EZKBY,0.5383,Yes,Medium,No,Month-to-month,Fiber optic,Bank transfer (automatic),33,95.3
7432-FFVAR,0.2719,No,Low,No,One year,Fiber optic,Bank transfer (automatic),46,90.95
7246-ZGQDF,0.6312,Yes,Medium,No,Month-to-month,DSL,Electronic check,1,54.5
7000-WCEVQ,0.3839,No,Low,Yes,Month-to-month,DSL,Mailed check,20,61.6
0727-IWKVK,0.8057,Yes,High,Yes,Month-to-month,Fiber optic,Electronic check,9,79.9
5959-BELXA,0.7214,Yes,High,Yes,Month-to-month,Fiber optic,Credit card (automatic),32,96.15
4456-RHSNB,0.38,No,Low,No,Month-to-month,DSL,Bank transfer (automatic),19,49.6
3512-IZIKN,0.0354,No,Low,Yes,Two year,DSL,Credit card (automatic),70,65.3
2481-SBOYW,0.0245,No,Low,No,Two year,No,Credit card (automatic),61,25.0
7109-MFBYV,0.3805,No,Low,No,Month-to-month,DSL,Electronic check,26,45.45
1833-TCXKK,0.667,Yes,Medium,No,Month-to-month,Fiber optic,Bank transfer (automatic),45,107.75
1832-PEUTS,0.1869,No,Low,No,Two year,Fiber optic,Credit card (automatic),62,89.1
6141-OOXUQ,0.5293,Yes,Medium,Yes,Month-to-month,No,Mailed check,1,19.65
8660-BUETV,0.6682,Yes,Medium,No,Month-to-month,DSL,Mailed check,3,44.75
0580-PIQHM,0.3265,No,Low,No,One year,Fiber optic,Bank transfer (automatic),41,101.6
5696-CEIQJ,0.2529,No,Low,No,Two year,Fiber optic,Bank transfer (automatic),67,103.15
7503-ZGUZJ,0.9182,Yes,High,Yes,Month-to-month,Fiber optic,Mailed check,1,84.65
1696-HXOWK,0.2209,No,Low,No,One year,Fiber optic,Mailed check,71,95.65
3026-ATZYV,0.2297,No,Low,No,One year,DSL,Bank transfer (automatic),37,75.1
4012-YCFAI,0.0371,No,Low,No,Two year,DSL,Mailed check,60,61.35
2506-TNFCO,0.9188,Yes,High,Yes,Month-to-month,Fiber optic,Electronic check,1,69.55
9970-QBCDA,0.3219,No,Low,No,Month-to-month,No,Credit card (automatic),6,19.7
8718-PTMEZ,0.5315,Yes,Medium,Yes,Month-to-month,DSL,Electronic check,13,31.05
9496-IVVRP,0.3841,No,Low,No,Month-to-month,DSL,Bank transfer (automatic),11,51.0
2207-OBZNX,0.457,No,Medium,Yes,Month-to-month,DSL,Mailed check,7,51.0
2657-VPXTA,0.843,Yes,High,No,Month-to-month,Fiber optic,Electronic check,10,88.85
6551-VLJMV,0.0129,No,Low,No,Two year,No,Credit card (automatic),34,20.05
1221-GHZEP,0.0653,No,Low,No,Two year,DSL,Mailed check,62,65.1
9289-LBQVU,0.1768,No,Low,No,One year,DSL,Mailed check,64,70.15
6142-VSJQO,0.7296,Yes,High,Yes,Month-to-month,DSL,Bank transfer (automatic),1,44.35
3458-IDMFK,0.015,No,Low,No,Two year,No,Mailed check,25,20.75
6933-FHBZC,0.2271,No,Low,No,One year,DSL,Mailed check,26,56.05
0221-NAUXK,0.1493,No,Low,No,One year,No,Bank transfer (automatic),10,19.95
9770-KXGQU,0.2856,No,Low,No,One year,Fiber optic,Mailed check,53,98.6
6437-UKHMV,0.8302,Yes,High,Yes,Month-to-month,Fiber optic,Electronic check,7,79.7
6538-POCHL,0.5593,Yes,Medium,No,Month-to-month,Fiber optic,Credit card (automatic),33,79.0
6726-NNFWD,0.1715,No,Low,No,Two year,Fiber optic,Credit card (automatic),71,89.45
3002-WQZWT,0.6976,Yes,Medium,No,Month-to-month,Fiber optic,Electronic check,29,74.2
4277-UDIEF,0.3244,No,Low,No,Month-to-month,DSL,Bank transfer (automatic),24,81.0
1208-NBVFH,0.5158,Yes,Medium,No,Month-to-month,DSL,Electronic check,20,49.6
4912-PIGUY,0.9321,Yes,High,No,Month-to-month,Fiber optic,Electronic check,1,84.6
1114-CENIM,0.2907,No,Low,Yes,Month-to-month,DSL,Credit card (automatic),54,55.0
6060-DRTNL,0.8408,Yes,High,Yes,Month-to-month,Fiber optic,Mailed check,5,84.85
2725-TTRIQ,0.0331,No,Low,No,Two year,DSL,Bank transfer (automatic),72,84.2
3374-TTZTK,0.3074,No,Low,No,Two year,Fiber optic,Electronic check,52,106.3
8990-ZXLSU,0.7134,Yes,High,No,Month-to-month,Fiber optic,Electronic check,9,69.05
2275-RBYQS,0.7948,Yes,High,No,Month-to-month,DSL,Mailed check,1,45.4
8473-VUVJN,0.911,Yes,High,Yes,Month-to-month,Fiber optic,Electronic check,1,73.65
6289-CPNLD,0.2307,No,Low,Yes,One year,DSL,Mailed check,33,73.9
5536-SLHPM,0.5125,Yes,Medium,Yes,Month-to-month,Fiber optic,Electronic check,55,77.75
4419-UJMUS,0.3135,No,Low,No,Two year,Fiber optic,Electronic check,69,99.35
7794-JASDG,0.7299,Yes,High,No,Month-to-month,DSL,Mailed check,1,50.75
7609-YBPXG,0.0586,No,Low,No,Two year,DSL,Bank transfer (automatic),54,87.1
5519-TEEUH,0.0311,No,Low,No,One year,No,Mailed check,33,20.15
7856-GANIL,0.3646,No,Low,No,One year,Fiber optic,Bank transfer (automatic),45,98.7
0804-XBFBV,0.6422,Yes,Medium,No,Month-to-month,DSL,Electronic check,11,25.2
2676-OXPPQ,0.4522,No,Medium,No,Month-to-month,DSL,Bank transfer (automatic),6,55.7
3703-TTEPD,0.3281,No,Low,No,Month-to-month,DSL,Bank transfer (automatic),21,65.35
2799-TSLAG,0.0333,No,Low,No,Two year,No,Bank transfer (automatic),65,25.3
0196-VULGZ,0.8805,Yes,High,Yes,Month-to-month,Fiber optic,Electronic check,6,84.35
8837-VVWLQ,0.7351,Yes,High,Yes,Month-to-month,Fiber optic,Electronic check,8,84.95
2696-NARTR,0.7477,Yes,High,Yes,Month-to-month,Fiber optic,Electronic check,11,73.85
2208-NKVVH,0.0418,No,Low,No,Two year,No,Mailed check,43,24.25
7614-QVWQL,0.2788,No,Low,Yes,One year,DSL,Bank transfer (automatic),49,51.8
1976-CFOCS,0.7758,Yes,High,Yes,Month-to-month,DSL,Electronic check,1,46.0
4631-OACRM,0.7443,Yes,High,Yes,Month-to-month,Fiber optic,Electronic check,15,79.4
7139-JZFVG,0.0384,No,Low,No,Two year,DSL,Bank transfer (automatic),60,60.5
4987-GQWPO,0.4731,No,Medium,No,Month-to-month,DSL,Credit card (automatic),17,25.1
3755-JBMNH,0.6259,Yes,Medium,Yes,Month-to-month,Fiber optic,Bank transfer (automatic),16,71.8
1757-TCATG,0.0383,No,Low,No,One year,No,Bank transfer (automatic),35,20.05
6345-ULYRW,0.3361,No,Low,Yes,One year,Fiber optic,Mailed check,44,88.4
4776-XSKYQ,0.3339,No,Low,No,One year,DSL,Credit card (automatic),12,30.25
8048-DSDFQ,0.6078,Yes,Medium,No,Month-to-month,No,Mailed check,1,20.2
5753-QQWPW,0.1771,No,Low,No,One year,DSL,Electronic check,28,59.9
6010-DDPPW,0.0349,No,Low,No,Two year,No,Bank transfer (automatic),70,25.15
1809-DMJHQ,0.5928,Yes,Medium,Yes,Month-to-month,DSL,Mailed check,5,46.0
6693-FRIRW,0.6757,Yes,Medium,No,Month-to-month,Fiber optic,Credit card (automatic),18,101.3
6586-MYGKD,0.0587,No,Low,No,Two year,DSL,Credit card (automatic),70,76.95
3173-NVMPX,0.4378,No,Medium,No,Month-to-month,DSL,Mailed check,9,55.3
0248-PGHBZ,0.1402,No,Low,No,Two year,Fiber optic,Bank transfer (automatic),67,92.45
0623-GDISB,0.7202,Yes,High,No,Month-to-month,DSL,Bank transfer (automatic),1,48.45
2892-GESUL,0.061,No,Low,No,Two year,No,Mailed check,18,19.35
6923-EFPNL,0.6488,Yes,Medium,Yes,Month-to-month,DSL,Credit card (automatic),4,51.75
7472-EQOAV,0.1526,No,Low,No,One year,Fiber optic,Bank transfer (automatic),71,86.7
9574-RKJIF,0.6111,Yes,Medium,Yes,Month-to-month,Fiber optic,Electronic check,30,94.4
2043-WVTQJ,0.5704,Yes,Medium,No,Month-to-month,DSL,Mailed check,1,55.7
8034-RYTVV,0.1887,No,Low,No,One year,Fiber optic,Credit card (automatic),55,84.25
3863-QSTYI,0.3195,No,Low,No,Month-to-month,DSL,Electronic check,59,64.65
2619-WFQWU,0.8802,Yes,High,Yes,Month-to-month,Fiber optic,Mailed check,1,70.15
5044-LRQAQ,0.7057,Yes,High,No,Month-to-month,Fiber optic,Bank transfer (automatic),7,69.2
1716-LSAMB,0.0974,No,Low,No,Two year,DSL,Bank transfer (automatic),45,54.65
1333-PBMXB,0.0609,No,Low,No,One year,No,Bank transfer (automatic),54,24.75
6546-OPBBH,0.0656,No,Low,No,One year,No,Mailed check,51,23.95
5985-BEHZK,0.3356,No,Low,No,One year,Fiber optic,Credit card (automatic),72,105.0
9127-QRZMH,0.1091,No,Low,No,One year,DSL,Bank transfer (automatic),44,59.85
5919-VCZYM,0.3,No,Low,No,Month-to-month,No,Mailed check,2,20.05
9644-KVCNC,0.2924,No,Low,No,One year,Fiber optic,Bank transfer (automatic),66,92.15
2137-DQMEV,0.1615,No,Low,No,One year,DSL,Mailed check,68,44.8
8174-LNWMW,0.0347,No,Low,No,Two year,No,Credit card (automatic),31,20.9
9279-CJEOJ,0.7562,Yes,High,No,Month-to-month,Fiber optic,Bank transfer (automatic),21,95.4
7964-VEXDG,0.6148,Yes,Medium,No,Month-to-month,Fiber optic,Electronic check,21,80.35
2404-JIBFC,0.052,No,Low,No,Two year,DSL,Bank transfer (automatic),55,85.1
0778-NELLA,0.6157,Yes,Medium,Yes,Month-to-month,DSL,Credit card (automatic),9,34.7
8029-XYPWT,0.109,No,Low,No,Two year,Fiber optic,Bank transfer (automatic),71,115.05
4614-NUVZD,0.9258,Yes,High,Yes,Month-to-month,Fiber optic,Electronic check,1,81.1
4632-PAOYU,0.0154,No,Low,No,One year,No,Mailed check,22,19.95
3803-KMQFW,0.476,No,Medium,Yes,Month-to-month,No,Mailed check,1,20.55
6804-GDMOI,0.2631,No,Low,Yes,Two year,Fiber optic,Electronic check,61,106.6
2990-OGYTD,0.034,No,Low,No,Two year,DSL,Bank transfer (automatic),67,86.15
6646-JPPHA,0.652,Yes,Medium,No,Month-to-month,Fiber optic,Electronic check,14,78.85
9572-MTILT,0.3927,No,Low,Yes,Month-to-month,Fiber optic,Electronic check,59,106.75
7658-UYUQS,0.577,Yes,Medium,No,Month-to-month,Fiber optic,Bank transfer (automatic),21,86.55
7880-XSOJX,0.4796,No,Medium,No,Month-to-month,DSL,Mailed check,4,42.4
9611-CTWIH,0.8647,Yes,High,Yes,Month-to-month,Fiber optic,Electronic check,3,89.45
4589-IUAJB,0.0047,No,Low,No,Two year,No,Bank transfer (automatic),70,24.25
0329-GTIAJ,0.8118,Yes,High,Yes,Month-to-month,Fiber optic,Electronic check,3,97.9
8746-BFOAJ,0.0709,No,Low,No,One year,No,Bank transfer (automatic),21,20.5
8457-XIGKN,0.1848,No,Low,No,Month-to-month,No,Credit card (automatic),20,19.6
6072-NUQCB,0.052,No,Low,No,One year,No,Bank transfer (automatic),22,20.25
6629-CZTTH,0.7533,Yes,High,Yes,Month-to-month,DSL,Mailed check,1,55.7
8838-GPHZP,0.0209,No,Low,No,Two year,No,Mailed check,63,20.6
8750-QWZAJ,0.0115,No,Low,No,Two year,No,Bank transfer (automatic),70,19.8
5364-EVNIB,0.719,Yes,High,Yes,Month-to-month,Fiber optic,Electronic check,13,79.8
6918-UMQCG,0.8229,Yes,High,No,Month-to-month,Fiber optic,Electronic check,5,80.2
0675-NCDYU,0.0598,No,Low,No,Two year,Fiber optic,Credit card (automatic),72,116.4
6339-DKLMK,0.5322,Yes,Medium,No,Month-to-month,DSL,Electronic check,13,31.65
1346-PJWTK,0.3092,No,Low,No,Month-to-month,Fiber optic,Credit card (automatic),61,94.15
5088-QZLRL,0.4988,No,Medium,No,Month-to-month,No,Electronic check,1,20.65
8023-QHAIO,0.3248,No,Low,No,Month-to-month,Fiber optic,Bank transfer (automatic),56,76.85
4397-FRLTA,0.2838,No,Low,No,Month-to-month,No,Mailed check,4,20.15
3057-VJJQE,0.1099,No,Low,No,Two year,DSL,Mailed check,35,55.25
5087-SUURX,0.6062,Yes,Medium,Yes,Month-to-month,DSL,Electronic check,18,39.05
2302-OUZXB,0.1151,No,Low,No,Two year,DSL,Bank transfer (automatic),72,82.15
8133-ANHHJ,0.3296,No,Low,No,One year,Fiber optic,Bank transfer (automatic),49,103.0
2270-CHBFN,0.4279,No,Medium,No,Month-to-month,Fiber optic,Credit card (automatic),44,95.1
0013-EXCHZ,0.7758,Yes,High,Yes,Month-to-month,Fiber optic,Mailed check,3,83.9
5982-FPVQN,0.6504,Yes,Medium,No,Month-to-month,Fiber optic,Electronic check,37,95.15
9107-UKCKY,0.2823,No,Low,No,One year,DSL,Electronic check,61,79.8
4654-ULTTN,0.0729,No,Low,No,Two year,DSL,Credit card (automatic),70,74.8
5550-VFRLC,0.916,Yes,High,Yes,Month-to-month,Fiber optic,Electronic check,1,69.85
5546-BYZSM,0.1293,No,Low,No,Month-to-month,No,Electronic check,41,20.45
1492-KGETH,0.1695,No,Low,No,One year,DSL,Bank transfer (automatic),70,78.35
4929-BSTRX,0.7486,Yes,High,Yes,Month-to-month,DSL,Mailed check,1,53.55
4163-HFTUK,0.1179,No,Low,No,One year,No,Electronic check,51,19.1
8215-NGSPE,0.0068,No,Low,No,Two year,No,Mailed check,42,20.0
2225-ZRGSG,0.0912,No,Low,Yes,Two year,Fiber optic,Bank transfer (automatic),70,93.9
8859-YSTWS,0.0608,No,Low,No,One year,No,Bank transfer (automatic),48,19.95
5271-YNWVR,0.1517,No,Low,Yes,Two year,Fiber optic,Electronic check,68,113.15
7601-DHFWZ,0.0584,No,Low,No,Two year,No,Credit card (automatic),48,24.0
2657-ALMWY,0.6331,Yes,Medium,Yes,Month-to-month,Fiber optic,Electronic check,26,84.95
6330-JKLPC,0.7693,Yes,High,Yes,Month-to-month,Fiber optic,Bank transfer (automatic),11,80.5
4667-OHGKG,0.4966,No,Medium,Yes,Month-to-month,No,Mailed check,1,19.3
1998-VHJHK,0.033,No,Low,No,One year,No,Mailed check,27,19.15
1707-HABPF,0.2796,No,Low,No,One year,Fiber optic,Bank transfer (automatic),46,91.3
1660-HSOOQ,0.7599,Yes,High,Yes,Month-to-month,DSL,Mailed check,1,49.65
7253-UVNDW,0.1009,No,Low,Yes,Two year,DSL,Credit card (automatic),46,54.35
0487-VVUVK,0.1438,No,Low,No,Month-to-month,No,Mailed check,25,19.15
7228-OMTPN,0.8771,Yes,High,Yes,Month-to-month,Fiber optic,Electronic check,4,88.45
5063-IUOKK,0.0396,No,Low,No,Two year,No,Mailed check,13,19.75
4508-OEBEY,0.2585,No,Low,No,One year,DSL,Credit card (automatic),31,75.5
0027-KWYKW,0.7313,Yes,High,No,Month-to-month,Fiber optic,Electronic check,23,83.75
2308-STERM,0.3541,No,Low,No,Month-to-month,No,Mailed check,2,19.4
5982-XMDEX,0.0238,No,Low,No,Two year,No,Bank transfer (automatic),65,26.5
6284-AHOOQ,0.5856,Yes,Medium,Yes,Month-to-month,Fiber optic,Bank transfer (automatic),22,90.5
6051-PTVNS,0.053,No,Low,No,One year,No,Credit card (automatic),55,19.15
2344-JMOGN,0.7908,Yes,High,Yes,Month-to-month,Fiber optic,Mailed check,9,94.85
3799-ISUZQ,0.7436,Yes,High,Yes,Month-to-month,Fiber optic,Bank transfer (automatic),7,69.95
2877-VDUER,0.1722,No,Low,No,One year,DSL,Mailed check,35,40.9
9152-AMKAK,0.2351,No,Low,No,Two year,DSL,Mailed check,6,80.25
1794-HBQTJ,0.6414,Yes,Medium,Yes,Month-to-month,DSL,Credit card (automatic),1,48.6
9432-VOFYX,0.7201,Yes,High,No,Month-to-month,Fiber optic,Electronic check,17,70.8
8049-WJCLQ,0.4624,No,Medium,No,Month-to-month,DSL,Mailed check,10,60.2
6586-PSJOX,0.2649,No,Low,No,One year,DSL,Credit card (automatic),15,55.2
2460-FPSYH,0.4018,No,Medium,Yes,Month-to-month,DSL,Electronic check,40,55.8
9705-ZJBCG,0.1849,No,Low,No,One year,DSL,Bank transfer (automatic),13,54.15
4818-DRBQT,0.6314,Yes,Medium,Yes,Month-to-month,Fiber optic,Bank transfer (automatic),29,80.15
1320-HTRDR,0.8497,Yes,High,Yes,Month-to-month,Fiber optic,Electronic check,3,75.5
6847-KJLTS,0.4774,No,Medium,No,Month-to-month,Fiber optic,Bank transfer (automatic),58,100.4
9670-BPNXF,0.2577,No,Low,No,One year,DSL,Credit card (automatic),45,62.55
3913-FCUUW,0.0584,No,Low,No,Two year,DSL,Bank transfer (automatic),72,70.45
3301-VKTGC,0.1658,No,Low,No,One year,Fiber optic,Bank transfer (automatic),68,85.5
1493-AMTIE,0.531,Yes,Medium,Yes,Month-to-month,No,Bank transfer (automatic),1,20.2
9555-SAHUZ,0.3248,No,Low,No,Month-to-month,DSL,Electronic check,38,54.5
0816-TSPHQ,0.3239,No,Low,No,Month-to-month,No,Mailed check,2,20.75
9932-WBWIK,0.2476,No,Low,No,Month-to-month,No,Mailed check,11,20.35
4619-EVPHY,0.4933,No,Medium,No,One year,Fiber optic,Bank transfer (automatic),20,91.0
5286-YHCVC,0.2707,No,Low,No,Two year,Fiber optic,Bank transfer (automatic),72,104.8
6424-ELEYH,0.8377,Yes,High,Yes,Month-to-month,Fiber optic,Credit card (automatic),3,74.75
4391-RESHN,0.6634,Yes,Medium,Yes,Month-to-month,Fiber optic,Mailed check,23,104.05
9115-YQHGA,0.3383,No,Low,No,Month-to-month,DSL,Electronic check,40,51.1
4462-CYWMH,0.4632,No,Medium,No,Month-to-month,Fiber optic,Bank transfer (automatic),62,89.8
8963-MQVYN,0.1958,No,Low,No,Month-to-month,No,Electronic check,22,20.55
2458-EOMRE,0.3997,No,Low,No,Month-to-month,DSL,Bank transfer (automatic),11,64.05
9334-GWGOW,0.8407,Yes,High,No,Month-to-month,Fiber optic,Electronic check,7,74.85
6821-BUXUX,0.7467,Yes,High,Yes,Month-to-month,Fiber optic,Electronic check,13,96.65
5028-HTLJB,0.5848,Yes,Medium,Yes,Month-to-month,No,Mailed check,1,20.05
9801-GDWGV,0.7172,Yes,High,Yes,Month-to-month,Fiber optic,Electronic check,39,103.45
6542-LWGXJ,0.7049,Yes,High,No,Month-to-month,DSL,Mailed check,3,25.0
5567-GZKQY,0.0305,No,Low,No,Two year,No,Credit card (automatic),58,20.3
1222-LRYKO,0.2578,No,Low,No,Month-to-month,No,Mailed check,6,26.35
2320-JRSDE,0.4956,No,Medium,Yes,Month-to-month,No,Electronic check,1,19.9
2087-QAREY,0.3638,No,Low,No,Month-to-month,DSL,Mailed check,22,54.7
0601-WZHJF,0.5814,Yes,Medium,Yes,Month-to-month,DSL,Electronic check,14,46.35
4423-JWZJN,0.2923,No,Low,No,One year,Fiber optic,Credit card (automatic),64,90.25
5143-WMWOG,0.5523,Yes,Medium,Yes,Month-to-month,No,Electronic check,1,19.95
6490-FGZAT,0.2365,No,Low,No,Month-to-month,No,Mailed check,6,20.65
5393-RXQSZ,0.9013,Yes,High,Yes,Month-to-month,Fiber optic,Electronic check,1,79.6
7452-FOLON,0.0535,No,Low,No,One year,No,Bank transfer (automatic),39,25.45
2320-TZRRH,0.0289,No,Low,No,One year,No,Mailed check,20,19.5
0231-LXVAP,0.8101,Yes,High,Yes,Month-to-month,Fiber optic,Electronic check,1,75.9
9444-JTXHZ,0.8671,Yes,High,Yes,Month-to-month,Fiber optic,Electronic check,1,76.2
4942-VZZOM,0.1776,No,Low,No,One year,DSL,Credit card (automatic),64,66.15
5510-BOIUJ,0.4567,No,Medium,Yes,Month-to-month,No,Mailed check,1,19.25
7502-BNYGS,0.364,No,Low,No,Month-to-month,DSL,Credit card (automatic),46,69.1
4291-HYEBC,0.3842,No,Low,No,One year,DSL,Electronic check,28,39.1
6147-CBCRA,0.113,No,Low,No,Month-to-month,No,Mailed check,33,20.05
6047-SUHPR,0.1796,No,Low,No,One year,DSL,Electronic check,39,59.8
4471-KXAUH,0.5791,Yes,Medium,Yes,Month-to-month,Fiber optic,Electronic check,42,84.3
9752-ZNQUT,0.6985,Yes,Medium,No,Month-to-month,DSL,Electronic check,1,48.6
7638-QVMVY,0.8051,Yes,High,Yes,Month-to-month,Fiber optic,Electronic check,7,79.0
1576-PFZIW,0.2168,No,Low,No,Two year,Fiber optic,Credit card (automatic),70,105.35
5666-MBJPT,0.0322,No,Low,No,Two year,No,Bank transfer (automatic),65,25.1
7312-XSBAT,0.6417,Yes,Medium,No,Month-to-month,DSL,Electronic check,1,49.75
3096-GKWEB,0.7882,Yes,High,No,Month-to-month,Fiber optic,Electronic check,18,94.75
2371-JQHZZ,0.7671,Yes,High,No,Month-to-month,Fiber optic,Electronic check,24,93.0
0674-GCDXG,0.0387,No,Low,No,Two year,DSL,Bank transfer (automatic),63,71.9
1121-QSIVB,0.2714,No,Low,No,One year,DSL,Mailed check,44,77.55
4396-KLSEH,0.3268,No,Low,No,Month-to-month,No,Electronic check,4,19.85
3244-DCJWY,0.8914,Yes,High,Yes,Month-to-month,Fiber optic,Electronic check,1,70.25
2824-MYYBN,0.7503,Yes,High,No,Month-to-month,Fiber optic,Electronic check,37,95.25
0875-CABNR,0.8011,Yes,High,Yes,Month-to-month,Fiber optic,Credit card (automatic),10,84.6
6345-HOVES,0.4252,No,Medium,No,Month-to-month,DSL,Bank transfer (automatic),34,25.05
8318-LCNBW,0.2127,No,Low,No,One year,DSL,Credit card (automatic),35,53.15
6469-QJKZW,0.3165,No,Low,No,Month-to-month,No,Electronic check,4,20.15
0147-ESWWR,0.6958,Yes,Medium,No,Month-to-month,Fiber optic,Electronic check,39,101.25
1217-VASWC,0.4371,No,Medium,No,One year,Fiber optic,Bank transfer (automatic),43,100.55
7812-FZHPE,0.1009,No,Low,Yes,Month-to-month,No,Mailed check,17,24.1
6370-ZVHDV,0.0148,No,Low,No,Two year,No,Bank transfer (automatic),61,25.3
5915-DGNVC,0.2246,No,Low,No,One year,DSL,Electronic check,49,71.8
6260-XLACS,0.15,No,Low,No,One year,No,Mailed check,4,19.7
3566-CAAYU,0.1587,No,Low,No,Two year,DSL,Electronic check,64,49.85
4983-CCWMC,0.8099,Yes,High,No,Month-to-month,Fiber optic,Mailed check,3,69.6
9103-CXVOK,0.5006,Yes,Medium,No,Month-to-month,No,Electronic check,1,19.75
2896-TBNBE,0.3069,No,Low,No,One year,Fiber optic,Electronic check,40,80.8
4797-AXPXK,0.5341,Yes,Medium,Yes,Month-to-month,DSL,Electronic check,1,60.0
5229-PRWKT,0.8274,Yes,High,Yes,Month-to-month,Fiber optic,Electronic check,8,86.55
6982-UQZLY,0.5345,Yes,Medium,Yes,Month-to-month,No,Mailed check,1,20.85
2522-WLNSF,0.2212,No,Low,No,One year,DSL,Bank transfer (automatic),34,64.2
3841-CONLJ,0.8063,Yes,High,No,Month-to-month,DSL,Electronic check,1,35.0
5057-LCOUI,0.4456,No,Medium,Yes,Month-to-month,DSL,Electronic check,39,50.75
0193-ESZXP,0.32,No,Low,Yes,One year,Fiber optic,Credit card (automatic),58,105.5
4475-NVTLU,0.0539,No,Low,No,Two year,No,Electronic check,45,19.2
4369-HTUIF,0.7092,Yes,High,Yes,Month-to-month,Fiber optic,Bank transfer (automatic),6,85.15
9386-LDCZR,0.2495,No,Low,No,One year,Fiber optic,Credit card (automatic),43,90.65
9585-KKMFD,0.0222,No,Low,No,Two year,No,Mailed check,41,20.0
5399-ZIMKF,0.7823,Yes,High,No,Month-to-month,Fiber optic,Electronic check,5,74.65
0336-KXKFK,0.0541,No,Low,No,Two year,DSL,Credit card (automatic),72,61.2
5619-XZZKR,0.1782,No,Low,No,One year,No,Mailed check,4,19.95
3948-FVVRP,0.4141,No,Medium,No,Month-to-month,DSL,Mailed check,9,54.8
5327-XOKKY,0.1365,No,Low,No,Two year,DSL,Credit card (automatic),72,73.45
0983-TATYJ,0.1986,No,Low,No,One year,DSL,Mailed check,33,51.45
1813-JYWTO,0.0914,No,Low,No,Two year,Fiber optic,Bank transfer (automatic),72,80.45
0156-FVPTA,0.4039,No,Medium,Yes,Month-to-month,DSL,Electronic check,22,54.2
1984-FCOWB,0.3785,No,Low,Yes,One year,Fiber optic,Electronic check,70,109.5
0654-HMSHN,0.7091,Yes,High,Yes,Month-to-month,Fiber optic,Electronic check,21,104.4
6719-OXYBR,0.7204,Yes,High,No,Month-to-month,Fiber optic,Electronic check,15,85.3
3312-ZWLGF,0.6315,Yes,Medium,No,Month-to-month,Fiber optic,Electronic check,29,79.3
6476-YHMGA,0.3622,No,Low,No,Month-to-month,DSL,Bank transfer (automatic),15,76.5
5287-QWLKY,0.3888,No,Low,Yes,Month-to-month,Fiber optic,Credit card (automatic),71,105.1
0795-XCCTE,0.0252,No,Low,No,Two year,No,Bank transfer (automatic),72,25.4
0168-XZKBB,0.7466,Yes,High,No,Month-to-month,Fiber optic,Electronic check,19,86.85
3785-NRHYR,0.5333,Yes,Medium,No,Month-to-month,No,Mailed check,1,19.65
5196-SGOAK,0.8963,Yes,High,Yes,Month-to-month,Fiber optic,Electronic check,1,75.7
4537-DKTAL,0.7691,Yes,High,No,Month-to-month,DSL,Electronic check,2,45.55
7072-MBHEV,0.7914,Yes,High,No,Month-to-month,Fiber optic,Credit card (automatic),11,78.1
5602-BVFMK,0.1188,No,Low,No,One year,No,Mailed check,12,19.3
6297-NOOPG,0.2813,No,Low,No,Two year,Fiber optic,Electronic check,70,110.5
1891-UAWWU,0.6847,Yes,Medium,Yes,Month-to-month,Fiber optic,Electronic check,20,90.8
8204-TIFGJ,0.1778,No,Low,No,Month-to-month,No,Bank transfer (automatic),23,20.3
8050-DVOJX,0.0663,No,Low,No,Two year,DSL,Credit card (automatic),49,81.35
6108-OQZDQ,0.8971,Yes,High,Yes,Month-to-month,Fiber optic,Electronic check,4,97.95
0363-QJVFX,0.493,No,Medium,Yes,Month-to-month,Fiber optic,Credit card (automatic),32,108.15
8903-XEBGX,0.7491,Yes,High,No,Month-to-month,DSL,Electronic check,2,55.3
8169-SAEJD,0.0671,No,Low,No,Two year,DSL,Credit card (automatic),69,56.55
9840-DVNDC,0.79,Yes,High,Yes,Month-to-month,Fiber optic,Credit card (automatic),6,80.5
1089-XZWHH,0.0264,No,Low,No,Two year,No,Mailed check,24,19.7
2325-WINES,0.5059,Yes,Medium,No,One year,Fiber optic,Credit card (automatic),32,104.05
6064-ZATLR,0.1174,No,Low,No,Two year,DSL,Bank transfer (automatic),27,52.85
3096-JRDSO,0.6128,Yes,Medium,Yes,Month-to-month,Fiber optic,Bank transfer (automatic),27,104.3
7824-PANSQ,0.3378,No,Low,No,Month-to-month,Fiber optic,Bank transfer (automatic),58,80.65
8042-JVNFH,0.8891,Yes,High,Yes,Month-to-month,Fiber optic,Mailed check,1,71.35
9648-BCHKM,0.0648,No,Low,No,Two year,No,Credit card (automatic),18,24.65
2888-ADFAO,0.0345,No,Low,No,Two year,No,Bank transfer (automatic),47,21.3
8707-HOEDG,0.2682,No,Low,No,Two year,Fiber optic,Electronic check,70,110.2
3374-LXDEV,0.6896,Yes,Medium,Yes,Month-to-month,Fiber optic,Electronic check,13,89.4
4072-IPYLT,0.2816,No,Low,No,Month-to-month,DSL,Credit card (automatic),36,51.05
7167-PCEYD,0.026,No,Low,No,Two year,No,Mailed check,67,19.8
4936-YPJNK,0.3119,No,Low,No,Month-to-month,No,Mailed check,10,19.9
1580-BMCMR,0.6562,Yes,Medium,No,Month-to-month,Fiber optic,Electronic check,19,87.3
4817-KEQSP,0.0239,No,Low,No,Two year,No,Bank transfer (automatic),71,19.85
6408-WHTEF,0.0222,No,Low,No,Two year,DSL,Mailed check,72,89.4
9251-AWQGT,0.0091,No,Low,No,Two year,No,Mailed check,48,20.0
8749-CLJXC,0.5528,Yes,Medium,No,Month-to-month,No,Mailed check,1,20.05
7989-VCQOH,0.3736,No,Low,No,Month-to-month,DSL,Electronic check,18,83.25
5049-GLYVG,0.4863,No,Medium,Yes,Month-to-month,No,Mailed check,1,20.6
4199-QHJNM,0.2251,No,Low,No,Two year,Fiber optic,Bank transfer (automatic),67,102.9
8882-TLVRW,0.047,No,Low,No,Two year,DSL,Mailed check,69,39.1
5883-GTGVD,0.7874,Yes,High,Yes,Month-to-month,Fiber optic,Electronic check,19,99.95
5135-GRQJV,0.0835,No,Low,No,Two year,Fiber optic,Mailed check,72,114.5
2384-OVPSA,0.0221,No,Low,No,Two year,No,Mailed check,38,20.2
1371-WEPDS,0.2459,No,Low,No,One year,DSL,Electronic check,40,55.8
3580-GICBM,0.036,No,Low,No,Two year,No,Mailed check,61,24.2
4817-QRJSX,0.7964,Yes,High,Yes,Month-to-month,Fiber optic,Credit card (automatic),10,81.0
9730-DRTMJ,0.2113,No,Low,No,One year,DSL,Credit card (automatic),32,72.8
4686-UXDML,0.7503,Yes,High,No,Month-to-month,Fiber optic,Credit card (automatic),21,99.85
3349-ANQNH,0.4595,No,Medium,No,One year,Fiber optic,Electronic check,59,99.5
2398-YPMUR,0.7085,Yes,High,Yes,Month-to-month,Fiber optic,Electronic check,13,70.15
0932-YIXYU,0.031,No,Low,No,Two year,No,Credit card (automatic),47,20.25
7480-SPLEF,0.0145,No,Low,No,Two year,No,Bank transfer (automatic),69,26.0
7636-XUHWW,0.4141,No,Medium,No,Month-to-month,No,Credit card (automatic),2,19.9
1431-CYWMH,0.1949,No,Low,No,Month-to-month,No,Bank transfer (automatic),22,19.05
5937-EORGB,0.7767,Yes,High,No,Month-to-month,Fiber optic,Electronic check,15,96.5
6349-JDHQP,0.0436,No,Low,No,Two year,No,Credit card (automatic),53,19.85
5539-HIVAK,0.1631,No,Low,No,Month-to-month,No,Mailed check,28,25.7
5847-MXBEO,0.0309,No,Low,No,One year,No,Mailed check,22,20.3
9985-MWVIX,0.8892,Yes,High,Yes,Month-to-month,Fiber optic,Mailed check,1,70.15
4583-PARNH,0.7288,Yes,High,No,Month-to-month,Fiber optic,Electronic check,16,91.55
1116-FRYVH,0.0926,No,Low,No,Two year,DSL,Mailed check,48,39.4
1421-HCERK,0.5121,Yes,Medium,No,Month-to-month,Fiber optic,Bank transfer (automatic),30,105.7
9633-XQABV,0.8233,Yes,High,No,Month-to-month,Fiber optic,Electronic check,3,70.25
0716-BQNDX,0.204,No,Low,No,Two year,Fiber optic,Electronic check,57,93.75
1265-XTECC,0.2637,No,Low,Yes,One year,Fiber optic,Credit card (automatic),68,96.55
1183-CANVH,0.1898,No,Low,No,One year,DSL,Bank transfer (automatic),23,60.0
1972-XMUWV,0.0933,No,Low,No,Two year,DSL,Credit card (automatic),65,59.8
8679-LZBMD,0.413,No,Medium,No,One year,Fiber optic,Bank transfer (automatic),44,90.65
3407-JMJQQ,0.2174,No,Low,No,Two year,Fiber optic,Bank transfer (automatic),71,109.0
6252-DFGTK,0.1558,No,Low,No,One year,DSL,Credit card (automatic),37,68.1
1539-LNKHM,0.2377,No,Low,No,Month-to-month,No,Mailed check,12,20.4
8645-KOMJQ,0.0698,No,Low,No,Two year,DSL,Bank transfer (automatic),69,81.95
0289-IVARM,0.2695,No,Low,No,Month-to-month,DSL,Electronic check,35,60.55
9761-XUJWD,0.4772,No,Medium,No,Month-to-month,DSL,Bank transfer (automatic),5,65.6
4057-FKCZK,0.2233,No,Low,No,Two year,Fiber optic,Bank transfer (automatic),58,82.5
4291-TPNFG,0.0239,No,Low,No,Two year,DSL,Bank transfer (automatic),72,82.3
6087-YPWHO,0.0238,No,Low,No,Two year,DSL,Mailed check,72,68.15
3090-QFUVD,0.4888,No,Medium,No,Month-to-month,No,Credit card (automatic),1,20.3
2237-ZFSMY,0.3394,No,Low,Yes,One year,Fiber optic,Electronic check,39,95.55
1722-LDZJS,0.0509,No,Low,No,One year,No,Credit card (automatic),53,20.2
1818-ESQMW,0.5937,Yes,Medium,No,Month-to-month,Fiber optic,Electronic check,27,89.2
4871-JTKJF,0.9092,Yes,High,Yes,Month-to-month,Fiber optic,Electronic check,1,69.65
1415-YFWLT,0.9225,Yes,High,Yes,Month-to-month,Fiber optic,Electronic check,1,89.3
7401-RUBNK,0.6323,Yes,Medium,No,Month-to-month,Fiber optic,Electronic check,18,74.8
0506-YLVKJ,0.0086,No,Low,No,Two year,No,Mailed check,46,20.2
8661-BOYNW,0.0352,No,Low,No,Two year,DSL,Credit card (automatic),72,84.4
6711-VTNRE,0.5406,Yes,Medium,Yes,Month-to-month,Fiber optic,Electronic check,36,87.55
4815-GBTCD,0.8005,Yes,High,No,Month-to-month,DSL,Electronic check,4,25.15
2805-AUFQN,0.0302,No,Low,No,Two year,No,Credit card (automatic),25,19.8
0980-PVMRC,0.4678,No,Medium,No,Month-to-month,DSL,Electronic check,40,50.85
7233-DRTRF,0.6713,Yes,Medium,No,Month-to-month,Fiber optic,Electronic check,63,102.4
3500-RMZLT,0.5732,Yes,Medium,Yes,Month-to-month,Fiber optic,Mailed check,15,96.3
3873-NFTGI,0.3949,No,Low,No,Month-to-month,DSL,Credit card (automatic),14,55.5
1162-ECVII,0.1957,No,Low,No,Two year,Fiber optic,Bank transfer (automatic),72,109.75
7048-GXDAY,0.6565,Yes,Medium,No,Month-to-month,Fiber optic,Electronic check,39,106.4
8571-ZCMCX,0.1082,No,Low,No,Two year,DSL,Credit card (automatic),47,60.0
1169-WCVAK,0.4535,No,Medium,No,Month-to-month,Fiber optic,Credit card (automatic),19,88.8
4548-SDBKE,0.8884,Yes,High,Yes,Month-to-month,Fiber optic,Electronic check,5,85.2
8066-POXGX,0.6122,Yes,Medium,Yes,Month-to-month,DSL,Electronic check,13,35.1
7129-CAKJW,0.6276,Yes,Medium,No,Month-to-month,Fiber optic,Bank transfer (automatic),17,80.05
8695-ARGXZ,0.7524,Yes,High,No,Month-to-month,Fiber optic,Electronic check,34,75.55
3570-YUEKJ,0.3403,No,Low,No,Month-to-month,DSL,Electronic check,42,49.55
4143-OOBWZ,0.8811,Yes,High,Yes,Month-to-month,Fiber optic,Electronic check,5,81.3
1555-HAPSU,0.012,No,Low,No,Two year,No,Credit card (automatic),71,23.9
1697-NVVGY,0.3412,No,Low,No,Month-to-month,DSL,Bank transfer (automatic),19,66.4
7854-EKTJL,0.3595,No,Low,Yes,Month-to-month,No,Electronic check,2,19.6
8464-EETCQ,0.0674,No,Low,No,Two year,No,Credit card (automatic),57,18.8
2419-FSORS,0.2052,No,Low,No,Two year,Fiber optic,Electronic check,72,108.4
8132-YPVBX,0.8047,Yes,High,No,Month-to-month,Fiber optic,Mailed check,6,85.95
9102-IAYHT,0.774,Yes,High,Yes,Month-to-month,Fiber optic,Electronic check,17,85.45
6754-LZUKA,0.1421,No,Low,No,Two year,DSL,Bank transfer (automatic),61,80.9
3422-LYEPQ,0.9029,Yes,High,Yes,Month-to-month,Fiber optic,Electronic check,1,71.0
8099-MZPUJ,0.2319,No,Low,No,Two year,Fiber optic,Credit card (automatic),48,111.8
0787-LHDYT,0.226,No,Low,No,Month-to-month,No,Credit card (automatic),16,20.6
2642-DTVCO,0.87,Yes,High,Yes,Month-to-month,Fiber optic,Electronic check,9,85.05
0374-IOEGQ,0.7421,Yes,High,No,Month-to-month,DSL,Electronic check,3,44.6
4361-JEIVL,0.7236,Yes,High,Yes,Month-to-month,DSL,Electronic check,1,44.4
3197-NNYNB,0.2696,No,Low,No,Two year,Fiber optic,Credit card (automatic),65,105.1
3396-DKDEL,0.1335,No,Low,No,Two year,Fiber optic,Credit card (automatic),70,115.15
1752-OZXFY,0.1436,No,Low,No,One year,DSL,Mailed check,60,59.8
9066-QRSDU,0.1025,No,Low,No,One year,No,Electronic check,69,26.3
9112-WSNPU,0.6014,Yes,Medium,No,Month-to-month,Fiber optic,Electronic check,35,70.55
9867-NNXLC,0.1662,No,Low,No,Month-to-month,No,Mailed check,22,20.05
5321-NTRKC,0.1671,No,Low,No,Two year,DSL,Bank transfer (automatic),66,79.85
1363-TXLSL,0.8987,Yes,High,Yes,Month-to-month,Fiber optic,Electronic check,1,70.3
9507-EXLTT,0.92,Yes,High,Yes,Month-to-month,Fiber optic,Bank transfer (automatic),1,79.35
3161-GETRM,0.6146,Yes,Medium,No,Month-to-month,Fiber optic,Credit card (automatic),34,90.05
0402-OAMEN,0.0142,No,Low,No,Two year,No,Bank transfer (automatic),72,24.45
6933-VLYFX,0.1935,No,Low,No,One year,DSL,Electronic check,31,59.95
6754-WKSHP,0.1001,No,Low,No,One year,No,Bank transfer (automatic),30,25.35
9846-GKXAS,0.8287,Yes,High,Yes,Month-to-month,Fiber optic,Bank transfer (automatic),9,90.8
6017-PPLPX,0.639,Yes,Medium,Yes,Month-to-month,Fiber optic,Electronic check,20,70.45
4976-LNFVV,0.5073,Yes,Medium,No,Month-to-month,DSL,Credit card (automatic),19,34.3
5055-MGMGF,0.505,Yes,Medium,No,Month-to-month,Fiber optic,Electronic check,65,105.05
4641-FROLU,0.0303,No,Low,No,Two year,No,Mailed check,30,19.3
2862-JVEOY,0.1113,No,Low,No,One year,No,Mailed check,6,19.15
2969-QWUBZ,0.75,Yes,High,No,Month-to-month,DSL,Electronic check,2,51.4
9822-BIIGN,0.2401,No,Low,No,Month-to-month,DSL,Electronic check,53,71.85
2077-MPJQO,0.854,Yes,High,No,Month-to-month,Fiber optic,Electronic check,7,75.4
1534-OULXE,0.1061,No,Low,No,One year,DSL,Bank transfer (automatic),61,49.7
7136-RVDTZ,0.2759,No,Low,Yes,One year,DSL,Electronic check,70,45.25
2971-SGAFL,0.5012,Yes,Medium,No,Month-to-month,DSL,Electronic check,13,78.75
1480-IVEVR,0.3201,No,Low,No,One year,Fiber optic,Bank transfer (automatic),35,81.6
2905-KFQUV,0.8143,Yes,High,No,Month-to-month,Fiber optic,Credit card (automatic),2,70.4
4581-SSPWD,0.8868,Yes,High,Yes,Month-to-month,Fiber optic,Electronic check,3,75.8
3370-HXOPH,0.8627,Yes,High,No,Month-to-month,Fiber optic,Electronic check,3,76.1
9391-YZEJW,0.4347,No,Medium,No,One year,Fiber optic,Bank transfer (automatic),62,94.0
9958-MEKUC,0.1106,No,Low,No,Two year,Fiber optic,Credit card (automatic),72,103.95
0281-CNTZX,0.0175,No,Low,No,Two year,No,Bank transfer (automatic),63,19.95
6927-WTFIV,0.5563,Yes,Medium,Yes,Month-to-month,Fiber optic,Credit card (automatic),20,71.3
4118-CEVPF,0.3884,No,Low,No,One year,Fiber optic,Bank transfer (automatic),35,110.8
3398-ZOUAA,0.6784,Yes,Medium,Yes,Month-to-month,Fiber optic,Electronic check,21,69.1
9114-VEPUF,0.295,No,Low,No,One year,Fiber optic,Electronic check,62,96.1
7876-BEUTG,0.4708,No,Medium,No,Month-to-month,DSL,Mailed check,15,48.8
2338-BQEZT,0.2574,No,Low,No,Month-to-month,DSL,Credit card (automatic),55,50.55
9873-MNDKV,0.5679,Yes,Medium,No,Month-to-month,DSL,Mailed check,11,44.65
0378-NHQXU,0.7397,Yes,High,Yes,Month-to-month,Fiber optic,Electronic check,17,88.25
8241-JUIQO,0.0693,No,Low,No,One year,No,Bank transfer (automatic),61,19.45
2194-IIQOF,0.0375,No,Low,No,Two year,DSL,Credit card (automatic),71,89.3
4512-ZUIYL,0.7885,Yes,High,Yes,Month-to-month,Fiber optic,Bank transfer (automatic),2,70.0
9631-RXVJM,0.0271,No,Low,No,Two year,No,Mailed check,35,19.25
9584-EXCDZ,0.5817,Yes,Medium,No,Month-to-month,Fiber optic,Bank transfer (automatic),17,70.5
7969-AULMZ,0.7896,Yes,High,Yes,Month-to-month,Fiber optic,Electronic check,21,97.35
5093-FEGLU,0.0196,No,Low,No,Two year,No,Bank transfer (automatic),47,19.65
2621-UDNLU,0.3133,No,Low,No,Month-to-month,No,Mailed check,3,20.85
7526-IVLYU,0.3265,No,Low,No,Month-to-month,No,Mailed check,3,19.65
2428-HYUNX,0.0374,No,Low,No,Two year,No,Credit card (automatic),44,19.35
9214-EKVXR,0.757,Yes,High,No,Month-to-month,DSL,Mailed check,1,44.0
3410-MHHUM,0.3612,No,Low,No,One year,Fiber optic,Electronic check,44,94.4
0568-ONFPC,0.2655,No,Low,Yes,Month-to-month,No,Bank transfer (automatic),5,25.9
0733-VUNUW,0.2986,No,Low,Yes,Month-to-month,DSL,Bank transfer (automatic),24,55.65
4550-EVXNY,0.9173,Yes,High,Yes,Month-to-month,Fiber optic,Electronic check,1,69.65
2122-YWVYA,0.6372,Yes,Medium,No,Month-to-month,Fiber optic,Electronic check,18,75.4
2968-SSGAA,0.8983,Yes,High,Yes,Month-to-month,Fiber optic,Electronic check,10,100.6
2296-DKZFP,0.0367,No,Low,No,Two year,DSL,Bank transfer (automatic),65,71.0
4844-JJWUY,0.9014,Yes,High,Yes,Month-to-month,Fiber optic,Electronic check,1,86.0
6777-TGHTM,0.3367,No,Low,Yes,One year,Fiber optic,Credit card (automatic),53,106.95
8909-BOLNL,0.1734,No,Low,No,One year,No,Mailed check,3,21.2
6603-YRDCJ,0.0878,No,Low,No,Two year,DSL,Mailed check,33,61.05
3538-WZPHD,0.7339,Yes,High,Yes,Month-to-month,DSL,Electronic check,3,29.6
3229-USWAR,0.2976,No,Low,No,One year,DSL,Bank transfer (automatic),34,79.95
2138-VFAPZ,0.0502,No,Low,No,Two year,No,Mailed check,14,19.7
6131-JLWZM,0.2254,No,Low,No,Month-to-month,No,Mailed check,13,20.3
4785-QRJHC,0.2332,No,Low,Yes,One year,DSL,Bank transfer (automatic),46,59.9
0269-XFESX,0.0529,No,Low,No,One year,No,Mailed check,23,24.35
1709-EJDOX,0.0095,No,Low,No,Two year,No,Mailed check,47,19.75
4316-XCSLJ,0.4268,No,Medium,No,Month-to-month,DSL,Mailed check,17,50.3
8610-WFCJF,0.6625,Yes,Medium,Yes,Month-to-month,Fiber optic,Electronic check,49,95.6
9693-XMUOB,0.4765,No,Medium,No,Month-to-month,DSL,Electronic check,59,50.25
0383-CLDDA,0.0425,No,Low,No,Two year,DSL,Credit card (automatic),69,85.35
4905-JEFDW,0.4803,No,Medium,Yes,One year,DSL,Electronic check,11,41.6
2709-UQGNP,0.4137,No,Medium,No,Month-to-month,DSL,Mailed check,10,51.65
3549-ZTMNH,0.0865,No,Low,No,Two year,No,Bank transfer (automatic),12,24.0
7881-INRLC,0.6522,Yes,Medium,Yes,Month-to-month,Fiber optic,Credit card (automatic),45,100.85
8033-ATFAS,0.3339,No,Low,No,Month-to-month,DSL,Mailed check,39,59.85
1635-NZATJ,0.0107,No,Low,No,Two year,No,Credit card (automatic),71,25.45
0562-HKHML,0.0063,No,Low,No,Two year,No,Credit card (automatic),71,23.9
8277-RVRSV,0.0531,No,Low,No,One year,No,Credit card (automatic),33,24.15
9943-VSZUV,0.3959,No,Low,No,Month-to-month,Fiber optic,Mailed check,67,75.7
0117-LFRMW,0.3031,No,Low,Yes,Month-to-month,DSL,Bank transfer (automatic),37,40.2
6172-FECYY,0.6361,Yes,Medium,Yes,Month-to-month,Fiber optic,Electronic check,49,84.5
7054-ENNGU,0.4208,No,Medium,No,Month-to-month,DSL,Mailed check,9,50.85
1455-HFBXA,0.1332,No,Low,No,Two year,Fiber optic,Credit card (automatic),52,91.6
9402-CXWPL,0.3863,No,Low,No,One year,Fiber optic,Electronic check,70,98.9
1628-BIZYP,0.8982,Yes,High,No,Month-to-month,Fiber optic,Electronic check,1,85.0
1965-AKTSX,0.7723,Yes,High,Yes,Month-to-month,Fiber optic,Electronic check,14,78.95
0082-LDZUE,0.7643,Yes,High,No,Month-to-month,DSL,Mailed check,1,44.3
4786-UKSNZ,0.6078,Yes,Medium,Yes,Month-to-month,No,Mailed check,1,20.2
5343-SGUBI,0.192,No,Low,No,One year,Fiber optic,Mailed check,52,80.2
0856-NAOES,0.5321,Yes,Medium,No,Month-to-month,DSL,Mailed check,6,60.9
1976-AZZPJ,0.4902,No,Medium,No,Month-to-month,DSL,Mailed check,7,34.2
7248-VZQLC,0.5691,Yes,Medium,Yes,Month-to-month,Fiber optic,Bank transfer (automatic),47,85.2
6156-UZDLF,0.2608,No,Low,No,One year,Fiber optic,Credit card (automatic),26,87.15
3099-OONVS,0.3185,No,Low,No,Month-to-month,DSL,Electronic check,25,54.3
9500-WBGRP,0.0193,No,Low,No,Two year,No,Mailed check,69,19.1
5183-KLYEM,0.0742,No,Low,No,Two year,Fiber optic,Credit card (automatic),72,112.75
5144-PQCDZ,0.3258,No,Low,No,Month-to-month,No,Mailed check,4,19.95
8514-VZHEB,0.0299,No,Low,No,Two year,No,Mailed check,59,19.5
6625-IUTTT,0.0523,No,Low,No,Two year,DSL,Bank transfer (automatic),67,65.55
9355-NPPFS,0.7244,Yes,High,No,Month-to-month,Fiber optic,Electronic check,26,78.8
0068-FIGTF,0.2393,No,Low,No,One year,DSL,Mailed check,27,78.2
5965-GGPRW,0.2132,No,Low,No,Two year,Fiber optic,Bank transfer (automatic),72,105.25
8035-PWSEV,0.7766,Yes,High,No,Month-to-month,Fiber optic,Electronic check,6,89.25
2236-HILPA,0.0142,No,Low,No,Two year,No,Credit card (automatic),62,20.65
1840-BIUOG,0.3182,No,Low,No,One year,DSL,Electronic check,20,68.7
1356-MKYSK,0.4311,No,Medium,No,Month-to-month,DSL,Credit card (automatic),6,78.65
6080-LNESI,0.0436,No,Low,No,Two year,No,Mailed check,51,24.75
1830-IPXVJ,0.0135,No,Low,No,Two year,No,Credit card (automatic),61,19.75
5828-DWPIL,0.3605,No,Low,No,Month-to-month,Fiber optic,Electronic check,62,89.1
8398-TBIYD,0.1199,No,Low,No,Two year,Fiber optic,Bank transfer (automatic),72,84.7
0011-IGKFF,0.7895,Yes,High,Yes,Month-to-month,Fiber optic,Electronic check,13,98.0
4192-GORJT,0.8716,Yes,High,Yes,Month-to-month,Fiber optic,Electronic check,5,94.45
6496-SLWHQ,0.9042,Yes,High,Yes,Month-to-month,Fiber optic,Electronic check,3,105.0
9912-GVSEQ,0.7465,Yes,High,Yes,Month-to-month,Fiber optic,Electronic check,26,93.85
2931-FSOHN,0.459,No,Medium,No,Month-to-month,DSL,Electronic check,13,59.9
9418-RUKPH,0.0213,No,Low,No,Two year,No,Mailed check,38,19.95
5383-MMTWC,0.8374,Yes,High,Yes,Month-to-month,Fiber optic,Electronic check,8,84.0
9971-ZWPBF,0.6474,Yes,Medium,No,Month-to-month,Fiber optic,Electronic check,34,108.9
4712-AUQZO,0.4283,No,Medium,No,Month-to-month,DSL,Mailed check,18,33.6
9711-FJTBX,0.1466,No,Low,No,One year,Fiber optic,Mailed check,56,85.85
2908-ZTPNF,0.2971,No,Low,No,Month-to-month,DSL,Bank transfer (automatic),36,34.85
7240-ETPTR,0.6162,Yes,Medium,Yes,Month-to-month,DSL,Electronic check,9,48.75
2202-CUYXZ,0.9002,Yes,High,Yes,Month-to-month,Fiber optic,Electronic check,1,84.85
5995-OIGLP,0.3819,No,Low,Yes,Month-to-month,DSL,Mailed check,12,56.65
8421-WZOOW,0.3408,No,Low,No,Month-to-month,Fiber optic,Credit card (automatic),57,95.3
6261-RCVNS,0.2146,No,Low,Yes,One year,DSL,Credit card (automatic),42,73.9
7951-QKZPL,0.0174,No,Low,Yes,Two year,No,Mailed check,33,24.5
1414-YADCW,0.1108,No,Low,No,Two year,Fiber optic,Bank transfer (automatic),70,84.6
8756-RDDLT,0.3452,No,Low,No,Month-to-month,DSL,Electronic check,68,44.95
2862-PFNIK,0.8267,Yes,High,No,Month-to-month,DSL,Electronic check,1,24.7
5816-QVHRX,0.594,Yes,Medium,No,Month-to-month,Fiber optic,Credit card (automatic),37,100.3
4430-YHXGG,0.2791,No,Low,No,Month-to-month,No,Mailed check,4,25.45
6888-SBYAI,0.6443,Yes,Medium,No,Month-to-month,DSL,Mailed check,1,50.7
7395-XWZOY,0.3592,No,Low,No,Month-to-month,DSL,Credit card (automatic),20,55.0
7169-YWAMK,0.0777,No,Low,No,Two year,DSL,Bank transfer (automatic),72,68.4
3640-PHQXK,0.7306,Yes,High,Yes,Month-to-month,Fiber optic,Electronic check,31,89.9
6877-LGWXO,0.7038,Yes,High,Yes,Month-to-month,Fiber optic,Electronic check,18,78.55
6859-RKMZJ,0.4783,No,Medium,No,Month-to-month,DSL,Bank transfer (automatic),11,55.05
2729-VNVAP,0.0123,No,Low,No,Two year,No,Credit card (automatic),33,19.8
2957-JIRMN,0.2812,No,Low,No,One year,Fiber optic,Electronic check,62,84.45
2049-BAFNW,0.6872,Yes,Medium,No,Month-to-month,DSL,Mailed check,1,35.9
3842-QTGDL,0.5646,Yes,Medium,No,Month-to-month,Fiber optic,Bank transfer (automatic),16,80.75
7163-OCEQI,0.3368,No,Low,No,One year,DSL,Mailed check,22,78.65
9782-LGXMC,0.1886,No,Low,No,Month-to-month,DSL,Bank transfer (automatic),49,61.75
5975-BAICR,0.2095,No,Low,No,One year,DSL,Credit card (automatic),36,63.7
8019-ENHXU,0.6481,Yes,Medium,Yes,Month-to-month,Fiber optic,Electronic check,42,99.45
5167-GBFRE,0.7682,Yes,High,Yes,Month-to-month,DSL,Bank transfer (automatic),4,25.2
9033-EOXWV,0.3769,No,Low,Yes,One year,DSL,Mailed check,12,74.05
4673-KKSLS,0.4793,No,Medium,No,Month-to-month,Fiber optic,Electronic check,31,87.6
4853-OITSN,0.7652,Yes,High,No,Month-to-month,Fiber optic,Electronic check,5,89.15
9800-OUIGR,0.0078,No,Low,No,Two year,No,Credit card (automatic),66,20.0
1324-NLTJE,0.4581,No,Medium,Yes,Month-to-month,DSL,Credit card (automatic),15,55.0
2324-EFHVG,0.3346,No,Low,No,Two year,Fiber optic,Bank transfer (automatic),64,104.4
7094-MSZAO,0.2548,No,Low,No,Month-to-month,No,Credit card (automatic),10,20.05
1522-VVDMG,0.7586,Yes,High,Yes,Month-to-month,Fiber optic,Electronic check,7,89.75
6907-CQGPN,0.3253,No,Low,No,Month-to-month,DSL,Electronic check,29,34.3
0780-XNZFN,0.0522,No,Low,No,Two year,No,Bank transfer (automatic),57,20.65
0239-OXEXL,0.4755,No,Medium,No,Month-to-month,Fiber optic,Mailed check,46,84.25
2675-IJRGJ,0.0834,No,Low,No,Two year,No,Bank transfer (automatic),53,19.65
7049-GKVZY,0.3002,No,Low,No,One year,DSL,Credit card (automatic),17,79.85
8577-QSOCG,0.0209,No,Low,No,Two year,No,Mailed check,38,20.2
3721-CNZHX,0.061,No,Low,No,One year,No,Mailed check,15,19.8
0212-ISBBF,0.5809,Yes,Medium,No,Month-to-month,DSL,Electronic check,22,50.35
9185-TQCVP,0.8113,Yes,High,Yes,Month-to-month,Fiber optic,Electronic check,14,85.15
3585-YNADK,0.1171,No,Low,No,One year,DSL,Bank transfer (automatic),57,74.6
5271-DBYSJ,0.7844,Yes,High,No,Month-to-month,Fiber optic,Credit card (automatic),11,79.15
1099-GODLO,0.2204,No,Low,No,Two year,No,Mailed check,1,20.35
6828-HMKWP,0.0791,No,Low,No,Two year,No,Bank transfer (automatic),12,21.05
5567-WSELE,0.9206,Yes,High,Yes,Month-to-month,Fiber optic,Electronic check,3,94.6
1472-TNCWL,0.6408,Yes,Medium,No,Month-to-month,Fiber optic,Electronic check,36,94.7
8063-RJYNF,0.7199,Yes,High,Yes,Month-to-month,Fiber optic,Electronic check,16,94.25
0687-ZVTHB,0.1269,No,Low,Yes,One year,DSL,Credit card (automatic),65,72.45
2080-GKCWQ,0.8326,Yes,High,No,Month-to-month,Fiber optic,Electronic check,2,74.95
9661-ACXBS,0.6488,Yes,Medium,Yes,Month-to-month,Fiber optic,Electronic check,42,105.2
2193-SFWQW,0.1137,No,Low,No,Two year,Fiber optic,Bank transfer (automatic),72,111.95
5656-JAMLX,0.0228,No,Low,No,Two year,No,Bank transfer (automatic),62,19.85
3462-BJQQA,0.8881,Yes,High,No,Month-to-month,Fiber optic,Electronic check,6,89.75
0442-TDYUO,0.0328,No,Low,No,Two year,No,Mailed check,48,20.05
6733-LRIZX,0.3577,No,Low,No,Two year,Fiber optic,Electronic check,35,108.95
9503-XJUME,0.0572,No,Low,No,One year,No,Credit card (automatic),52,19.65
4367-NHWMM,0.783,Yes,High,No,Month-to-month,DSL,Mailed check,1,24.9
3727-RJMEO,0.8631,Yes,High,Yes,Month-to-month,Fiber optic,Electronic check,6,82.85
3779-OSWCF,0.0891,No,Low,No,Two year,DSL,Credit card (automatic),71,93.2
6736-DHUQI,0.1506,No,Low,No,One year,Fiber optic,Bank transfer (automatic),67,84.8
3915-ODIYG,0.2226,No,Low,No,One year,DSL,Electronic check,60,71.75
1360-RCYRT,0.4079,No,Medium,No,Month-to-month,DSL,Bank transfer (automatic),23,30.35
2724-FJDYW,0.2346,No,Low,No,One year,DSL,Bank transfer (automatic),39,54.85
4451-RWASJ,0.0891,No,Low,No,One year,No,Mailed check,15,19.5
6646-VRFOL,0.6953,Yes,Medium,Yes,Month-to-month,Fiber optic,Electronic check,53,103.85
3460-TJBWI,0.0454,No,Low,No,Two year,No,Mailed check,24,24.2
5917-HBSDW,0.164,No,Low,No,Month-to-month,No,Electronic check,37,19.35
5685-IIXLY,0.8265,Yes,High,Yes,Month-to-month,Fiber optic,Electronic check,5,83.6
5671-UUNXD,0.4786,No,Medium,No,One year,Fiber optic,Electronic check,50,100.65
0956-ACVZC,0.3989,No,Low,No,One year,Fiber optic,Credit card (automatic),54,94.1
2325-NBPZG,0.7206,Yes,High,No,Month-to-month,Fiber optic,Electronic check,3,74.55
4250-ZBWLV,0.4727,No,Medium,Yes,One year,Fiber optic,Electronic check,68,108.45
4482-FTFFX,0.5469,Yes,Medium,No,Month-to-month,DSL,Electronic check,5,56.15
8859-DZTGQ,0.0125,No,Low,No,Two year,No,Mailed check,33,20.35
0440-MOGPM,0.3121,No,Low,No,One year,DSL,Electronic check,41,80.55
0020-JDNXP,0.1831,No,Low,No,One year,DSL,Mailed check,34,61.25
3752-CQSJI,0.228,No,Low,No,Month-to-month,No,Mailed check,13,20.45
5025-GOOKI,0.2,No,Low,No,Month-to-month,No,Credit card (automatic),20,18.9
4698-KVLLG,0.0508,No,Low,No,Two year,No,Credit card (automatic),51,19.6
5095-AESKG,0.8618,Yes,High,Yes,Month-to-month,Fiber optic,Credit card (automatic),3,91.5
2887-JPYLU,0.2997,No,Low,No,Month-to-month,DSL,Bank transfer (automatic),41,45.2
4770-QAZXN,0.2174,No,Low,No,Month-to-month,No,Credit card (automatic),13,19.45
4896-CPRPF,0.0537,No,Low,No,Two year,No,Bank transfer (automatic),35,25.45
1871-MOWRM,0.5744,Yes,Medium,Yes,Month-to-month,Fiber optic,Bank transfer (automatic),12,80.85
9714-EDSUC,0.7093,Yes,High,No,Month-to-month,Fiber optic,Mailed check,4,94.9
2027-OAQQC,0.4072,No,Medium,Yes,Month-to-month,DSL,Bank transfer (automatic),43,49.05
0282-NVSJS,0.5439,Yes,Medium,No,Month-to-month,DSL,Mailed check,12,29.3
9090-SGQXL,0.6752,Yes,Medium,Yes,Month-to-month,Fiber optic,Electronic check,68,105.3
6595-YGXIT,0.7523,Yes,High,Yes,Month-to-month,Fiber optic,Electronic check,25,88.95
7353-YOWFP,0.1169,No,Low,No,One year,No,Mailed check,7,20.25
9835-ZIITK,0.4472,No,Medium,Yes,One year,Fiber optic,Electronic check,66,110.85
8008-ESFLK,0.3799,No,Low,No,One year,Fiber optic,Electronic check,53,110.5
7537-CBQUZ,0.5007,Yes,Medium,No,Month-to-month,Fiber optic,Bank transfer (automatic),63,109.4
1555-DJEQW,0.1182,No,Low,Yes,Two year,Fiber optic,Bank transfer (automatic),70,114.2
5649-TJHOV,0.4254,No,Medium,Yes,Month-to-month,DSL,Bank transfer (automatic),27,36.5
0519-XUZJU,0.8355,Yes,High,Yes,Month-to-month,Fiber optic,Mailed check,1,70.75
3363-EWLGO,0.3331,No,Low,No,Month-to-month,No,Mailed check,5,19.95
4750-UKWJK,0.0326,No,Low,No,One year,No,Mailed check,37,19.6
6338-AVWCY,0.7286,Yes,High,Yes,Month-to-month,DSL,Mailed check,3,40.15
1689-YQBYY,0.8009,Yes,High,No,Month-to-month,Fiber optic,Electronic check,12,76.6
4487-ZYJZK,0.0252,No,Low,No,One year,No,Credit card (automatic),38,19.6
2959-FENLU,0.8145,Yes,High,No,Month-to-month,Fiber optic,Credit card (automatic),9,85.3
0708-LGSMF,0.4847,No,Medium,No,Month-to-month,DSL,Electronic check,13,65.85
9253-QXKBE,0.7974,Yes,High,Yes,Month-to-month,Fiber optic,Electronic check,29,94.45
7634-HLQJR,0.0176,No,Low,No,Two year,No,Credit card (automatic),47,20.05
0487-RPVUM,0.3315,No,Low,No,Month-to-month,Fiber optic,Bank transfer (automatic),61,99.4
4079-ULGFR,0.2327,No,Low,No,Month-to-month,No,Mailed check,16,20.0
2516-XSJKX,0.1528,No,Low,No,Two year,DSL,Electronic check,41,78.45
0057-QBUQH,0.0865,No,Low,No,Two year,No,Electronic check,43,25.1
9445-SZLCH,0.595,Yes,Medium,Yes,Month-to-month,Fiber optic,Bank transfer (automatic),36,97.35
6599-SFQVE,0.6314,Yes,Medium,No,Month-to-month,DSL,Electronic check,6,55.0
8331-ZXFOE,0.1311,No,Low,No,One year,DSL,Credit card (automatic),58,71.1
4003-FUSHP,0.4116,No,Medium,No,Month-to-month,DSL,Credit card (automatic),19,61.55
0356-ERHVT,0.5398,Yes,Medium,No,Month-to-month,DSL,Bank transfer (automatic),11,45.9
7325-ENZFI,0.167,No,Low,No,One year,DSL,Bank transfer (automatic),39,40.3
4884-ZTHVF,0.8476,Yes,High,No,Month-to-month,Fiber optic,Electronic check,8,87.1
3920-HIHMQ,0.3039,No,Low,No,Month-to-month,DSL,Mailed check,26,49.5
3055-OYMSE,0.4874,No,Medium,No,Month-to-month,Fiber optic,Credit card (automatic),53,73.8
0613-WUXUM,0.0105,No,Low,No,Two year,No,Mailed check,70,19.2
7568-PODML,0.7854,Yes,High,Yes,Month-to-month,DSL,Mailed check,1,45.3
4458-KVRBJ,0.0295,No,Low,No,Two year,No,Mailed check,59,25.0
5349-IECLD,0.8744,Yes,High,Yes,Month-to-month,Fiber optic,Electronic check,2,94.95
1397-XKKWR,0.306,No,Low,No,One year,DSL,Mailed check,7,35.3
3945-GFWQL,0.5024,Yes,Medium,Yes,Month-to-month,DSL,Electronic check,12,44.55
8097-OMULG,0.1412,No,Low,No,One year,DSL,Credit card (automatic),59,76.75
6013-BHCAW,0.0986,No,Low,No,Two year,DSL,Bank transfer (automatic),61,81.0
0401-WDBXM,0.1817,No,Low,No,Two year,Fiber optic,Bank transfer (automatic),72,105.55
3387-PLKUI,0.2162,No,Low,No,Month-to-month,No,Mailed check,13,18.8
6096-EGVTU,0.0504,No,Low,No,One year,No,Mailed check,64,24.9
3797-VTIDR,0.8191,Yes,High,Yes,Month-to-month,DSL,Electronic check,1,23.45
5081-NWSUP,0.3259,No,Low,No,One year,DSL,Mailed check,10,64.9
2580-ATZSQ,0.0564,No,Low,No,One year,DSL,Bank transfer (automatic),65,61.35
8085-MSNLK,0.1824,No,Low,No,Two year,Fiber optic,Mailed check,62,113.95
9691-HKOVS,0.2024,No,Low,No,One year,DSL,Electronic check,55,90.15
9881-VCZEP,0.34,No,Low,No,Month-to-month,DSL,Electronic check,25,54.1
9526-BIHHD,0.5966,Yes,Medium,Yes,Month-to-month,DSL,Mailed check,1,29.7
8757-TFHHJ,0.7133,Yes,High,No,Month-to-month,DSL,Credit card (automatic),1,49.8
4523-WXCEF,0.5985,Yes,Medium,Yes,Month-to-month,Fiber optic,Electronic check,59,101.1
1468-DEFNC,0.0116,No,Low,No,Two year,No,Bank transfer (automatic),64,24.4
5119-KEPFY,0.6719,Yes,Medium,No,Month-to-month,Fiber optic,Bank transfer (automatic),36,95.0
8364-TRMMK,0.7196,Yes,High,Yes,Month-to-month,DSL,Mailed check,3,50.65
0916-KNFAJ,0.0935,No,Low,No,Two year,DSL,Mailed check,61,69.9
8319-QBEHW,0.3242,No,Low,No,One year,DSL,Bank transfer (automatic),26,39.95
3063-QFSZL,0.7439,Yes,High,Yes,Month-to-month,DSL,Electronic check,1,55.4
8775-LHDJH,0.9026,Yes,High,Yes,Month-to-month,Fiber optic,Electronic check,1,90.6
9625-QNLUX,0.223,No,Low,No,Two year,Fiber optic,Credit card (automatic),68,103.25
3097-NQYSN,0.8754,Yes,High,Yes,Month-to-month,Fiber optic,Mailed check,2,86.85
4024-CSNBY,0.121,No,Low,No,Two year,Fiber optic,Bank transfer (automatic),72,94.25
7110-BDTWG,0.1313,No,Low,No,Two year,DSL,Electronic check,71,47.05
7493-GVFIO,0.0261,No,Low,No,Two year,No,Credit card (automatic),57,20.55
0690-SRQID,0.2414,No,Low,No,Month-to-month,No,Mailed check,4,19.65
9605-WGJVW,0.9121,Yes,High,No,Month-to-month,Fiber optic,Electronic check,1,70.2
9114-DPSIA,0.0418,No,Low,No,Two year,DSL,Credit card (automatic),72,81.0
4700-UBQMV,0.31,No,Low,No,One year,DSL,Bank transfer (automatic),21,75.9
7711-GQBZC,0.0072,No,Low,No,Two year,No,Bank transfer (automatic),71,24.7
3565-UNOCC,0.7291,Yes,High,Yes,Month-to-month,Fiber optic,Bank transfer (automatic),29,99.05
4627-MIHJH,0.2285,No,Low,No,Two year,Fiber optic,Credit card (automatic),69,110.25
9795-NREXC,0.0584,No,Low,No,Two year,DSL,Credit card (automatic),64,85.0
8573-CGOCC,0.2145,No,Low,No,Month-to-month,No,Credit card (automatic),16,19.75
7356-AYNJP,0.1813,No,Low,No,One year,No,Electronic check,4,23.9
9249-FXSCK,0.3884,No,Low,Yes,One year,Fiber optic,Credit card (automatic),52,111.25
5493-SDRDQ,0.581,Yes,Medium,Yes,Month-to-month,DSL,Mailed check,2,55.1
6286-SUUWT,0.5467,Yes,Medium,No,Month-to-month,No,Mailed check,1,19.95
4819-HJPIW,0.4266,No,Medium,No,Month-to-month,DSL,Mailed check,18,25.15
8654-DHAOW,0.6689,Yes,Medium,No,Month-to-month,DSL,Mailed check,2,54.15
5438-QMDDL,0.3699,No,Low,No,Month-to-month,DSL,Mailed check,19,59.8
9812-GHVRI,0.5475,Yes,Medium,No,Month-to-month,Fiber optic,Bank transfer (automatic),40,83.85
5553-AOINX,0.4675,No,Medium,No,One year,Fiber optic,Electronic check,66,104.9
1228-ZLNBX,0.5586,Yes,Medium,No,Month-to-month,Fiber optic,Mailed check,21,75.3
4226-KKDON,0.4225,No,Medium,No,Month-to-month,DSL,Electronic check,8,66.65
3831-YCPUO,0.1092,No,Low,No,Two year,Fiber optic,Credit card (automatic),72,109.5
7445-WMRBW,0.2078,No,Low,No,One year,DSL,Bank transfer (automatic),48,73.85
3308-DGHKL,0.0283,No,Low,No,Two year,No,Bank transfer (automatic),69,19.3
9924-JPRMC,0.1667,No,Low,No,Two year,Fiber optic,Electronic check,72,118.2
0080-EMYVY,0.2426,No,Low,No,One year,DSL,Credit card (automatic),14,51.45
6218-KNUBD,0.5228,Yes,Medium,No,Month-to-month,DSL,Electronic check,6,59.45
7337-CINUD,0.0975,No,Low,No,Two year,No,Bank transfer (automatic),8,19.5
7609-NRNCA,0.0581,No,Low,No,One year,No,Mailed check,17,19.55
0623-EJQEG,0.3034,No,Low,No,One year,Fiber optic,Electronic check,65,93.55
7153-CHRBV,0.0723,No,Low,No,One year,DSL,Mailed check,57,59.3
0871-URUWO,0.8129,Yes,High,Yes,Month-to-month,Fiber optic,Credit card (automatic),13,102.25
9190-MFJLN,0.6669,Yes,Medium,Yes,Month-to-month,Fiber optic,Credit card (automatic),19,95.9
6198-PNNSZ,0.3618,No,Low,No,One year,Fiber optic,Bank transfer (automatic),56,109.8
3317-VLGQT,0.793,Yes,High,No,Month-to-month,Fiber optic,Electronic check,14,78.1
4132-POCZS,0.3651,No,Low,No,Month-to-month,DSL,Electronic check,52,39.9
5614-DNZCE,0.0668,No,Low,No,Two year,DSL,Credit card (automatic),58,64.9
1095-JUDTC,0.5415,Yes,Medium,Yes,Month-to-month,Fiber optic,Electronic check,47,95.05
3896-RCYYE,0.3342,No,Low,No,Month-to-month,DSL,Credit card (automatic),67,53.4
9638-JIQYA,0.7789,Yes,High,No,Month-to-month,DSL,Credit card (automatic),2,24.9
3258-SANFR,0.6073,Yes,Medium,No,Month-to-month,DSL,Credit card (automatic),6,44.7
3726-TBHQT,0.1029,No,Low,No,Two year,Fiber optic,Bank transfer (automatic),71,114.0
3190-ITQXP,0.0139,No,Low,No,Two year,No,Bank transfer (automatic),46,20.25
0870-VEMYL,0.4937,No,Medium,Yes,Month-to-month,DSL,Credit card (automatic),5,53.85
4833-QTJNO,0.2793,No,Low,No,Month-to-month,Fiber optic,Bank transfer (automatic),67,83.85
3039-MJSLN,0.3134,No,Low,No,Month-to-month,No,Bank transfer (automatic),3,20.2
0178-CIIKR,0.3292,No,Low,No,Month-to-month,No,Mailed check,3,19.95
5385-SUIRI,0.5348,Yes,Medium,Yes,Month-to-month,Fiber optic,Electronic check,52,104.2
3982-XWFZQ,0.3673,No,Low,Yes,Month-to-month,DSL,Electronic check,42,50.25
5774-QPLTF,0.0318,No,Low,No,One year,No,Mailed check,50,20.35
2322-VCZHZ,0.6227,Yes,Medium,No,Month-to-month,Fiber optic,Electronic check,23,90.0
5010-IPEAQ,0.0407,No,Low,No,Two year,DSL,Credit card (automatic),67,54.2
4009-ALQFH,0.7076,Yes,High,Yes,Month-to-month,Fiber optic,Electronic check,25,99.5
6383-ZTSIW,0.3771,No,Low,No,One year,Fiber optic,Mailed check,39,99.1
8990-YOZLV,0.0268,No,Low,No,Two year,DSL,Mailed check,69,66.9
3069-SSVSN,0.5126,Yes,Medium,No,One year,DSL,Mailed check,1,25.85
5222-IMUKT,0.6467,Yes,Medium,No,Month-to-month,Fiber optic,Electronic check,32,91.05
3627-FCRDW,0.7075,Yes,High,Yes,Month-to-month,Fiber optic,Electronic check,9,71.0
7562-GSUHK,0.675,Yes,Medium,Yes,Month-to-month,Fiber optic,Credit card (automatic),16,93.2
6685-XSHHU,0.0234,No,Low,No,Two year,No,Bank transfer (automatic),60,20.95
8901-UPRHR,0.2055,No,Low,No,Two year,Fiber optic,Bank transfer (automatic),72,109.2
4903-UYAVB,0.2765,No,Low,Yes,Month-to-month,No,Mailed check,5,19.35
0118-JPNOY,0.6126,Yes,Medium,No,Month-to-month,Fiber optic,Credit card (automatic),26,85.8
6776-TLWOI,0.3223,No,Low,Yes,Month-to-month,No,Mailed check,3,19.85
3845-FXCYS,0.391,No,Low,No,Month-to-month,No,Electronic check,2,19.65
5857-XRECV,0.2323,No,Low,No,One year,No,Bank transfer (automatic),2,20.5
0725-CXOTM,0.2935,No,Low,No,One year,DSL,Credit card (automatic),36,89.65
4343-EJVQB,0.6882,Yes,Medium,No,Month-to-month,Fiber optic,Mailed check,7,74.35
9000-PLFUZ,0.2234,No,Low,No,Two year,DSL,Credit card (automatic),60,49.45
3427-GGZZI,0.7514,Yes,High,No,Month-to-month,Fiber optic,Electronic check,19,89.1
7779-ORAEL,0.0931,No,Low,No,Two year,DSL,Credit card (automatic),45,75.15
0644-OQMDK,0.8082,Yes,High,No,Month-to-month,Fiber optic,Electronic check,4,70.65
4077-CROMM,0.69,Yes,Medium,Yes,Month-to-month,Fiber optic,Electronic check,31,104.2
3154-CFSZG,0.5247,Yes,Medium,No,Month-to-month,Fiber optic,Electronic check,47,90.05
2868-MZAGQ,0.9257,Yes,High,Yes,Month-to-month,Fiber optic,Electronic check,1,79.25
4847-QNOKA,0.7055,Yes,High,Yes,Month-to-month,DSL,Bank transfer (automatic),1,44.9
2220-IAHLS,0.5258,Yes,Medium,No,Month-to-month,No,Credit card (automatic),1,19.4
1658-XUHBX,0.4468,No,Medium,No,Month-to-month,Fiber optic,Credit card (automatic),59,88.75
6379-RXJRQ,0.7042,Yes,High,Yes,Month-to-month,Fiber optic,Electronic check,10,70.1
2378-HTWFW,0.6145,Yes,Medium,No,Month-to-month,Fiber optic,Credit card (automatic),35,91.0
8650-RHRKE,0.7559,Yes,High,Yes,Month-to-month,DSL,Electronic check,4,29.65
4377-VDHYI,0.3947,No,Low,No,One year,Fiber optic,Electronic check,32,90.8
0475-RIJEP,0.6253,Yes,Medium,Yes,Month-to-month,Fiber optic,Electronic check,43,77.85
1260-TTRXI,0.7257,Yes,High,Yes,Month-to-month,DSL,Electronic check,4,54.3
3719-TDVQB,0.0365,No,Low,No,Two year,No,Mailed check,54,18.95
6328-ZPBGN,0.8844,Yes,High,Yes,Month-to-month,Fiber optic,Bank transfer (automatic),11,95.15
0201-MIBOL,0.2483,No,Low,No,Two year,Fiber optic,Bank transfer (automatic),66,102.4
4937-QPZPO,0.4793,No,Medium,No,One year,Fiber optic,Electronic check,61,99.9
2925-VDZHY,0.042,No,Low,No,Two year,DSL,Credit card (automatic),72,88.7
6981-TDRFT,0.2516,No,Low,No,One year,DSL,Electronic check,44,54.3
3413-CSSTH,0.3428,No,Low,No,Month-to-month,DSL,Bank transfer (automatic),41,55.7
8033-VCZGH,0.4929,No,Medium,No,One year,Fiber optic,Electronic check,50,103.95
4789-KWMXN,0.3712,No,Low,Yes,One year,Fiber optic,Credit card (automatic),47,110.85
0224-NIJLP,0.052,No,Low,No,Two year,No,Mailed check,8,20.15
7542-CYDDM,0.2151,No,Low,No,Month-to-month,No,Mailed check,18,20.05
4718-WXBGI,0.0432,No,Low,No,Two year,DSL,Credit card (automatic),72,91.95
2867-UIMSS,0.9085,Yes,High,Yes,Month-to-month,Fiber optic,Electronic check,1,80.5
8495-PRWFH,0.4005,No,Medium,No,Month-to-month,DSL,Electronic check,42,55.65
0439-IFYUN,0.7395,Yes,High,No,Month-to-month,Fiber optic,Electronic check,18,74.7
5716-LIBJC,0.5147,Yes,Medium,No,One year,Fiber optic,Credit card (automatic),13,104.15
2868-LLSKM,0.1462,No,Low,No,One year,Fiber optic,Bank transfer (automatic),68,83.65
8111-RKSPX,0.841,Yes,High,Yes,Month-to-month,Fiber optic,Bank transfer (automatic),4,72.2
2988-QRAJY,0.2383,No,Low,No,Two year,Fiber optic,Credit card (automatic),69,110.05
1585-MQSSU,0.3832,No,Low,Yes,Month-to-month,DSL,Mailed check,17,51.5
0071-NDAFP,0.0713,No,Low,No,Two year,No,Credit card (automatic),25,25.5
2856-NNASM,0.6108,Yes,Medium,Yes,Month-to-month,Fiber optic,Mailed check,43,89.55
7328-ZJAJO,0.0242,No,Low,No,Two year,No,Credit card (automatic),59,19.5
6458-CYIDZ,0.6821,Yes,Medium,No,Month-to-month,Fiber optic,Electronic check,5,80.7
8559-CIZFV,0.1924,No,Low,Yes,One year,DSL,Mailed check,21,77.5
1090-PYKCI,0.2876,No,Low,No,One year,Fiber optic,Credit card (automatic),69,105.1
3058-WQDRE,0.5315,Yes,Medium,No,Month-to-month,DSL,Bank transfer (automatic),13,25.15
7547-EKNFS,0.5614,Yes,Medium,Yes,Month-to-month,Fiber optic,Bank transfer (automatic),42,95.25
2279-AXJJK,0.4353,No,Medium,No,Month-to-month,Fiber optic,Credit card (automatic),52,95.65
6769-DYBQN,0.4926,No,Medium,Yes,Month-to-month,Fiber optic,Electronic check,46,85.0
0909-SELIE,0.0358,No,Low,No,Two year,DSL,Bank transfer (automatic),61,80.8
3417-TSCIC,0.291,No,Low,No,One year,DSL,Mailed check,29,24.85
1042-HFUCW,0.274,No,Low,No,One year,DSL,Credit card (automatic),25,54.75
4439-JMPMT,0.8133,Yes,High,Yes,Month-to-month,Fiber optic,Electronic check,5,85.75
6537-OTKMY,0.4582,No,Medium,No,One year,DSL,Electronic check,15,50.75
8999-EXMNO,0.0134,No,Low,No,Two year,No,Mailed check,19,20.15
6725-TPKJO,0.0109,No,Low,No,Two year,No,Mailed check,44,20.05
2446-BEGGB,0.8964,Yes,High,Yes,Month-to-month,Fiber optic,Electronic check,6,98.25
7162-WPHPM,0.0504,No,Low,No,Two year,DSL,Credit card (automatic),58,71.6
1599-MMYRQ,0.1721,No,Low,No,One year,Fiber optic,Credit card (automatic),62,81.45
8821-KVZKQ,0.1839,No,Low,No,One year,DSL,Bank transfer (automatic),70,58.4
1496-GGSUK,0.7908,Yes,High,Yes,Month-to-month,DSL,Mailed check,1,25.7
6434-TTGJP,0.1526,No,Low,No,Two year,DSL,Credit card (automatic),10,53.7
0042-JVWOJ,0.042,No,Low,No,One year,No,Bank transfer (automatic),26,19.6
0130-SXOUN,0.4171,No,Medium,No,Month-to-month,Fiber optic,Credit card (automatic),66,89.4
2575-GFSOE,0.7184,Yes,High,Yes,Month-to-month,Fiber optic,Electronic check,7,69.0
2330-PQGDQ,0.1907,No,Low,No,One year,Fiber optic,Bank transfer (automatic),51,84.2
1452-UZOSF,0.1194,No,Low,No,Two year,Fiber optic,Credit card (automatic),72,106.1
2097-YVPKN,0.0233,No,Low,No,Two year,No,Mailed check,65,25.75
2842-JTCCU,0.7131,Yes,High,Yes,Month-to-month,DSL,Bank transfer (automatic),2,46.05
8597-CTXVJ,0.0893,No,Low,No,One year,DSL,Bank transfer (automatic),70,64.95
6631-HMANX,0.044,No,Low,No,Two year,DSL,Credit card (automatic),72,85.45
9962-BFPDU,0.5538,Yes,Medium,No,Month-to-month,No,Mailed check,1,20.05
3296-SILRA,0.8641,Yes,High,Yes,Month-to-month,Fiber optic,Mailed check,1,76.4
9681-OXGVC,0.9179,Yes,High,Yes,Month-to-month,Fiber optic,Electronic check,5,100.5
6394-HHHZM,0.3067,No,Low,No,Month-to-month,No,Mailed check,3,20.7
5995-LFTLE,0.0225,No,Low,No,Two year,No,Credit card (automatic),58,25.3
5180-UCIIQ,0.4262,No,Medium,Yes,Month-to-month,DSL,Mailed check,22,40.05
1932-UEDCX,0.6679,Yes,Medium,No,Month-to-month,Fiber optic,Bank transfer (automatic),33,100.6
7153-OANIO,0.8767,Yes,High,Yes,Month-to-month,Fiber optic,Electronic check,1,69.95
5188-HGMLP,0.4629,No,Medium,No,Month-to-month,Fiber optic,Bank transfer (automatic),54,74.0
0665-XHDJU,0.3192,No,Low,No,Two year,Fiber optic,Electronic check,72,99.4
6521-YYTYI,0.9376,Yes,High,Yes,Month-to-month,Fiber optic,Electronic check,1,93.3
8878-HMWBV,0.7345,Yes,High,Yes,Month-to-month,DSL,Electronic check,3,49.15
8265-HKSOW,0.1168,No,Low,No,Two year,Fiber optic,Credit card (automatic),72,107.45
3544-FBCAS,0.0546,No,Low,No,Two year,DSL,Credit card (automatic),72,83.6
5331-RGMTT,0.6351,Yes,Medium,No,Month-to-month,Fiber optic,Credit card (automatic),54,99.05
4759-PXTAN,0.1937,No,Low,No,One year,DSL,Electronic check,59,80.1
7054-DMVAS,0.0905,No,Low,No,Two year,DSL,Bank transfer (automatic),54,65.3
3428-MMGUB,0.2825,No,Low,No,Two year,Fiber optic,Electronic check,60,89.55
6549-BTYPG,0.0515,No,Low,No,Two year,DSL,Credit card (automatic),60,60.8
7823-JSOAG,0.8379,Yes,High,No,Month-to-month,Fiber optic,Electronic check,3,74.5
3705-RHRFR,0.1821,No,Low,No,Two year,Fiber optic,Bank transfer (automatic),69,99.15
9374-YOLBJ,0.4581,No,Medium,No,Month-to-month,No,Electronic check,1,19.25
9074-KGVOX,0.2901,No,Low,No,Month-to-month,DSL,Credit card (automatic),50,39.45
6128-DAFVY,0.4243,No,Medium,No,Month-to-month,DSL,Credit card (automatic),56,44.85
9933-QRGTX,0.1834,No,Low,No,Two year,Fiber optic,Electronic check,60,97.2
4476-OSWTN,0.3394,No,Low,No,One year,Fiber optic,Mailed check,69,110.55
3751-KTZEL,0.7323,Yes,High,Yes,Month-to-month,DSL,Mailed check,1,35.05
1977-STDKI,0.8689,Yes,High,Yes,Month-to-month,Fiber optic,Electronic check,1,73.0
5066-GFJMM,0.2794,No,Low,No,Month-to-month,No,Mailed check,3,19.9
2661-GKBTK,0.0574,No,Low,No,Two year,DSL,Bank transfer (automatic),60,76.95
0458-HEUZG,0.2032,No,Low,No,Two year,DSL,Mailed check,13,35.4
7268-WNTCP,0.0175,No,Low,No,Two year,No,Bank transfer (automatic),62,20.45
0824-VWDPO,0.2975,No,Low,No,One year,Fiber optic,Bank transfer (automatic),45,96.75
8409-WQJUX,0.2235,No,Low,No,One year,DSL,Electronic check,25,54.2
2578-JQPHZ,0.2671,No,Low,No,Two year,Fiber optic,Bank transfer (automatic),44,100.1
3278-FSIXX,0.7678,Yes,High,No,Month-to-month,DSL,Mailed check,2,45.25
5813-UECBU,0.5921,Yes,Medium,Yes,Month-to-month,Fiber optic,Credit card (automatic),33,83.85
0328-GRPMV,0.9053,Yes,High,Yes,Month-to-month,Fiber optic,Electronic check,1,70.1
9746-UGFAC,0.044,No,Low,No,One year,No,Bank transfer (automatic),22,20.85
2946-KIQSP,0.3509,No,Low,No,Month-to-month,DSL,Mailed check,35,33.45
0625-AFOHS,0.0145,No,Low,No,Two year,No,Mailed check,29,20.2
6726-WEXXK,0.4134,No,Medium,No,One year,Fiber optic,Electronic check,27,85.9
4636-OLWOE,0.2009,No,Low,No,One year,DSL,Electronic check,54,61.0
4342-HENTK,0.828,Yes,High,Yes,Month-to-month,Fiber optic,Electronic check,2,70.65
4685-ERGHK,0.3421,No,Low,No,One year,Fiber optic,Electronic check,57,86.9
0885-HMGPY,0.0342,No,Low,No,Two year,DSL,Bank transfer (automatic),62,69.4
5003-OKNNK,0.0402,No,Low,No,One year,No,Credit card (automatic),15,20.35
4195-SMMNX,0.3301,No,Low,Yes,Month-to-month,No,Mailed check,2,20.35
7208-PSIHR,0.2982,No,Low,No,Two year,Fiber optic,Bank transfer (automatic),70,104.3
4012-ZTHBR,0.4478,No,Medium,No,Month-to-month,DSL,Electronic check,21,44.95
0489-WMEMG,0.2628,No,Low,No,One year,DSL,Electronic check,23,49.45
7435-ZNUYY,0.1392,No,Low,No,One year,No,Mailed check,6,20.6
1354-YZFNB,0.1102,No,Low,No,Two year,No,Credit card (automatic),4,19.55
6956-SMUCM,0.7654,Yes,High,Yes,Month-to-month,Fiber optic,Credit card (automatic),3,99.0
2985-FMWYF,0.7878,Yes,High,No,Month-to-month,Fiber optic,Electronic check,23,93.5
2812-ENYMO,0.189,No,Low,No,One year,DSL,Credit card (automatic),26,54.55
2717-HVIZY,0.2878,No,Low,No,Month-to-month,No,Mailed check,8,20.05
3223-WZWJM,0.7432,Yes,High,Yes,Month-to-month,Fiber optic,Electronic check,26,83.95
3422-GALYP,0.8701,Yes,High,No,Month-to-month,Fiber optic,Electronic check,2,79.45
9053-JZFKV,0.1502,No,Low,Yes,Two year,Fiber optic,Credit card (automatic),67,116.2
2530-ENDWQ,0.2254,No,Low,Yes,Two year,Fiber optic,Bank transfer (automatic),71,93.7
2890-WFBHU,0.1758,No,Low,No,One year,DSL,Credit card (automatic),59,79.85
0327-WFZSY,0.497,No,Medium,No,One year,Fiber optic,Electronic check,39,100.0
7977-HXJKU,0.0324,No,Low,No,Two year,No,Mailed check,21,19.6
6615-ZGEDR,0.5591,Yes,Medium,Yes,Month-to-month,No,Mailed check,1,19.7
7033-CLAMM,0.0167,No,Low,No,Two year,No,Bank transfer (automatic),48,20.2
4023-RTIQM,0.2439,No,Low,No,One year,DSL,Credit card (automatic),31,50.4
0864-FVJNJ,0.3648,No,Low,No,One year,Fiber optic,Electronic check,64,113.35
7356-IWLFW,0.5185,Yes,Medium,No,Month-to-month,Fiber optic,Bank transfer (automatic),46,80.0
9541-PWTWO,0.0554,No,Low,No,Two year,DSL,Bank transfer (automatic),52,80.95
3967-VQOGC,0.018,No,Low,No,Two year,No,Mailed check,67,24.9
7872-RDDLZ,0.3307,No,Low,No,Month-to-month,DSL,Electronic check,67,54.9
9250-WYPLL,0.8241,Yes,High,Yes,Month-to-month,Fiber optic,Electronic check,5,75.55
6308-CQRBU,0.2725,No,Low,No,Two year,Fiber optic,Electronic check,71,109.25
2754-XBHTB,0.7609,Yes,High,Yes,Month-to-month,Fiber optic,Bank transfer (automatic),9,77.65
1597-LHYNC,0.6478,Yes,Medium,Yes,Month-to-month,Fiber optic,Electronic check,26,95.0
0186-CAERR,0.3396,No,Low,No,One year,Fiber optic,Bank transfer (automatic),71,116.3
3043-SUDUA,0.1308,No,Low,No,Month-to-month,No,Bank transfer (automatic),32,19.9
5442-BHQNG,0.8489,Yes,High,No,Month-to-month,Fiber optic,Electronic check,2,70.35
2169-RRLFW,0.0171,No,Low,No,Two year,No,Credit card (automatic),71,25.6
5872-OEQNH,0.1737,No,Low,No,One year,DSL,Electronic check,60,44.45
3162-KKZXO,0.534,Yes,Medium,No,One year,Fiber optic,Electronic check,55,100.15
7055-VKGDA,0.3385,No,Low,Yes,One year,Fiber optic,Credit card (automatic),54,105.4
0754-UKWQP,0.8903,Yes,High,Yes,Month-to-month,Fiber optic,Electronic check,2,95.85
8873-GLDMH,0.7825,Yes,High,No,Month-to-month,Fiber optic,Mailed check,6,73.85
5696-JVVQY,0.0703,No,Low,No,Two year,DSL,Credit card (automatic),48,70.1
8946-BFWSG,0.0093,No,Low,No,Two year,No,Mailed check,63,25.25
7493-TPUWZ,0.897,Yes,High,Yes,Month-to-month,Fiber optic,Electronic check,1,79.15
0547-HURJB,0.2723,No,Low,No,Month-to-month,No,Credit card (automatic),12,21.05
8904-OPDCK,0.4021,No,Medium,No,Month-to-month,DSL,Bank transfer (automatic),54,24.95
8845-LWKGE,0.2608,No,Low,No,One year,DSL,Electronic check,30,64.5
1577-HKTFG,0.1366,No,Low,Yes,Month-to-month,No,Bank transfer (automatic),30,19.65
8752-STIVR,0.8817,Yes,High,Yes,Month-to-month,Fiber optic,Electronic check,4,79.0
0691-NIKRI,0.4781,No,Medium,No,One year,Fiber optic,Credit card (automatic),40,105.95
5022-JNQEQ,0.7111,Yes,High,No,Month-to-month,Fiber optic,Electronic check,9,75.85
4558-FANTW,0.5673,Yes,Medium,Yes,Month-to-month,Fiber optic,Electronic check,17,91.85
3249-VHRIP,0.1681,No,Low,No,Two year,DSL,Credit card (automatic),62,43.6
3736-BLEPA,0.3468,No,Low,No,One year,Fiber optic,Bank transfer (automatic),28,91.25
4701-LKOZD,0.0474,No,Low,No,Two year,DSL,Credit card (automatic),70,89.75
6603-QWSPR,0.3313,No,Low,No,Two year,Fiber optic,Bank transfer (automatic),46,104.4
9921-QFQUL,0.6569,Yes,Medium,No,Month-to-month,Fiber optic,Mailed check,23,90.15
1929-ZCBHE,0.1178,No,Low,No,One year,DSL,Electronic check,47,40.3
4378-MYPGO,0.225,No,Low,No,Two year,Fiber optic,Bank transfer (automatic),68,105.25
8651-ENBZX,0.4581,No,Medium,Yes,One year,Fiber optic,Electronic check,60,106.0
4129-LYCOI,0.2663,No,Low,No,Two year,Fiber optic,Electronic check,67,104.0
7798-JVXYM,0.4806,No,Medium,No,Month-to-month,DSL,Electronic check,14,69.65
8647-SDTWQ,0.5508,Yes,Medium,No,Month-to-month,Fiber optic,Electronic check,57,74.3
2696-ECXKC,0.3135,No,Low,No,One year,Fiber optic,Mailed check,55,100.9
2081-KJSQF,0.5831,Yes,Medium,No,Month-to-month,No,Mailed check,1,20.25
7623-TRNQN,0.6447,Yes,Medium,Yes,Month-to-month,DSL,Mailed check,1,49.9
3323-CPBWR,0.5925,Yes,Medium,No,Month-to-month,Fiber optic,Credit card (automatic),23,96.9
9330-IJWIO,0.7861,Yes,High,Yes,Month-to-month,Fiber optic,Electronic check,13,100.35
3384-CTMSF,0.7034,Yes,High,No,Month-to-month,Fiber optic,Electronic check,47,104.1
0902-RFHOF,0.0245,No,Low,No,One year,No,Mailed check,38,20.1
9286-DOJGF,0.6271,Yes,Medium,Yes,Month-to-month,Fiber optic,Bank transfer (automatic),38,74.95
6048-QBXKL,0.6437,Yes,Medium,No,Month-to-month,DSL,Credit card (automatic),2,56.55
9661-MHUMO,0.6558,Yes,Medium,Yes,Month-to-month,DSL,Credit card (automatic),1,49.25
7718-RXDGG,0.5994,Yes,Medium,No,Month-to-month,Fiber optic,Bank transfer (automatic),15,68.6
1025-FALIX,0.5593,Yes,Medium,No,Month-to-month,Fiber optic,Credit card (automatic),26,69.05
3451-VAWLI,0.0239,No,Low,No,Two year,No,Credit card (automatic),35,19.7
3407-QGWLG,0.3146,No,Low,No,Month-to-month,No,Mailed check,3,20.05
1842-EZJMK,0.4686,No,Medium,Yes,Month-to-month,Fiber optic,Electronic check,50,103.7
2347-WKKAE,0.5336,Yes,Medium,No,Month-to-month,Fiber optic,Electronic check,42,94.4
8735-DCXNF,0.4339,No,Medium,No,Month-to-month,DSL,Credit card (automatic),10,54.95
3214-IYUUQ,0.263,No,Low,No,One year,Fiber optic,Bank transfer (automatic),61,93.7
1936-UAFEH,0.2106,No,Low,No,Two year,Fiber optic,Credit card (automatic),68,110.25
3587-PMCOY,0.6351,Yes,Medium,No,One year,Fiber optic,Electronic check,10,98.9
8079-XRJRS,0.2428,No,Low,Yes,One year,Fiber optic,Electronic check,65,89.75
1027-LKKQQ,0.0472,No,Low,No,Two year,DSL,Bank transfer (automatic),72,80.45
7148-XZPHA,0.3807,No,Low,No,Month-to-month,Fiber optic,Electronic check,55,79.4
8073-IJDCM,0.5451,Yes,Medium,Yes,Month-to-month,No,Mailed check,1,20.3
5309-TAIKL,0.5032,Yes,Medium,No,Month-to-month,DSL,Bank transfer (automatic),7,62.8
6856-RAURS,0.8344,Yes,High,No,Month-to-month,Fiber optic,Mailed check,2,74.9
8778-LMWTJ,0.6883,Yes,Medium,No,Month-to-month,Fiber optic,Electronic check,9,74.85
9717-IOAAF,0.0836,No,Low,No,Two year,No,Credit card (automatic),27,25.85
8884-ADFVN,0.9193,Yes,High,Yes,Month-to-month,Fiber optic,Electronic check,7,101.95
2845-KDHVX,0.0409,No,Low,No,Two year,DSL,Mailed check,64,68.3
0848-SOMKO,0.0737,No,Low,No,Two year,DSL,Bank transfer (automatic),70,48.4
2720-WGKHP,0.9206,Yes,High,Yes,Month-to-month,Fiber optic,Electronic check,2,94.0
6734-FQAJX,0.2716,No,Low,No,Two year,Fiber optic,Electronic check,67,105.05
2869-ADAWR,0.5744,Yes,Medium,Yes,Month-to-month,Fiber optic,Credit card (automatic),45,89.3
1535-VTJOQ,0.0676,No,Low,No,Two year,No,Credit card (automatic),24,25.15
6368-TZZDT,0.1111,No,Low,No,Two year,No,Credit card (automatic),4,19.5
0943-ZQPXH,0.5342,Yes,Medium,No,Month-to-month,Fiber optic,Bank transfer (automatic),44,92.95
1293-BSEUN,0.0097,No,Low,No,Two year,No,Mailed check,72,20.7
9894-EZEWG,0.8384,Yes,High,Yes,Month-to-month,Fiber optic,Credit card (automatic),1,74.3
1302-TPUBN,0.0619,No,Low,No,Two year,No,Bank transfer (automatic),66,19.35
7851-FLGGQ,0.6626,Yes,Medium,Yes,Month-to-month,DSL,Mailed check,1,44.65
0637-UBJRP,0.6519,Yes,Medium,Yes,Month-to-month,Fiber optic,Electronic check,13,84.05
0940-OUQEC,0.8155,Yes,High,Yes,Month-to-month,Fiber optic,Bank transfer (automatic),10,80.7
2378-VTKDH,0.6634,Yes,Medium,No,Month-to-month,Fiber optic,Electronic check,65,104.35
0927-CNGRH,0.5528,Yes,Medium,No,Month-to-month,No,Mailed check,1,19.55
8608-OZTLB,0.2104,No,Low,No,One year,DSL,Electronic check,38,74.05
2335-GSODA,0.1034,No,Low,No,Two year,DSL,Mailed check,23,40.1
1952-DVVSW,0.1295,No,Low,No,One year,No,Mailed check,10,20.1
0702-PGIBZ,0.8902,Yes,High,Yes,Month-to-month,Fiber optic,Electronic check,4,101.7
6656-GULJQ,0.0303,No,Low,No,Two year,DSL,Credit card (automatic),72,83.55
9853-JFZDU,0.2981,No,Low,No,Month-to-month,DSL,Electronic check,35,56.85
1963-VAUKV,0.5226,Yes,Medium,Yes,Month-to-month,No,Mailed check,1,20.4
3777-XROBG,0.0202,No,Low,No,Two year,No,Credit card (automatic),58,19.55
6994-FGRHH,0.4389,No,Medium,No,One year,Fiber optic,Electronic check,70,106.15
4000-VGMQP,0.2318,No,Low,No,One year,DSL,Credit card (automatic),38,78.95
3999-WRNGR,0.4302,No,Medium,No,Month-to-month,DSL,Electronic check,60,49.75
3466-RITXD,0.6128,Yes,Medium,No,Month-to-month,Fiber optic,Credit card (automatic),26,92.4
2680-XKKNJ,0.2397,No,Low,No,One year,DSL,Bank transfer (automatic),8,58.2
3058-HJCUY,0.481,No,Medium,Yes,One year,Fiber optic,Electronic check,41,102.6
2974-GGUXS,0.6425,Yes,Medium,No,Month-to-month,Fiber optic,Credit card (automatic),36,91.95
7994-XIRTR,0.1538,No,Low,No,One year,DSL,Bank transfer (automatic),54,65.25
3259-FDWOY,0.2545,No,Low,Yes,Two year,Fiber optic,Bank transfer (automatic),71,106.0
2101-RANCD,0.6102,Yes,Medium,No,Month-to-month,Fiber optic,Electronic check,55,73.1
7921-BEPCI,0.063,No,Low,No,Two year,DSL,Bank transfer (automatic),72,59.75
0807-ZABDG,0.5487,Yes,Medium,Yes,Month-to-month,DSL,Mailed check,3,55.1
8510-TMWYB,0.0911,No,Low,No,Two year,DSL,Bank transfer (automatic),54,59.8
3258-ZKPAI,0.0845,No,Low,No,Two year,Fiber optic,Bank transfer (automatic),72,116.6
1428-IEDPR,0.3315,No,Low,No,Two year,Fiber optic,Electronic check,52,109.3
5298-GSTLM,0.3352,No,Low,No,One year,Fiber optic,Bank transfer (automatic),60,101.4
4450-YOOHP,0.444,No,Medium,No,Month-to-month,DSL,Credit card (automatic),39,50.65
6728-CZFEI,0.3161,No,Low,No,One year,DSL,Mailed check,15,56.15
5748-RNCJT,0.2762,No,Low,Yes,Two year,Fiber optic,Bank transfer (automatic),69,106.5
3653-NCRDJ,0.0542,No,Low,No,One year,No,Mailed check,43,19.2
6121-TNHBO,0.1662,No,Low,No,One year,DSL,Bank transfer (automatic),63,83.0
5119-NZPTV,0.782,Yes,High,No,Month-to-month,Fiber optic,Electronic check,2,70.1
6519-ZHPXP,0.1349,No,Low,No,Two year,Fiber optic,Bank transfer (automatic),72,108.3
7739-LAXOG,0.5576,Yes,Medium,Yes,Month-to-month,Fiber optic,Bank transfer (automatic),32,91.05
3472-QPRCH,0.0488,No,Low,No,Two year,No,Credit card (automatic),40,25.25
8224-UAXBZ,0.1635,No,Low,No,One year,DSL,Electronic check,58,45.35
9610-WCESF,0.1406,No,Low,No,Two year,DSL,Electronic check,67,43.9
9776-CLUJA,0.5318,Yes,Medium,Yes,Month-to-month,Fiber optic,Electronic check,51,77.5
2486-WYVVE,0.3332,No,Low,No,One year,DSL,Mailed check,31,79.3
3865-ZYKAD,0.3104,No,Low,No,Month-to-month,Fiber optic,Credit card (automatic),69,84.9
1422-DGUBX,0.3732,No,Low,No,One year,Fiber optic,Electronic check,32,79.25
2999-AANRQ,0.1513,No,Low,No,Two year,DSL,Credit card (automatic),21,71.05
8668-KNZTI,0.185,No,Low,No,One year,DSL,Electronic check,52,53.75
0480-KYJVA,0.011,No,Low,No,Two year,No,Credit card (automatic),72,24.25
6034-ZRYCV,0.1493,No,Low,Yes,Two year,DSL,Electronic check,72,54.2
9746-YKGXB,0.1213,No,Low,No,One year,DSL,Bank transfer (automatic),52,44.25
3926-YZVVX,0.1768,No,Low,No,One year,DSL,Bank transfer (automatic),41,50.05
6000-UKLWI,0.0153,No,Low,No,Two year,No,Mailed check,41,20.15
2079-FBMZK,0.6955,Yes,Medium,Yes,Month-to-month,Fiber optic,Mailed check,6,69.25
6332-FBZRI,0.1157,No,Low,No,One year,DSL,Credit card (automatic),67,69.35
2096-XOTMO,0.2241,No,Low,No,Month-to-month,No,Mailed check,16,19.35
3266-FTKHB,0.0474,No,Low,No,Two year,No,Mailed check,17,19.15
8221-EQDGL,0.2632,No,Low,No,Month-to-month,DSL,Mailed check,35,61.0
2346-LOCWC,0.0084,No,Low,No,Two year,No,Credit card (automatic),58,20.5
6608-QQLVK,0.7817,Yes,High,Yes,Month-to-month,DSL,Electronic check,1,50.5
0298-XACET,0.1068,No,Low,No,Two year,DSL,Mailed check,52,50.2
7560-QJAVJ,0.0386,No,Low,No,Two year,DSL,Bank transfer (automatic),70,79.6
2995-YWTCD,0.0427,No,Low,No,Two year,No,Bank transfer (automatic),19,24.9
3551-HUAZH,0.9185,Yes,High,Yes,Month-to-month,Fiber optic,Electronic check,1,74.4
9137-UIYPG,0.5572,Yes,Medium,No,Month-to-month,Fiber optic,Electronic check,35,106.9
2809-ZMYOQ,0.7748,Yes,High,No,Month-to-month,Fiber optic,Electronic check,32,101.35
5084-OOVCJ,0.3858,No,Low,No,Month-to-month,DSL,Credit card (automatic),17,55.35
0254-WWRKD,0.1978,No,Low,No,One year,DSL,Credit card (automatic),67,50.55
7727-SHVZV,0.2903,No,Low,No,Month-to-month,No,Bank transfer (automatic),9,19.5
6302-JGYRJ,0.2503,No,Low,Yes,One year,DSL,Mailed check,31,79.45
5339-PXDVH,0.759,Yes,High,No,Month-to-month,Fiber optic,Electronic check,4,90.65
2205-LPVGL,0.1658,No,Low,No,One year,Fiber optic,Bank transfer (automatic),58,89.85
8782-NUUOL,0.1822,No,Low,No,One year,DSL,Mailed check,60,79.0
3685-YLCMQ,0.485,No,Medium,Yes,One year,Fiber optic,Electronic check,58,104.65
7601-WFVZV,0.5502,Yes,Medium,No,Month-to-month,No,Mailed check,1,19.55
4609-KNNWG,0.0191,No,Low,No,Two year,No,Mailed check,27,19.9
4868-AADLV,0.3989,No,Low,No,One year,Fiber optic,Electronic check,66,116.25
9529-OFXHY,0.6759,Yes,Medium,No,Month-to-month,Fiber optic,Bank transfer (automatic),15,87.75
8634-MPHTR,0.7293,Yes,High,Yes,Month-to-month,Fiber optic,Electronic check,47,100.05
2669-QVCRG,0.5032,Yes,Medium,No,Month-to-month,Fiber optic,Credit card (automatic),41,81.3
2478-EEWWM,0.4493,No,Medium,No,Month-to-month,DSL,Electronic check,59,44.3
9174-IHETN,0.2156,No,Low,No,Two year,Fiber optic,Credit card (automatic),50,70.35
2233-TXSIU,0.25,No,Low,No,One year,DSL,Credit card (automatic),17,44.45
9644-UMGQA,0.5205,Yes,Medium,No,Month-to-month,DSL,Electronic check,6,49.15
3256-EZDBI,0.391,No,Low,No,Month-to-month,DSL,Credit card (automatic),51,29.45
8761-NSOBC,0.5187,Yes,Medium,Yes,Month-to-month,Fiber optic,Electronic check,44,100.55
0419-YAAPX,0.4997,No,Medium,No,Month-to-month,Fiber optic,Credit card (automatic),49,85.3
8413-VONUO,0.8498,Yes,High,Yes,Month-to-month,Fiber optic,Electronic check,2,95.65
0872-CASZJ,0.1582,No,Low,No,One year,DSL,Mailed check,59,69.1
4726-DLWQN,0.2969,No,Low,No,Month-to-month,DSL,Bank transfer (automatic),50,70.35
8164-OCKUJ,0.0154,No,Low,No,Two year,No,Mailed check,59,20.6
3094-JOJAI,0.6403,Yes,Medium,No,Month-to-month,Fiber optic,Mailed check,18,74.15
9494-MRNYX,0.7623,Yes,High,No,Month-to-month,Fiber optic,Electronic check,10,75.05
2599-CZABP,0.3611,No,Low,No,One year,DSL,Electronic check,14,44.6
7945-PRBVF,0.0314,No,Low,No,Two year,No,Bank transfer (automatic),35,21.45
4544-RXFMG,0.4133,No,Medium,No,One year,DSL,Mailed check,8,43.45
0859-YGKFW,0.092,No,Low,No,One year,No,Bank transfer (automatic),18,20.05
1150-FTQGN,0.2065,No,Low,No,One year,Fiber optic,Bank transfer (automatic),60,94.15
9223-UCPVT,0.9043,Yes,High,Yes,Month-to-month,Fiber optic,Electronic check,1,94.4
7196-LIWRH,0.082,No,Low,No,Two year,No,Mailed check,6,19.55
5448-VWNAM,0.3154,No,Low,No,Month-to-month,DSL,Mailed check,19,75.9
1177-XZBJL,0.0871,No,Low,No,One year,DSL,Bank transfer (automatic),53,64.15
3518-FSTWG,0.1611,No,Low,No,Two year,Fiber optic,Bank transfer (automatic),72,109.55
9330-VOFSZ,0.2053,No,Low,No,Two year,Fiber optic,Credit card (automatic),60,110.8
4351-QLCSU,0.7583,Yes,High,Yes,Month-to-month,DSL,Credit card (automatic),1,55.0
0939-EREMR,0.4081,No,Medium,No,Month-to-month,DSL,Mailed check,13,53.45
9389-ACWBI,0.7089,Yes,High,No,Month-to-month,Fiber optic,Credit card (automatic),5,69.95
5419-JPRRN,0.943,Yes,High,Yes,Month-to-month,Fiber optic,Electronic check,1,101.45
3644-QXEHN,0.773,Yes,High,No,Month-to-month,Fiber optic,Electronic check,13,97.0
2911-IJORQ,0.2544,No,Low,No,One year,DSL,Bank transfer (automatic),37,90.6
5921-NGYRH,0.3319,No,Low,No,Month-to-month,Fiber optic,Mailed check,64,73.55
2100-BDNSN,0.5056,Yes,Medium,Yes,Month-to-month,DSL,Bank transfer (automatic),5,67.95
5998-DZLYR,0.231,No,Low,No,Two year,Fiber optic,Bank transfer (automatic),61,94.35
0488-GSLFR,0.9306,Yes,High,Yes,Month-to-month,Fiber optic,Electronic check,1,69.5
9318-NKNFC,0.4833,No,Medium,Yes,Month-to-month,No,Mailed check,1,18.85
3985-HOYPM,0.0296,No,Low,No,One year,No,Mailed check,26,19.4
9728-FTTVZ,0.9248,Yes,High,Yes,Month-to-month,Fiber optic,Electronic check,1,69.2
9548-LERKT,0.0193,No,Low,No,Two year,No,Mailed check,24,19.75
6576-FBXOJ,0.351,No,Low,No,One year,DSL,Electronic check,17,54.6
4310-KEDTB,0.3723,No,Low,No,Month-to-month,DSL,Mailed check,26,29.8
7254-IQWOZ,0.905,Yes,High,Yes,Month-to-month,Fiber optic,Electronic check,1,69.65
2474-BRUCM,0.6004,Yes,Medium,Yes,Month-to-month,Fiber optic,Electronic check,40,101.85
4062-HBMOS,0.7474,Yes,High,No,Month-to-month,Fiber optic,Electronic check,52,103.05
0742-NXBGR,0.8756,Yes,High,Yes,Month-to-month,Fiber optic,Electronic check,1,82.3
2676-ISHSF,0.5063,Yes,Medium,No,Month-to-month,No,Mailed check,1,20.3
9236-NDUCW,0.1219,No,Low,No,Two year,DSL,Mailed check,21,35.1
4753-PADAS,0.3822,No,Low,No,One year,Fiber optic,Bank transfer (automatic),67,105.7
6103-QCKFX,0.2147,No,Low,No,Month-to-month,DSL,Bank transfer (automatic),44,56.25
7781-EWARA,0.1887,No,Low,No,One year,DSL,Electronic check,70,60.35
6110-OHIHY,0.8395,Yes,High,Yes,Month-to-month,Fiber optic,Electronic check,3,79.25
7018-FPXHH,0.0637,No,Low,No,Two year,DSL,Bank transfer (automatic),56,59.8
5889-LFOLL,0.8538,Yes,High,Yes,Month-to-month,Fiber optic,Electronic check,13,84.6
5708-EVONK,0.3546,No,Low,Yes,Month-to-month,Fiber optic,Bank transfer (automatic),58,93.4
8708-XPXHZ,0.6608,Yes,Medium,Yes,Month-to-month,Fiber optic,Electronic check,42,94.2
0616-ATFGB,0.7778,Yes,High,Yes,Month-to-month,DSL,Electronic check,1,25.05
0572-ZJKLT,0.2343,No,Low,No,Two year,Fiber optic,Mailed check,46,99.65
5135-RDDQL,0.0627,No,Low,No,Two year,DSL,Bank transfer (automatic),63,50.65
1353-LJWEM,0.423,No,Medium,No,Month-to-month,DSL,Electronic check,11,60.9
1794-SWWKL,0.4036,No,Medium,No,Month-to-month,DSL,Bank transfer (automatic),15,59.65
6166-YIPFO,0.0619,No,Low,No,Two year,DSL,Electronic check,72,64.7
7016-BPGEU,0.4162,No,Medium,Yes,Month-to-month,DSL,Credit card (automatic),29,25.1
6876-ADESB,0.7812,Yes,High,Yes,Month-to-month,DSL,Electronic check,1,48.95
9332-GYWLO,0.5677,Yes,Medium,No,Month-to-month,DSL,Electronic check,6,54.85
1963-SVUCV,0.7664,Yes,High,Yes,Month-to-month,DSL,Electronic check,1,45.3
4184-VODJZ,0.4226,No,Medium,No,One year,Fiber optic,Electronic check,63,91.35
0220-EBGCE,0.8634,Yes,High,Yes,Month-to-month,Fiber optic,Electronic check,2,85.85
1092-WPIVQ,0.0721,No,Low,No,Two year,No,Mailed check,18,25.1
7233-IOQNP,0.2959,No,Low,No,Month-to-month,DSL,Bank transfer (automatic),43,34.0
2834-JKOOW,0.187,No,Low,No,One year,DSL,Mailed check,15,45.9
2754-VDLTR,0.8433,Yes,High,Yes,Month-to-month,Fiber optic,Electronic check,10,95.2
2400-FEQME,0.0232,No,Low,No,Two year,No,Mailed check,55,20.5
3190-XFANI,0.3449,No,Low,Yes,One year,Fiber optic,Bank transfer (automatic),49,100.6
7551-DACSP,0.4705,No,Medium,Yes,Month-to-month,DSL,Mailed check,6,55.3
4957-SREEC,0.0036,No,Low,No,Two year,No,Credit card (automatic),70,20.35
7235-NXZCP,0.8655,Yes,High,Yes,Month-to-month,Fiber optic,Mailed check,2,74.85
0230-UBYPQ,0.1248,No,Low,No,One year,DSL,Bank transfer (automatic),63,36.1
4923-ADWXJ,0.2675,No,Low,No,Month-to-month,DSL,Bank transfer (automatic),25,65.8
1763-KUAAW,0.1156,No,Low,No,One year,No,Bank transfer (automatic),18,20.35
1104-TNLZA,0.6613,Yes,Medium,No,Month-to-month,Fiber optic,Electronic check,28,105.8
5195-KPUNQ,0.2263,No,Low,No,One year,Fiber optic,Mailed check,53,96.75
0520-FDVVT,0.3962,No,Low,Yes,One year,Fiber optic,Bank transfer (automatic),35,102.35
3439-GVUSX,0.729,Yes,High,No,Month-to-month,DSL,Mailed check,1,24.4
1444-VVSGW,0.2552,No,Low,Yes,One year,Fiber optic,Credit card (automatic),70,115.65
5712-PTIWW,0.7776,Yes,High,Yes,Month-to-month,Fiber optic,Electronic check,2,79.85
5949-HGVJL,0.3252,No,Low,No,Month-to-month,DSL,Electronic check,26,73.05
5203-XEHAX,0.218,No,Low,No,One year,DSL,Electronic check,34,64.35
1635-HDGFT,0.0254,No,Low,No,Two year,No,Mailed check,19,20.5
3315-TOTBP,0.6379,Yes,Medium,Yes,Month-to-month,Fiber optic,Mailed check,15,76.0
8050-XGRVL,0.1167,No,Low,No,One year,DSL,Credit card (automatic),62,54.75
6661-HBGWL,0.6715,Yes,Medium,Yes,Month-to-month,Fiber optic,Bank transfer (automatic),42,104.75
1518-VOWAV,0.4714,No,Medium,Yes,Month-to-month,DSL,Electronic check,9,74.65
9828-QHFBK,0.4693,No,Medium,No,Month-to-month,DSL,Electronic check,24,51.15
3908-MKIMJ,0.1499,No,Low,No,Two year,DSL,Electronic check,68,41.95
5012-YSPJJ,0.2486,No,Low,No,Month-to-month,DSL,Mailed check,31,54.35
5909-ECHUI,0.7402,Yes,High,Yes,Month-to-month,DSL,Electronic check,1,56.25
1309-BXVOQ,0.7179,Yes,High,Yes,Month-to-month,Fiber optic,Electronic check,21,106.1
6728-VOIFY,0.4088,No,Medium,No,One year,Fiber optic,Electronic check,63,96.0
9317-WZPGV,0.8829,Yes,High,Yes,Month-to-month,Fiber optic,Bank transfer (automatic),2,79.75
4891-NLUBA,0.0533,No,Low,No,Two year,DSL,Bank transfer (automatic),61,61.45
2856-HYAPG,0.8408,Yes,High,Yes,Month-to-month,Fiber optic,Electronic check,1,68.65
8969-PRHFK,0.0379,No,Low,No,One year,No,Mailed check,18,19.65
0661-KQHNK,0.1811,No,Low,No,One year,No,Credit card (automatic),6,19.0
8709-KRDVL,0.7671,Yes,High,No,Month-to-month,Fiber optic,Electronic check,33,100.0
4488-PSYCG,0.1841,No,Low,Yes,Month-to-month,No,Bank transfer (automatic),16,20.25
1427-VERSM,0.4678,No,Medium,No,Month-to-month,Fiber optic,Electronic check,56,98.7
9801-NOSHQ,0.0302,No,Low,No,One year,No,Mailed check,23,19.8
6339-YPSAH,0.77,Yes,High,No,Month-to-month,Fiber optic,Electronic check,9,73.8
3621-CEOVK,0.7902,Yes,High,Yes,Month-to-month,Fiber optic,Electronic check,14,100.2
6906-ANDWJ,0.7034,Yes,High,Yes,Month-to-month,Fiber optic,Bank transfer (automatic),15,74.9
2159-TURXX,0.2867,No,Low,No,Month-to-month,No,Credit card (automatic),5,20.05
1548-FEHVL,0.5039,Yes,Medium,No,Month-to-month,Fiber optic,Electronic check,61,106.2
3795-CAWEX,0.1517,No,Low,No,Two year,Fiber optic,Credit card (automatic),70,116.55
6215-NQCPY,0.8163,Yes,High,No,Month-to-month,Fiber optic,Electronic check,15,99.7
5647-URDKA,0.0928,No,Low,No,Two year,No,Mailed check,8,19.7
2229-DPMBI,0.084,No,Low,No,Two year,No,Mailed check,8,19.5
9626-WEQRM,0.6129,Yes,Medium,No,Month-to-month,DSL,Mailed check,4,29.15
2188-SXWVT,0.1567,No,Low,No,One year,DSL,Mailed check,34,55.0
6258-PVZWJ,0.0493,No,Low,No,Two year,DSL,Credit card (automatic),68,90.8
1094-BKOSX,0.1836,No,Low,No,One year,DSL,Bank transfer (automatic),45,51.0
6969-MVBAI,0.8758,Yes,High,No,Month-to-month,Fiber optic,Electronic check,9,90.1
2978-XXSOG,0.2752,No,Low,No,Month-to-month,DSL,Mailed check,22,59.05
2342-CKIAO,0.3712,No,Low,No,Month-to-month,No,Mailed check,2,20.3
6953-PBDIN,0.0698,No,Low,No,Two year,DSL,Bank transfer (automatic),70,72.95
3898-BSJYF,0.2988,No,Low,No,One year,DSL,Credit card (automatic),10,73.55
3938-YFPXD,0.0471,No,Low,No,Two year,DSL,Credit card (automatic),72,84.3
7696-AMHOD,0.2097,No,Low,No,One year,DSL,Credit card (automatic),49,78.0
2453-SAFNS,0.1373,No,Low,No,One year,DSL,Mailed check,54,72.1
9558-IHEZX,0.1839,No,Low,No,Two year,Fiber optic,Credit card (automatic),71,106.75
9617-UDPEU,0.0485,No,Low,No,One year,No,Mailed check,22,19.25
6340-DACFT,0.0215,No,Low,No,Two year,No,Credit card (automatic),50,20.55
4955-VCWBI,0.0279,No,Low,No,One year,No,Mailed check,43,20.0
6813-GZQCG,0.04,No,Low,No,Two year,No,Credit card (automatic),45,24.65
7426-GSWPO,0.4487,No,Medium,No,Month-to-month,Fiber optic,Bank transfer (automatic),64,103.5
3389-KTRXV,0.0736,No,Low,No,Two year,No,Mailed check,23,23.85
3118-UHVVQ,0.0311,No,Low,No,Two year,No,Credit card (automatic),68,25.8
1031-IIDEO,0.9122,Yes,High,Yes,Month-to-month,Fiber optic,Electronic check,1,70.85
5832-XKAES,0.7718,Yes,High,Yes,Month-to-month,Fiber optic,Credit card (automatic),2,69.8
3205-MXZRA,0.1851,No,Low,No,One year,DSL,Credit card (automatic),26,59.45
4701-AHWMW,0.2862,No,Low,Yes,Month-to-month,DSL,Bank transfer (automatic),55,54.55
8317-BVKSO,0.2804,No,Low,No,Month-to-month,No,Electronic check,14,20.05
5702-KVQRD,0.0887,No,Low,No,Two year,DSL,Electronic check,71,82.55
0083-PIVIK,0.1592,No,Low,No,One year,DSL,Electronic check,64,81.25
9210-IAHGH,0.4889,No,Medium,Yes,Month-to-month,DSL,Credit card (automatic),7,70.75
6169-PGNCD,0.0371,No,Low,No,Two year,DSL,Credit card (automatic),57,74.3
0023-XUOPT,0.7655,Yes,High,Yes,Month-to-month,Fiber optic,Electronic check,13,94.1
4592-IWTJI,0.5846,Yes,Medium,Yes,Month-to-month,DSL,Credit card (automatic),3,29.7
4909-JOUPP,0.2075,No,Low,No,Two year,Fiber optic,Credit card (automatic),72,109.7
4657-FWVFY,0.5965,Yes,Medium,No,Month-to-month,Fiber optic,Credit card (automatic),40,96.35
2257-BOVXD,0.4183,No,Medium,No,Month-to-month,DSL,Credit card (automatic),14,66.6
7729-JTEEC,0.7684,Yes,High,No,Month-to-month,DSL,Electronic check,2,44.5
7632-MNYOY,0.3837,No,Low,Yes,One year,Fiber optic,Credit card (automatic),66,110.9
6518-LGAOV,0.6937,Yes,Medium,Yes,Month-to-month,Fiber optic,Electronic check,38,105.0
7242-QZLXF,0.8076,Yes,High,Yes,Month-to-month,DSL,Electronic check,1,25.3
4576-CSAJH,0.1907,No,Low,Yes,One year,DSL,Credit card (automatic),22,55.15
1000-AJSLD,0.553,Yes,Medium,Yes,Month-to-month,No,Mailed check,1,20.1
9696-RMYBA,0.8187,Yes,High,No,Month-to-month,Fiber optic,Mailed check,5,80.1
8690-UPCZI,0.1766,No,Low,No,One year,DSL,Bank transfer (automatic),29,69.05
1062-LHZOD,0.8728,Yes,High,Yes,Month-to-month,Fiber optic,Mailed check,1,69.9
9770-LXDBK,0.3577,No,Low,No,Month-to-month,No,Mailed check,3,20.4
4086-WITJG,0.0241,No,Low,No,Two year,No,Credit card (automatic),71,19.7
8344-WFMFH,0.4693,No,Medium,No,Month-to-month,DSL,Electronic check,9,50.1
9600-NAXZN,0.7663,Yes,High,Yes,Month-to-month,Fiber optic,Electronic check,43,101.4
8822-KNBHV,0.2154,No,Low,No,One year,DSL,Credit card (automatic),48,83.45
8404-FYDIB,0.5681,Yes,Medium,No,Month-to-month,Fiber optic,Credit card (automatic),26,86.65
2791-SFVEW,0.3037,No,Low,No,Month-to-month,No,Bank transfer (automatic),9,20.15
6457-USBER,0.9242,Yes,High,Yes,Month-to-month,Fiber optic,Electronic check,1,80.8
6762-NSODU,0.016,No,Low,No,Two year,No,Credit card (automatic),46,19.4
4662-EKDPQ,0.6566,Yes,Medium,Yes,Month-to-month,DSL,Bank transfer (automatic),2,62.05
9248-OJYKK,0.9214,Yes,High,Yes,Month-to-month,Fiber optic,Electronic check,1,76.45
9888-ZCUMM,0.0576,No,Low,No,Two year,DSL,Bank transfer (automatic),64,60.05
3398-FSHON,0.8587,Yes,High,Yes,Month-to-month,Fiber optic,Electronic check,12,91.3
3319-DWOEP,0.877,Yes,High,Yes,Month-to-month,Fiber optic,Electronic check,6,95.75
1074-WVEVG,0.0297,No,Low,No,One year,No,Mailed check,59,20.35
9979-RGMZT,0.6621,Yes,Medium,No,One year,Fiber optic,Mailed check,7,94.05
6437-UDQJM,0.1037,No,Low,No,Two year,DSL,Credit card (automatic),72,84.1
1226-IENZN,0.764,Yes,High,No,Month-to-month,Fiber optic,Electronic check,16,78.75
2108-GLPQB,0.2852,No,Low,No,Month-to-month,DSL,Credit card (automatic),25,55.55
9259-PACGQ,0.2816,No,Low,Yes,Month-to-month,DSL,Electronic check,34,62.65
4415-IJZTP,0.9199,Yes,High,Yes,Month-to-month,Fiber optic,Electronic check,1,74.5
1465-VINDH,0.8441,Yes,High,Yes,Month-to-month,Fiber optic,Credit card (automatic),10,102.1
5474-LAMUQ,0.0246,No,Low,No,One year,No,Mailed check,24,20.1
3468-DRVQJ,0.2998,No,Low,No,One year,DSL,Electronic check,10,70.3
1122-YJBCS,0.1268,No,Low,No,One year,DSL,Credit card (automatic),69,53.65
4990-ALDGW,0.0378,No,Low,No,Two year,No,Mailed check,57,20.75
4816-OKWNX,0.3358,No,Low,No,One year,Fiber optic,Bank transfer (automatic),50,103.4
3315-IKYZQ,0.1566,No,Low,No,One year,DSL,Mailed check,28,50.8
2810-FTLEM,0.515,Yes,Medium,Yes,Month-to-month,DSL,Electronic check,16,50.15
4747-LCAQL,0.2488,No,Low,No,Month-to-month,DSL,Mailed check,25,79.0
3411-WLRSQ,0.8221,Yes,High,No,Month-to-month,Fiber optic,Bank transfer (automatic),3,74.6
0898-XCGTF,0.4032,No,Medium,No,One year,Fiber optic,Bank transfer (automatic),61,96.5
8006-PYCSW,0.3729,No,Low,No,Month-to-month,No,Mailed check,2,20.1
8249-THVEC,0.0509,No,Low,No,One year,No,Mailed check,51,19.4
8722-PRFDV,0.0675,No,Low,No,Two year,DSL,Credit card (automatic),71,77.55
2164-SOQXL,0.1643,No,Low,No,Month-to-month,No,Mailed check,20,20.05
4020-KIUDI,0.2593,No,Low,No,Month-to-month,No,Credit card (automatic),6,19.85
5850-BDWCY,0.2896,No,Low,No,Month-to-month,No,Mailed check,6,20.2
2038-YSEZE,0.2675,No,Low,No,Month-to-month,DSL,Mailed check,29,67.45
0827-ITJPH,0.0303,No,Low,No,Two year,No,Credit card (automatic),36,18.55
8799-OXZMD,0.4297,No,Medium,No,Month-to-month,DSL,Mailed check,28,29.75
1925-TIBLE,0.8613,Yes,High,Yes,Month-to-month,Fiber optic,Electronic check,7,86.5
1705-GUHPV,0.0122,No,Low,No,Two year,No,Mailed check,63,24.2
4779-ZGICK,0.0295,No,Low,No,Two year,No,Mailed check,48,23.55
0048-PIHNL,0.0797,No,Low,No,One year,No,Bank transfer (automatic),49,20.45
0818-OCPZO,0.7317,Yes,High,Yes,Month-to-month,Fiber optic,Electronic check,27,81.45
3967-KXAPS,0.0594,No,Low,No,Two year,DSL,Credit card (automatic),72,92.3
1447-GIQMR,0.8881,Yes,High,Yes,Month-to-month,Fiber optic,Electronic check,1,69.15
3704-IEAXF,0.091,No,Low,No,Two year,DSL,Credit card (automatic),72,53.65
6810-VCAEX,0.1449,No,Low,No,One year,DSL,Credit card (automatic),47,39.65
0674-EYYZV,0.7569,Yes,High,No,Month-to-month,DSL,Electronic check,1,54.65
4480-MBMLB,0.4405,No,Medium,No,One year,Fiber optic,Bank transfer (automatic),36,104.8
1395-OFUWC,0.3636,No,Low,No,Month-to-month,DSL,Credit card (automatic),43,29.3
0822-QGCXA,0.3525,No,Low,No,Month-to-month,DSL,Electronic check,27,83.85
0872-NXJYS,0.821,Yes,High,Yes,Month-to-month,Fiber optic,Electronic check,9,79.55
2832-KJCRD,0.6749,Yes,Medium,No,Month-to-month,Fiber optic,Electronic check,38,103.65
3588-WSTTJ,0.7503,Yes,High,No,Month-to-month,Fiber optic,Electronic check,35,99.05
4075-WKNIU,0.3021,No,Low,No,Two year,DSL,Mailed check,0,73.35
5090-EMGTC,0.2725,No,Low,No,Two year,Fiber optic,Mailed check,59,100.05
2346-CZYIL,0.0185,No,Low,No,Two year,No,Credit card (automatic),27,20.35
3798-EPWRR,0.7507,Yes,High,No,Month-to-month,DSL,Electronic check,2,43.95
6258-NGCNG,0.2635,No,Low,No,Month-to-month,No,Mailed check,7,23.5
4186-ZBUEW,0.273,No,Low,No,One year,DSL,Mailed check,36,70.7
5274-XHAKY,0.5259,Yes,Medium,No,Month-to-month,Fiber optic,Bank transfer (automatic),41,94.3
1442-BQPVU,0.5487,Yes,Medium,No,Month-to-month,DSL,Electronic check,13,29.15
3978-YNKDD,0.0283,No,Low,No,Two year,No,Credit card (automatic),19,20.85
4940-KHCWD,0.075,No,Low,No,Two year,DSL,Bank transfer (automatic),60,37.7
9412-ARGBX,0.2455,No,Low,Yes,Two year,Fiber optic,Mailed check,48,95.5
1389-CXMLU,0.89,Yes,High,Yes,Month-to-month,Fiber optic,Electronic check,3,91.05
9589-ABEPT,0.1747,No,Low,No,Two year,Fiber optic,Mailed check,69,92.45
9388-ZEYVT,0.2236,No,Low,No,One year,DSL,Electronic check,43,44.15
0305-SQECB,0.2468,No,Low,No,One year,DSL,Mailed check,11,36.05
7605-SNLQG,0.312,No,Low,No,Month-to-month,DSL,Credit card (automatic),45,50.25
4670-TABXH,0.167,No,Low,No,Two year,Fiber optic,Credit card (automatic),72,109.75
5561-NWEVX,0.8615,Yes,High,Yes,Month-to-month,Fiber optic,Electronic check,2,79.2
0064-SUDOG,0.0893,No,Low,No,Two year,No,Bank transfer (automatic),12,20.3
8561-NMTBD,0.3213,No,Low,No,One year,Fiber optic,Credit card (automatic),67,112.35
5161-XEUVX,0.2453,No,Low,No,Two year,Fiber optic,Mailed check,37,94.3
8292-FRFZQ,0.1498,No,Low,No,One year,DSL,Bank transfer (automatic),39,41.15
8591-NXRCV,0.3183,No,Low,No,Month-to-month,DSL,Bank transfer (automatic),41,74.65
7895-VONWT,0.4459,No,Medium,No,Month-to-month,DSL,Electronic check,25,48.25
4526-RMTLL,0.2078,No,Low,No,Two year,DSL,Credit card (automatic),8,76.15
6253-GNHWH,0.0686,No,Low,No,Two year,DSL,Mailed check,71,71.1
4566-NECEV,0.8706,Yes,High,No,Month-to-month,Fiber optic,Electronic check,5,96.55
8080-POTJR,0.2735,No,Low,No,One year,DSL,Credit card (automatic),30,79.3
6906-MPARY,0.3767,No,Low,No,One year,Fiber optic,Credit card (automatic),40,89.6
3662-FXJFO,0.0375,No,Low,No,Two year,No,Mailed check,54,20.5
8107-RZLNV,0.2735,No,Low,No,Two year,Fiber optic,Bank transfer (automatic),72,106.3
0516-OOHAR,0.427,No,Medium,No,One year,Fiber optic,Bank transfer (automatic),28,100.35
2027-CWDNU,0.6641,Yes,Medium,No,Month-to-month,Fiber optic,Electronic check,18,85.6
2737-WFVYW,0.7895,Yes,High,Yes,Month-to-month,DSL,Electronic check,2,45.25
9912-OMZDS,0.5284,Yes,Medium,No,One year,Fiber optic,Electronic check,59,106.15
3733-ZEECP,0.4209,No,Medium,No,Month-to-month,DSL,Electronic check,22,51.1
7878-RTCZG,0.5313,Yes,Medium,No,Month-to-month,No,Mailed check,1,19.9
2452-MRMZF,0.0415,No,Low,No,Two year,No,Credit card (automatic),72,25.7
2272-QAGFO,0.7738,Yes,High,Yes,Month-to-month,Fiber optic,Electronic check,14,74.3
7103-IPXPJ,0.4626,No,Medium,No,One year,Fiber optic,Electronic check,50,99.4
4342-HFXWS,0.1217,No,Low,No,One year,DSL,Bank transfer (automatic),48,69.7
3545-CNWRG,0.6785,Yes,Medium,No,Month-to-month,Fiber optic,Electronic check,49,98.35
1785-BPHTP,0.6523,Yes,Medium,No,Month-to-month,Fiber optic,Electronic check,28,85.45
4989-LIXVT,0.5189,Yes,Medium,No,Month-to-month,Fiber optic,Electronic check,68,95.9
7315-WYOAW,0.7734,Yes,High,No,Month-to-month,Fiber optic,Electronic check,13,100.75
1173-XZPYF,0.8729,Yes,High,No,Month-to-month,Fiber optic,Electronic check,11,89.2
9850-OWRHQ,0.8329,Yes,High,Yes,Month-to-month,Fiber optic,Credit card (automatic),3,74.1
3768-NLUBH,0.6143,Yes,Medium,Yes,Month-to-month,Fiber optic,Electronic check,57,100.6
8676-TRMJS,0.7882,Yes,High,Yes,Month-to-month,Fiber optic,Mailed check,3,75.0
2509-TFPJU,0.0173,No,Low,No,Two year,No,Credit card (automatic),72,25.75
9530-GRMJG,0.0833,No,Low,No,Two year,DSL,Electronic check,70,84.1
6898-RBTLU,0.0677,No,Low,No,Two year,DSL,Bank transfer (automatic),49,79.3
5481-NTDOH,0.3807,No,Low,No,One year,Fiber optic,Credit card (automatic),67,107.05
2068-WWXQZ,0.0347,No,Low,No,Two year,No,Bank transfer (automatic),46,20.05
7359-SSBJK,0.0522,No,Low,Yes,Two year,DSL,Credit card (automatic),64,70.2
2061-VVFST,0.1625,No,Low,No,Month-to-month,No,Bank transfer (automatic),37,19.5
0685-MLYYM,0.8091,Yes,High,Yes,Month-to-month,Fiber optic,Electronic check,2,70.75
0749-IRGQE,0.6429,Yes,Medium,No,Month-to-month,DSL,Electronic check,13,45.3
2380-DAMQP,0.1178,No,Low,No,Two year,Fiber optic,Electronic check,72,115.15
2256-YLYLP,0.0813,No,Low,No,Two year,DSL,Bank transfer (automatic),68,72.95
1272-ILHFG,0.0586,No,Low,No,One year,No,Mailed check,15,19.65
0164-XAIRP,0.0464,No,Low,No,Two year,No,Bank transfer (automatic),24,19.55
5666-CYCYZ,0.709,Yes,High,No,Month-to-month,Fiber optic,Electronic check,24,89.55
4011-ARPHK,0.2546,No,Low,No,Month-to-month,DSL,Mailed check,27,50.35
8182-PNAGI,0.4446,No,Medium,Yes,Month-to-month,DSL,Bank transfer (automatic),12,50.25
6365-HITVU,0.0356,No,Low,No,Two year,DSL,Credit card (automatic),71,87.25
7558-IMLMT,0.0166,No,Low,No,Two year,No,Mailed check,67,20.8
9488-FYQAU,0.2909,No,Low,No,Two year,Fiber optic,Bank transfer (automatic),63,109.25
3590-TCXTB,0.5178,Yes,Medium,No,Month-to-month,No,Mailed check,1,20.35
6994-KERXL,0.7092,Yes,High,No,Month-to-month,DSL,Electronic check,4,55.9
7957-RYHQD,0.5259,Yes,Medium,Yes,Month-to-month,Fiber optic,Credit card (automatic),40,79.2
2180-DXNEG,0.8613,Yes,High,Yes,Month-to-month,Fiber optic,Electronic check,12,96.0
1960-UOTYM,0.1038,No,Low,No,Two year,DSL,Electronic check,52,79.2
2740-JFBOK,0.2973,No,Low,No,Month-to-month,No,Electronic check,10,24.0
6500-JVEGC,0.272,No,Low,No,One year,Fiber optic,Bank transfer (automatic),68,101.35
5515-AKOAJ,0.501,Yes,Medium,Yes,Month-to-month,Fiber optic,Electronic check,54,100.1
8976-OQHGT,0.5491,Yes,Medium,Yes,Month-to-month,DSL,Mailed check,4,56.5
5245-VDBUR,0.1,No,Low,No,One year,DSL,Mailed check,52,35.45
6230-BSUXY,0.9065,Yes,High,Yes,Month-to-month,Fiber optic,Electronic check,1,85.0
8469-SNFFH,0.151,No,Low,No,One year,DSL,Bank transfer (automatic),70,79.4
2144-ESWKO,0.2101,No,Low,No,One year,DSL,Credit card (automatic),43,35.2
1241-FPMOF,0.0557,No,Low,No,Two year,No,Mailed check,52,19.65
9928-BZVLZ,0.1858,No,Low,No,Two year,DSL,Mailed check,12,49.85
4114-QMKVN,0.1869,No,Low,No,One year,DSL,Bank transfer (automatic),56,68.75
2775-SEFEE,0.2659,No,Low,No,Two year,DSL,Bank transfer (automatic),0,61.9
9003-CPATH,0.6356,Yes,Medium,No,Month-to-month,Fiber optic,Electronic check,42,79.9
1754-GKYPY,0.6749,Yes,Medium,No,Month-to-month,Fiber optic,Bank transfer (automatic),22,89.75
5294-CDGWY,0.1936,No,Low,Yes,One year,DSL,Electronic check,51,59.3
7956-XQWGU,0.1547,No,Low,No,Month-to-month,No,Credit card (automatic),27,19.4
1591-MQJTP,0.2853,No,Low,No,One year,Fiber optic,Bank transfer (automatic),51,93.65
5295-PCJOO,0.6249,Yes,Medium,Yes,Month-to-month,DSL,Electronic check,4,49.4
2369-FEVNO,0.6224,Yes,Medium,No,Month-to-month,No,Mailed check,1,19.9
9863-JZAIC,0.2518,No,Low,Yes,Month-to-month,DSL,Mailed check,35,55.0
7471-MQPOS,0.2063,No,Low,No,One year,DSL,Bank transfer (automatic),71,72.9
7660-HDPJV,0.905,Yes,High,Yes,Month-to-month,Fiber optic,Electronic check,1,69.2
5115-SQAAU,0.0164,No,Low,No,Two year,No,Bank transfer (automatic),69,25.6
9845-QOMAD,0.0635,No,Low,No,One year,No,Mailed check,14,19.75
7672-VFMXZ,0.2729,No,Low,No,Month-to-month,DSL,Electronic check,57,55.7
9739-JLPQJ,0.0906,No,Low,No,Two year,Fiber optic,Credit card (automatic),72,117.5
9916-AYHTC,0.0246,No,Low,No,Two year,No,Credit card (automatic),48,19.85
3855-ONCAR,0.8403,Yes,High,No,Month-to-month,Fiber optic,Mailed check,4,78.9
1488-SYSFC,0.1248,No,Low,No,Month-to-month,No,Electronic check,31,20.65
7931-PXHFC,0.2373,No,Low,Yes,One year,DSL,Mailed check,38,62.3
3990-QYKBE,0.73,Yes,High,Yes,Month-to-month,Fiber optic,Electronic check,37,92.5
0970-QXPXW,0.5529,Yes,Medium,No,Month-to-month,No,Mailed check,1,19.65
3259-KNMRR,0.1226,No,Low,No,Two year,DSL,Bank transfer (automatic),57,79.75
6120-RJKLU,0.1056,No,Low,No,Two year,DSL,Credit card (automatic),62,79.95
9572-WUKSB,0.669,Yes,Medium,No,Month-to-month,DSL,Electronic check,3,29.9
5893-KCLGT,0.0228,No,Low,No,Two year,No,Mailed check,72,19.75
0076-LVEPS,0.3107,No,Low,No,Month-to-month,DSL,Mailed check,29,45.0
3640-JQGJG,0.3785,No,Low,No,Month-to-month,DSL,Bank transfer (automatic),13,44.8
4919-MOAVT,0.7568,Yes,High,Yes,Month-to-month,Fiber optic,Electronic check,3,69.65
1596-OQSPS,0.4577,No,Medium,No,Month-to-month,DSL,Electronic check,11,51.1
9867-XOBQA,0.1056,No,Low,No,Two year,DSL,Mailed check,21,53.15
9546-KDTRB,0.1847,No,Low,No,Month-to-month,No,Bank transfer (automatic),19,24.7
3090-HAWSU,0.2671,No,Low,Yes,Two year,Fiber optic,Credit card (automatic),61,111.6
9820-RMCQV,0.4768,No,Medium,Yes,Month-to-month,DSL,Credit card (automatic),11,48.55
3174-RKMOW,0.6144,Yes,Medium,No,Month-to-month,Fiber optic,Electronic check,35,109.95
1760-CAZHT,0.1042,No,Low,No,Month-to-month,No,Mailed check,25,20.8
7839-QRKXN,0.5827,Yes,Medium,Yes,Month-to-month,No,Mailed check,1,20.2
8441-SHIPE,0.0453,No,Low,No,Two year,No,Bank transfer (automatic),67,25.6
5204-QZXPU,0.5381,Yes,Medium,Yes,Month-to-month,DSL,Electronic check,19,39.65
4597-ELFTS,0.0606,No,Low,Yes,One year,No,Electronic check,56,24.9
1320-GVNHT,0.1753,No,Low,No,Two year,Fiber optic,Credit card (automatic),72,108.4
1047-RNXZV,0.0191,No,Low,No,Two year,No,Mailed check,43,19.55
3541-ZNUHK,0.4299,No,Medium,No,Month-to-month,Fiber optic,Electronic check,55,85.1
8450-JOVAH,0.6025,Yes,Medium,Yes,Month-to-month,DSL,Mailed check,2,56.7
8725-JEDFD,0.5021,Yes,Medium,No,Month-to-month,Fiber optic,Mailed check,27,69.05
7562-UXTPG,0.6714,Yes,Medium,No,Month-to-month,Fiber optic,Mailed check,13,70.15
8071-SBTRN,0.1916,No,Low,No,Two year,Fiber optic,Mailed check,70,111.15
1113-IUJYX,0.453,No,Medium,Yes,One year,Fiber optic,Mailed check,14,105.95
6668-CNMFP,0.3929,No,Low,No,One year,Fiber optic,Bank transfer (automatic),19,89.35
5626-MGTUK,0.6448,Yes,Medium,No,Month-to-month,Fiber optic,Bank transfer (automatic),20,89.1
5681-LLOEI,0.2621,No,Low,No,One year,Fiber optic,Credit card (automatic),43,91.25
8212-DJRCH,0.6932,Yes,Medium,No,Month-to-month,Fiber optic,Mailed check,5,90.35
4323-OHFOW,0.3583,No,Low,No,One year,Fiber optic,Bank transfer (automatic),70,105.55
4933-BSAIP,0.024,No,Low,No,Two year,No,Mailed check,40,19.1
2030-BTZRO,0.0912,No,Low,No,Two year,No,Credit card (automatic),6,20.4
1116-DXXDF,0.3321,No,Low,No,Two year,Fiber optic,Electronic check,39,100.45
9274-CNFMO,0.8391,Yes,High,Yes,Month-to-month,Fiber optic,Electronic check,4,74.95
7758-XKCBS,0.5006,Yes,Medium,Yes,Month-to-month,DSL,Electronic check,15,29.7
8992-JQYUN,0.8001,Yes,High,Yes,Month-to-month,DSL,Electronic check,1,50.35
6563-VNPMN,0.4175,No,Medium,No,Month-to-month,Fiber optic,Bank transfer (automatic),45,85.7
0617-AQNWT,0.0739,No,Low,Yes,Two year,DSL,Electronic check,64,47.85
2267-WTPYD,0.4853,No,Medium,No,Month-to-month,Fiber optic,Credit card (automatic),57,94.0
0270-THENM,0.0427,No,Low,No,Two year,DSL,Bank transfer (automatic),72,69.85
2446-PLQVO,0.8898,Yes,High,Yes,Month-to-month,Fiber optic,Electronic check,1,70.3
4707-MAXGU,0.0202,No,Low,No,Two year,No,Credit card (automatic),72,25.85
2710-WYVXG,0.2287,No,Low,No,Two year,DSL,Mailed check,3,71.1
3005-NFMTA,0.4869,No,Medium,Yes,Month-to-month,Fiber optic,Electronic check,55,98.8
6300-BWMJX,0.4504,No,Medium,No,Month-to-month,Fiber optic,Electronic check,59,93.35
8784-CGILN,0.6385,Yes,Medium,Yes,Month-to-month,Fiber optic,Bank transfer (automatic),18,99.85
5389-FFVKB,0.6186,Yes,Medium,Yes,Month-to-month,Fiber optic,Credit card (automatic),32,80.3
7009-LGECI,0.5486,Yes,Medium,No,Month-to-month,DSL,Bank transfer (automatic),4,50.55
8444-WRIDW,0.3832,No,Low,Yes,Month-to-month,Fiber optic,Credit card (automatic),66,80.45
5022-KVDQT,0.6983,Yes,Medium,No,Month-to-month,Fiber optic,Electronic check,27,81.3
7976-CICYS,0.2522,No,Low,No,Month-to-month,No,Credit card (automatic),4,20.7
1036-GUDCL,0.2026,No,Low,No,Month-to-month,DSL,Credit card (automatic),60,79.05
2005-DWQZJ,0.0829,No,Low,No,Two year,No,Mailed check,8,19.05
8148-WOCMK,0.1017,No,Low,No,Two year,No,Credit card (automatic),8,19.6
7815-PDTHL,0.0235,No,Low,No,Two year,No,Mailed check,35,20.2
9451-LPGOO,0.8676,Yes,High,Yes,Month-to-month,Fiber optic,Electronic check,7,86.8
9173-IVZVP,0.0206,No,Low,No,Two year,No,Mailed check,53,20.9
9129-UXERG,0.6973,Yes,Medium,No,Month-to-month,Fiber optic,Credit card (automatic),18,103.6
3635-JBPSG,0.3195,No,Low,No,Two year,DSL,Mailed check,15,38.8
7964-ZRKKG,0.2893,No,Low,No,One year,Fiber optic,Bank transfer (automatic),67,88.4
5868-YWPDW,0.8383,Yes,High,Yes,Month-to-month,Fiber optic,Electronic check,6,84.2
6229-LSCKB,0.874,Yes,High,No,Month-to-month,Fiber optic,Electronic check,6,79.7
2025-JKFWI,0.725,Yes,High,Yes,Month-to-month,Fiber optic,Mailed check,13,99.0
4078-SAYYN,0.8999,Yes,High,Yes,Month-to-month,Fiber optic,Electronic check,11,100.75
1724-IQWNM,0.5029,Yes,Medium,No,Month-to-month,No,Mailed check,1,19.3
8217-QYOHV,0.5528,Yes,Medium,No,Month-to-month,DSL,Mailed check,5,55.75
5546-QUERU,0.0636,No,Low,No,One year,No,Mailed check,13,19.95
9940-HPQPG,0.6786,Yes,Medium,Yes,Month-to-month,Fiber optic,Bank transfer (automatic),9,91.75
6897-UUBNU,0.5011,Yes,Medium,No,Month-to-month,Fiber optic,Mailed check,29,89.65
6127-IYJOZ,0.7757,Yes,High,No,Month-to-month,DSL,Mailed check,1,45.85
6618-RYATB,0.8885,Yes,High,Yes,Month-to-month,Fiber optic,Mailed check,1,79.55
8930-XOTDP,0.337,No,Low,No,Month-to-month,DSL,Mailed check,18,55.95
5916-QEWPT,0.6546,Yes,Medium,No,Month-to-month,DSL,Credit card (automatic),2,69.0
5060-TQUQN,0.5041,Yes,Medium,No,Month-to-month,Fiber optic,Bank transfer (automatic),30,83.55
0531-XBKMM,0.0526,No,Low,No,Two year,DSL,Bank transfer (automatic),66,65.7
8465-SBRXP,0.2789,No,Low,No,Two year,Fiber optic,Bank transfer (automatic),38,94.9
2408-PSJVE,0.2412,No,Low,No,Month-to-month,DSL,Mailed check,44,61.9
9079-YEXQJ,0.4613,No,Medium,Yes,Month-to-month,Fiber optic,Electronic check,54,111.1
9700-ZCLOT,0.4263,No,Medium,No,Month-to-month,No,Mailed check,2,20.0
8738-JOKAR,0.2765,No,Low,No,One year,DSL,Mailed check,42,67.7
4534-WGCIR,0.0126,No,Low,No,Two year,No,Credit card (automatic),58,25.15
1930-WNXSB,0.5656,Yes,Medium,No,Month-to-month,Fiber optic,Electronic check,58,92.85
2685-SREOM,0.7418,Yes,High,Yes,Month-to-month,Fiber optic,Electronic check,25,89.1
3508-CFVZL,0.1054,No,Low,No,Two year,Fiber optic,Mailed check,71,111.3
0402-CQAJN,0.6536,Yes,Medium,Yes,Month-to-month,Fiber optic,Bank transfer (automatic),37,101.9
6692-UDPJC,0.7201,Yes,High,Yes,Month-to-month,Fiber optic,Electronic check,14,91.65
1273-MTETI,0.9025,Yes,High,Yes,Month-to-month,Fiber optic,Electronic check,4,88.85
0657-DOGUM,0.2135,No,Low,No,One year,DSL,Bank transfer (automatic),48,60.6
5480-HPRRX,0.7419,Yes,High,Yes,Month-to-month,DSL,Electronic check,3,25.3
8792-AOROI,0.2006,No,Low,No,Two year,DSL,Mailed check,8,65.5
0295-PPHDO,0.9452,Yes,High,Yes,Month-to-month,Fiber optic,Electronic check,1,95.45
5146-YYFRZ,0.032,No,Low,No,Two year,No,Bank transfer (automatic),67,19.95
1195-OIYEJ,0.7974,Yes,High,Yes,Month-to-month,Fiber optic,Electronic check,13,91.1
5906-CVLHP,0.1454,No,Low,Yes,One year,DSL,Credit card (automatic),45,54.15
3452-SRFEG,0.4541,No,Medium,No,Month-to-month,Fiber optic,Bank transfer (automatic),49,74.6
4070-OKWVH,0.506,Yes,Medium,No,Month-to-month,Fiber optic,Bank transfer (automatic),52,94.6
5297-MDOIR,0.1396,No,Low,No,One year,Fiber optic,Credit card (automatic),63,81.15
6369-MCAKO,0.0309,No,Low,No,Two year,DSL,Bank transfer (automatic),68,89.05
4926-UMJZD,0.2571,No,Low,No,Month-to-month,DSL,Mailed check,31,49.2
6848-HJTXY,0.025,No,Low,No,Two year,No,Credit card (automatic),64,19.45
6341-AEVKX,0.4038,No,Medium,No,One year,Fiber optic,Electronic check,62,104.3
4501-EQDRN,0.8973,Yes,High,Yes,Month-to-month,Fiber optic,Bank transfer (automatic),1,69.7
2990-HWIML,0.8821,Yes,High,Yes,Month-to-month,Fiber optic,Electronic check,6,89.5
0682-USIXD,0.6392,Yes,Medium,No,Month-to-month,Fiber optic,Electronic check,21,86.05
6976-BWGLQ,0.0049,No,Low,No,Two year,No,Bank transfer (automatic),72,25.2
7078-NVFAM,0.4215,No,Medium,No,Month-to-month,DSL,Electronic check,32,35.15
8065-QBYTO,0.2485,No,Low,No,One year,Fiber optic,Credit card (automatic),71,99.65
2133-TSRRM,0.5954,Yes,Medium,No,Month-to-month,Fiber optic,Bank transfer (automatic),34,105.35
7384-GHBPI,0.7903,Yes,High,Yes,Month-to-month,DSL,Electronic check,3,35.15
7603-USHJS,0.7573,Yes,High,Yes,Month-to-month,Fiber optic,Credit card (automatic),12,73.75
7234-FECYN,0.8588,Yes,High,Yes,Month-to-month,Fiber optic,Electronic check,8,101.35
2511-ALLCS,0.0569,No,Low,No,Two year,No,Bank transfer (automatic),35,24.3
3191-CSNMG,0.8775,Yes,High,No,Month-to-month,Fiber optic,Electronic check,3,80.7
7952-OBOYL,0.7751,Yes,High,No,Month-to-month,Fiber optic,Mailed check,3,89.85
7470-DYNOE,0.2366,No,Low,No,One year,DSL,Electronic check,53,61.1
7853-OETYL,0.6935,Yes,Medium,No,Month-to-month,DSL,Electronic check,4,29.05
1545-ACTAS,0.3844,No,Low,No,One year,Fiber optic,Bank transfer (automatic),48,99.7
5876-HZVZM,0.3876,No,Low,Yes,Month-to-month,DSL,Credit card (automatic),6,55.9
1400-MMYXY,0.9073,Yes,High,Yes,Month-to-month,Fiber optic,Electronic check,3,105.9
5126-RCXYW,0.0919,No,Low,No,Two year,DSL,Credit card (automatic),54,46.0
3085-QUOZK,0.7051,Yes,High,Yes,Month-to-month,DSL,Mailed check,1,43.95
2363-BJLSL,0.2253,No,Low,No,Month-to-month,DSL,Bank transfer (automatic),62,80.4
1956-YIFGE,0.4902,No,Medium,No,One year,Fiber optic,Mailed check,22,100.05
3926-CUQZX,0.7538,Yes,High,Yes,Month-to-month,DSL,Bank transfer (automatic),1,45.1
7921-LMDFQ,0.4113,No,Medium,No,One year,Fiber optic,Bank transfer (automatic),51,94.0
2925-MXLSX,0.2241,No,Low,No,One year,DSL,Credit card (automatic),30,68.95
5820-PTRYM,0.1026,No,Low,No,One year,DSL,Credit card (automatic),56,68.45
9609-BENEA,0.2617,No,Low,No,One year,DSL,Electronic check,35,69.0
6211-WHMYA,0.3899,No,Low,No,Month-to-month,DSL,Electronic check,64,43.85
4459-BBGHE,0.4922,No,Medium,No,Month-to-month,DSL,Electronic check,30,44.5
9945-PSVIP,0.0552,No,Low,No,Two year,No,Mailed check,25,18.7
1041-RXHRA,0.5115,Yes,Medium,Yes,Month-to-month,Fiber optic,Bank transfer (automatic),41,70.25
1750-CSKKM,0.5031,Yes,Medium,Yes,Month-to-month,DSL,Electronic check,9,55.35
9108-EJFJP,0.6229,Yes,Medium,No,Month-to-month,DSL,Mailed check,1,53.55
0530-IJVDB,0.1602,No,Low,No,Two year,Fiber optic,Electronic check,70,114.6
0508-SQWPL,0.0373,No,Low,No,Two year,No,Bank transfer (automatic),57,20.1
2215-ZAFGX,0.8669,Yes,High,No,Month-to-month,Fiber optic,Electronic check,9,85.5
8213-TAZPM,0.3225,No,Low,No,One year,Fiber optic,Bank transfer (automatic),69,108.75
7142-HVGBG,0.7773,Yes,High,Yes,Month-to-month,Fiber optic,Electronic check,43,103.0
1304-SEGFY,0.2419,No,Low,No,Two year,Fiber optic,Electronic check,72,97.85
7242-EDTYC,0.0362,No,Low,No,Two year,No,Bank transfer (automatic),44,19.55
2904-GGUAZ,0.1176,No,Low,No,Two year,Fiber optic,Bank transfer (automatic),72,84.05
8267-ZNYVZ,0.4491,No,Medium,Yes,One year,Fiber optic,Electronic check,33,103.75
5136-GFPMB,0.4363,No,Medium,No,Month-to-month,Fiber optic,Credit card (automatic),54,89.4
2595-KIWPV,0.0327,No,Low,No,Two year,No,Credit card (automatic),27,19.7
5243-SAOTC,0.4486,No,Medium,No,Month-to-month,Fiber optic,Bank transfer (automatic),54,79.85
9398-MMQTO,0.7537,Yes,High,No,Month-to-month,Fiber optic,Credit card (automatic),3,74.45
7619-PLRLP,0.1546,No,Low,No,One year,DSL,Bank transfer (automatic),53,74.1
6457-GIRWB,0.9097,Yes,High,Yes,Month-to-month,Fiber optic,Electronic check,1,69.35
6508-NJYRO,0.0599,No,Low,No,One year,No,Mailed check,15,18.8
1450-SKCVI,0.4465,No,Medium,Yes,Month-to-month,Fiber optic,Electronic check,56,73.85
4710-NKCAW,0.4437,No,Medium,No,Month-to-month,DSL,Credit card (automatic),5,64.4
5306-BVTKJ,0.2348,No,Low,No,One year,DSL,Credit card (automatic),48,55.8
0357-NVCRI,0.1313,No,Low,No,Month-to-month,No,Credit card (automatic),25,20.05
5570-PTWEH,0.8503,Yes,High,Yes,Month-to-month,Fiber optic,Credit card (automatic),3,75.15
2371-KFUOG,0.3304,No,Low,No,One year,Fiber optic,Bank transfer (automatic),58,99.15
0463-ZSDNT,0.5295,Yes,Medium,No,Month-to-month,DSL,Bank transfer (automatic),10,56.75
6502-MJQAE,0.9213,Yes,High,Yes,Month-to-month,Fiber optic,Electronic check,1,69.6
6257-DTAYD,0.2086,No,Low,No,Two year,Fiber optic,Credit card (automatic),71,104.15
4616-ULAOA,0.2061,No,Low,No,Two year,Fiber optic,Credit card (automatic),65,110.8
7693-LCKZL,0.8405,Yes,High,Yes,Month-to-month,Fiber optic,Electronic check,5,80.15
7746-AWNQW,0.3132,No,Low,No,Month-to-month,DSL,Mailed check,28,35.75
5996-EBTKM,0.0979,No,Low,No,Two year,DSL,Bank transfer (automatic),67,69.9
2758-RNWXS,0.367,No,Low,No,One year,Fiber optic,Electronic check,35,89.2
2314-TNDJQ,0.0485,No,Low,No,Two year,DSL,Credit card (automatic),72,55.65
2405-LBMUW,0.0967,No,Low,No,One year,DSL,Bank transfer (automatic),61,50.7
3454-JFUBC,0.0238,No,Low,No,Two year,No,Credit card (automatic),68,20.0
0032-PGELS,0.5874,Yes,Medium,Yes,Month-to-month,DSL,Bank transfer (automatic),1,30.5
9039-ZVJDC,0.263,No,Low,No,Month-to-month,No,Mailed check,3,19.1
6797-LNAQX,0.234,No,Low,Yes,Two year,Fiber optic,Bank transfer (automatic),70,98.3
9013-AQORL,0.4047,No,Medium,No,Month-to-month,DSL,Credit card (automatic),48,45.55
2898-MRKPI,0.376,No,Low,No,One year,Fiber optic,Credit card (automatic),68,101.05
2750-BJLSB,0.4886,No,Medium,No,One year,Fiber optic,Electronic check,47,103.7
3648-GZPHF,0.1865,No,Low,No,One year,DSL,Mailed check,32,36.25
2075-RMJIK,0.5257,Yes,Medium,No,Month-to-month,DSL,Mailed check,5,49.4
9588-YRFHY,0.0421,No,Low,No,Two year,No,Credit card (automatic),49,19.9
6394-MFYNG,0.6471,Yes,Medium,Yes,Month-to-month,Fiber optic,Bank transfer (automatic),48,107.4
1564-NTYXF,0.8333,Yes,High,Yes,Month-to-month,Fiber optic,Electronic check,13,82.0
9364-YKUVW,0.2338,No,Low,No,Month-to-month,No,Mailed check,15,19.8
5392-AKEMH,0.6208,Yes,Medium,No,Month-to-month,DSL,Electronic check,12,45.05
2451-YMUXS,0.0605,No,Low,No,Two year,DSL,Bank transfer (automatic),67,64.55
3914-FDRHP,0.7706,Yes,High,No,Month-to-month,Fiber optic,Electronic check,9,86.25
3078-ZKNTS,0.0543,No,Low,No,Two year,No,Bank transfer (automatic),13,19.75
1024-KPRBB,0.4549,No,Medium,No,One year,Fiber optic,Mailed check,38,89.1
4690-PKDQG,0.6805,Yes,Medium,No,Month-to-month,Fiber optic,Electronic check,42,95.55
8155-IBNHG,0.5781,Yes,Medium,Yes,Month-to-month,Fiber optic,Credit card (automatic),24,75.4
0886-QGENL,0.6573,Yes,Medium,Yes,Month-to-month,Fiber optic,Electronic check,27,101.25
9547-ITEFG,0.8463,Yes,High,No,Month-to-month,Fiber optic,Credit card (automatic),9,102.6
1264-FUHCX,0.2759,No,Low,No,One year,DSL,Credit card (automatic),49,56.3
7789-CRUVC,0.3002,No,Low,No,Month-to-month,Fiber optic,Credit card (automatic),61,94.2
6598-KELSS,0.1725,No,Low,No,One year,DSL,Bank transfer (automatic),50,43.05
8739-WWKDU,0.7755,Yes,High,Yes,Month-to-month,Fiber optic,Electronic check,25,89.5
8685-WHQPW,0.6108,Yes,Medium,Yes,Month-to-month,Fiber optic,Bank transfer (automatic),22,74.4
4745-LSPLO,0.5149,Yes,Medium,Yes,Month-to-month,No,Mailed check,1,20.5
8083-YTZES,0.8023,Yes,High,Yes,Month-to-month,Fiber optic,Electronic check,4,74.35
7240-FQLHE,0.6801,Yes,Medium,Yes,Month-to-month,Fiber optic,Bank transfer (automatic),18,99.75
6664-FPDAC,0.4604,No,Medium,Yes,One year,Fiber optic,Electronic check,56,111.95
9972-VAFJJ,0.2803,No,Low,No,One year,Fiber optic,Electronic check,53,94.0
0422-UXFAP,0.4284,No,Medium,No,One year,Fiber optic,Electronic check,51,98.85
1904-WAJAA,0.1398,No,Low,No,Two year,DSL,Electronic check,24,64.35
5130-YPIRV,0.0765,No,Low,No,Two year,DSL,Credit card (automatic),62,72.0
2843-CQMEG,0.2945,No,Low,No,Month-to-month,DSL,Mailed check,24,49.7
6439-PKTRR,0.073,No,Low,No,Two year,DSL,Electronic check,70,80.7
5351-QESIO,0.7491,Yes,High,No,Month-to-month,DSL,Mailed check,1,24.2
0786-VSSUD,0.46,No,Medium,Yes,Month-to-month,DSL,Mailed check,16,39.0
5568-DMXZS,0.4398,No,Medium,No,Month-to-month,DSL,Electronic check,8,65.45
8468-FZTOE,0.0743,No,Low,No,Two year,DSL,Electronic check,72,74.35
6633-SYEUS,0.5027,Yes,Medium,No,Month-to-month,Fiber optic,Bank transfer (automatic),23,83.2
6447-GORXK,0.4217,No,Medium,No,Month-to-month,DSL,Credit card (automatic),31,25.0
6967-PEJLL,0.1676,No,Low,No,One year,DSL,Electronic check,37,40.2
3976-BWUCK,0.5398,Yes,Medium,Yes,Month-to-month,Fiber optic,Credit card (automatic),30,94.1
5981-ZVXOT,0.4531,No,Medium,No,One year,Fiber optic,Electronic check,35,108.35
1684-FLBGS,0.315,No,Low,No,Month-to-month,DSL,Credit card (automatic),23,69.5
1389-WNUIB,0.2673,No,Low,No,One year,DSL,Bank transfer (automatic),20,76.0
0376-OIWME,0.5737,Yes,Medium,No,Month-to-month,Fiber optic,Electronic check,36,93.6
3585-ISXZP,0.8626,Yes,High,Yes,Month-to-month,Fiber optic,Bank transfer (automatic),8,95.65
0218-QNVAS,0.3499,No,Low,No,One year,Fiber optic,Bank transfer (automatic),71,100.55
6583-QGCSI,0.6264,Yes,Medium,Yes,Month-to-month,Fiber optic,Electronic check,50,88.05
0804-YGEQV,0.0656,No,Low,No,One year,No,Bank transfer (automatic),43,24.45
7164-BPTUT,0.0342,No,Low,No,Two year,DSL,Mailed check,57,89.55
4174-LPGTI,0.2236,No,Low,Yes,One year,DSL,Bank transfer (automatic),41,66.5
2523-EWWZL,0.6962,Yes,Medium,No,Month-to-month,Fiber optic,Electronic check,27,76.1
0928-XUTSN,0.7884,Yes,High,No,Month-to-month,Fiber optic,Electronic check,13,80.5
2108-XWMPY,0.6177,Yes,Medium,Yes,Month-to-month,DSL,Mailed check,3,35.45
0052-YNYOT,0.0874,No,Low,No,One year,No,Electronic check,67,20.55
6304-IJFSQ,0.6633,Yes,Medium,Yes,Month-to-month,DSL,Mailed check,3,49.9
9586-JGQKH,0.2803,No,Low,No,Two year,Fiber optic,Bank transfer (automatic),64,105.4
4501-VCPFK,0.3911,No,Low,No,Month-to-month,DSL,Electronic check,26,35.75
6075-SLNIL,0.6151,Yes,Medium,No,Month-to-month,Fiber optic,Credit card (automatic),38,95.1
9347-AERRL,0.034,No,Low,No,One year,No,Credit card (automatic),23,19.3
0093-XWZFY,0.6595,Yes,Medium,Yes,Month-to-month,Fiber optic,Credit card (automatic),40,104.5
2274-XUATA,0.0463,No,Low,No,Two year,DSL,Bank transfer (automatic),72,63.1
1980-KXVPM,0.8691,Yes,High,Yes,Month-to-month,Fiber optic,Credit card (automatic),3,75.05
7703-ZEKEF,0.7399,Yes,High,Yes,Month-to-month,Fiber optic,Electronic check,23,81.0
0723-DRCLG,0.9225,Yes,High,Yes,Month-to-month,Fiber optic,Electronic check,1,74.45
5482-NUPNA,0.4217,No,Medium,Yes,Month-to-month,DSL,Mailed check,4,60.4
6691-CCIHA,0.0995,No,Low,No,Two year,DSL,Electronic check,62,84.95
1685-BQULA,0.5904,Yes,Medium,No,Month-to-month,Fiber optic,Bank transfer (automatic),40,93.4
9053-EJUNL,0.654,Yes,Medium,No,Month-to-month,Fiber optic,Electronic check,41,89.2
0666-UXTJO,0.5841,Yes,Medium,No,Month-to-month,Fiber optic,Credit card (automatic),34,85.2
1471-GIQKQ,0.6839,Yes,Medium,No,Month-to-month,DSL,Electronic check,1,49.95
4807-IZYOZ,0.0499,No,Low,No,Two year,No,Bank transfer (automatic),51,20.65
1122-JWTJW,0.8343,Yes,High,Yes,Month-to-month,Fiber optic,Mailed check,1,70.65
9710-NJERN,0.0144,No,Low,No,Two year,No,Mailed check,39,20.15
9837-FWLCH,0.2971,No,Low,No,Month-to-month,No,Electronic check,12,19.2
1699-HPSBG,0.3456,No,Low,Yes,One year,DSL,Electronic check,12,59.8
7203-OYKCT,0.4504,No,Medium,No,One year,Fiber optic,Electronic check,72,104.95
1035-IPQPU,0.6548,Yes,Medium,No,Month-to-month,Fiber optic,Electronic check,63,103.5
7398-LXGYX,0.4199,No,Medium,No,Month-to-month,Fiber optic,Credit card (automatic),44,84.8
2823-LKABH,0.6513,Yes,Medium,No,Month-to-month,Fiber optic,Bank transfer (automatic),18,95.05
8775-CEBBJ,0.4967,No,Medium,Yes,Month-to-month,DSL,Bank transfer (automatic),9,44.2
0550-DCXLH,0.3535,No,Low,No,Month-to-month,DSL,Mailed check,13,73.35
9281-CEDRU,0.0679,No,Low,No,Two year,DSL,Bank transfer (automatic),68,64.1
2235-DWLJU,0.7515,Yes,High,No,Month-to-month,DSL,Electronic check,6,44.4
0871-OPBXW,0.439,No,Medium,No,Month-to-month,No,Mailed check,2,20.05
3605-JISKB,0.1615,No,Low,No,One year,DSL,Credit card (automatic),55,60.0
6894-LFHLY,0.9368,Yes,High,Yes,Month-to-month,Fiber optic,Electronic check,1,75.75
9767-FFLEM,0.5447,Yes,Medium,No,Month-to-month,Fiber optic,Credit card (automatic),38,69.5
0639-TSIQW,0.3384,No,Low,Yes,Month-to-month,Fiber optic,Credit card (automatic),67,102.95
8456-QDAVC,0.6276,Yes,Medium,No,Month-to-month,Fiber optic,Bank transfer (automatic),19,78.7
7750-EYXWZ,0.3534,No,Low,No,One year,DSL,Electronic check,12,60.65
2569-WGERO,0.0227,No,Low,No,Two year,No,Bank transfer (automatic),72,21.15
6840-RESVB,0.2691,No,Low,No,One year,DSL,Mailed check,24,84.8
2234-XADUH,0.381,No,Low,No,One year,Fiber optic,Credit card (automatic),72,103.2
4801-JZAZL,0.563,Yes,Medium,No,Month-to-month,DSL,Electronic check,11,29.6
8361-LTMKD,0.844,Yes,High,Yes,Month-to-month,Fiber optic,Mailed check,4,74.4
3186-AJIEK,0.2253,No,Low,No,Two year,Fiber optic,Bank transfer (automatic),66,105.65
